,flightLegs-arrivalInformation-airport-code,flightLegs-departureInformation-airport-code,_id
1734,TRD,BGO,466
305,BCN,AMS,463
465,CDG,AMS,430
146,AMS,MAD,401
411,BOO,TRD,387
327,BER,AMS,380
425,BRS,AMS,375
355,BGO,TRD,372
359,BHX,AMS,371
243,ATH,AMS,370
136,AMS,LHR,363
387,BLL,AMS,359
439,BUD,AMS,358
339,BGO,AMS,348
419,BRE,AMS,343
399,BOD,AMS,343
99,AMS,DUB,342
373,BIO,AMS,342
427,BRU,AMS,340
375,BIO,MAD,338
94,AMS,CPH,335
390,BLQ,AMS,335
314,BEG,AMS,332
343,BGO,CPH,324
90,AMS,CDG,322
63,AMS,AGP,321
109,AMS,FRA,319
30,AGP,AMS,317
310,BCN,PMI,316
408,BOO,OSL,315
154,AMS,MUC,315
367,BIA,MRS,314
368,BIA,NCE,313
323,BEG,TGD,313
148,AMS,MAN,312
348,BGO,KRS,312
338,BGO,AES,311
524,CDG,LHR,310
349,BGO,KSU,310
354,BGO,TOS,309
324,BEG,TIA,308
321,BEG,SKP,308
211,AMS,ZRH,307
347,BGO,HAU,306
353,BGO,SVG,306
138,AMS,LIS,305
403,BOD,LYS,304
381,BIQ,LYS,303
332,BES,LYS,302
167,AMS,OSL,298
208,AMS,WAW,287
101,AMS,EDI,283
172,AMS,PMI,282
204,AMS,VIE,280
420,BRI,AMS,278
175,AMS,PRG,276
145,AMS,LYS,273
352,BGO,OSL,270
322,BEG,SOF,269
70,AMS,BCN,269
117,AMS,GVA,268
65,AMS,ALC,267
1027,LHR,AMS,267
357,BHD,AMS,264
52,ALC,AMS,264
157,AMS,NCE,264
205,AMS,VLC,264
320,BEG,SKG,263
134,AMS,LCY,263
123,AMS,IBZ,263
107,AMS,FLR,258
131,AMS,KRK,258
164,AMS,OPO,257
10,ABZ,AMS,256
194,AMS,SVG,255
119,AMS,HAM,254
193,AMS,STR,254
114,AMS,GOT,254
120,AMS,HEL,253
140,AMS,LPA,253
100,AMS,DUS,253
59,AMS,ABZ,252
121,AMS,HER,251
160,AMS,NUE,249
158,AMS,NCL,249
191,AMS,SPU,247
105,AMS,FAO,247
112,AMS,GLA,246
0,AAL,AMS,244
708,DUB,AMS,244
111,AMS,GDN,243
203,AMS,VCE,243
543,CDG,NCE,240
161,AMS,NWI,239
58,AMS,AAL,238
179,AMS,RHO,235
638,CPH,AMS,235
200,AMS,TLS,235
159,AMS,NTE,234
201,AMS,TRD,234
534,CDG,MAD,234
153,AMS,MRS,233
118,AMS,HAJ,233
212,AMS,ZTH,232
180,AMS,RIX,232
133,AMS,LBA,232
189,AMS,SOU,232
97,AMS,CWL,231
144,AMS,LUX,230
122,AMS,HUY,230
125,AMS,INV,230
210,AMS,ZAG,230
1355,ORY,MAD,229
165,AMS,ORK,227
129,AMS,KGS,226
151,AMS,MME,226
202,AMS,TRN,224
156,AMS,NAP,224
113,AMS,GOA,224
132,AMS,KRS,224
764,FCO,CDG,224
95,AMS,CTA,223
1,AAL,CPH,223
804,FRA,AMS,222
244,ATH,CDG,222
22,AES,AMS,222
206,AMS,VNO,222
309,BCN,ORY,221
1143,MAD,ORY,221
306,BCN,CDG,220
61,AMS,AES,220
199,AMS,TLL,220
150,AMS,MLA,220
209,AMS,WRO,220
185,AMS,SKG,220
174,AMS,POZ,220
98,AMS,DBV,220
500,CDG,FCO,219
467,CDG,ATH,217
3,AAR,CPH,217
139,AMS,LJU,216
176,AMS,PSA,216
468,CDG,BCN,215
25,AES,OSL,215
163,AMS,OLB,214
48,AJA,MRS,213
49,AJA,NCE,213
1028,LHR,CDG,208
187,AMS,SMI,207
805,FRA,CDG,206
1129,MAD,AMS,205
503,CDG,FRA,203
137,AMS,LIN,198
490,CDG,CPH,196
540,CDG,MUC,196
217,ARN,AMS,195
641,CPH,CDG,194
91,AMS,CFU,193
178,AMS,PVK,191
68,AMS,ARN,191
75,AMS,BHD,190
782,FCO,ORY,188
709,DUB,CDG,187
717,EDI,AMS,186
539,CDG,MRS,185
494,CDG,DUB,185
582,CDG,VIE,184
536,CDG,MAN,181
135,AMS,LGW,181
525,CDG,LIN,180
72,AMS,BER,180
756,FCO,AMS,179
50,AJA,ORY,178
523,CDG,LGW,178
106,AMS,FCO,176
369,BIA,ORY,176
143,AMS,LTN,176
195,AMS,SVQ,174
480,CDG,BOD,173
69,AMS,ATH,172
85,AMS,BRS,170
577,CDG,TLS,169
551,CDG,OSL,168
400,BOD,CDG,168
329,BER,CDG,167
501,CDG,FLR,167
796,FLR,CDG,166
581,CDG,VCE,166
597,CDG,ZRH,165
319,BEG,SJJ,164
470,CDG,BER,164
586,CDG,WAW,164
325,BEG,TIV,164
513,CDG,HEL,163
33,AGP,ORY,163
76,AMS,BHX,162
1012,LCY,AMS,162
1352,ORY,LIS,162
552,CDG,OTP,160
1064,LIS,ORY,158
795,FLR,AMS,158
841,GOT,AMS,158
526,CDG,LIS,158
88,AMS,BUD,158
711,DUS,AMS,157
496,CDG,EDI,157
718,EDI,CDG,157
207,AMS,VRN,156
79,AMS,BLL,156
466,CDG,ARN,155
556,CDG,PRG,155
533,CDG,LYS,154
510,CDG,GVA,154
219,ARN,CDG,153
168,AMS,OTP,153
530,CDG,LTN,152
432,BSL,AMS,152
831,GLA,AMS,152
512,CDG,HAM,152
54,ALC,ORY,152
514,CDG,HER,152
541,CDG,MXP,151
554,CDG,PMI,149
477,CDG,BIQ,148
366,BIA,LYS,146
360,BHX,CDG,145
749,FAO,ORY,145
87,AMS,BSL,145
474,CDG,BHX,144
519,CDG,KEF,144
1735,TRD,BOO,144
462,CDG,AGP,144
379,BIQ,CDG,144
74,AMS,BGO,144
746,FAO,AMS,144
31,AGP,CDG,143
77,AMS,BIO,143
128,AMS,KEF,143
110,AMS,FUE,143
827,GDN,AMS,142
815,FSC,ORY,142
545,CDG,NTE,141
471,CDG,BES,140
26,AES,TRD,140
81,AMS,BOD,140
1254,NCE,CDG,139
83,AMS,BRE,139
483,CDG,BRU,139
86,AMS,BRU,138
331,BES,CDG,138
155,AMS,MXP,138
542,CDG,NAP,137
330,BER,ORY,136
673,CWL,AMS,136
667,CTA,FCO,136
1134,MAD,CDG,136
71,AMS,BEG,134
80,AMS,BLQ,133
341,BGO,BOO,132
766,FCO,CTA,132
406,BOO,BGO,132
1294,OPO,ORY,131
248,ATH,ORY,131
440,BUD,CDG,131
391,BLQ,CDG,131
1463,PMI,MAD,130
838,GOA,AMS,130
811,FSC,CDG,130
784,FCO,PMO,130
1362,ORY,NCE,129
569,CDG,SPU,129
515,CDG,IBZ,129
712,DUS,CDG,129
197,AMS,TFS,129
485,CDG,BUD,128
595,CDG,ZAG,128
479,CDG,BLQ,128
504,CDG,FSC,127
583,CDG,VLC,127
428,BRU,CDG,127
549,CDG,OPO,126
531,CDG,LUX,126
226,ARN,LLA,126
558,CDG,PUF,125
798,FLR,ORY,125
1261,NCE,ORY,125
507,CDG,GLA,125
482,CDG,BRS,125
495,CDG,DUS,124
635,CPH,AAL,124
426,BRS,CDG,124
665,CTA,AMS,123
668,CTA,LIN,123
492,CDG,DBV,123
1364,ORY,OPO,123
677,DBV,CDG,122
47,AJA,LYS,122
572,CDG,SVQ,122
844,GOT,CDG,122
832,GLA,CDG,121
491,CDG,CTA,121
476,CDG,BIO,121
1155,MAN,AMS,121
227,ARN,MMX,121
544,CDG,NCL,120
639,CPH,ARN,120
1231,MUC,AMS,120
469,CDG,BEG,120
511,CDG,HAJ,120
508,CDG,GOT,120
315,BEG,CDG,120
374,BIO,CDG,120
240,ARN,VBY,119
382,BIQ,ORY,119
1308,ORY,BCN,119
108,AMS,FNC,119
521,CDG,KRK,119
473,CDG,BGO,119
666,CTA,CDG,118
676,DBV,AMS,118
478,CDG,BLL,118
537,CDG,MLA,118
579,CDG,TRN,118
388,BLL,CDG,118
742,FAE,CPH,118
484,CDG,BSL,118
433,BSL,CDG,118
710,DUB,ORY,117
799,FNC,AMS,117
36,AHO,FCO,117
813,FSC,MRS,117
104,AMS,EXT,117
768,FCO,FLR,117
759,FCO,BDS,116
762,FCO,BRI,116
376,BIO,ORY,116
842,GOT,ARN,116
636,CPH,AAR,116
238,ARN,UME,115
422,BRI,FCO,115
650,CPH,SVG,115
23,AES,BGO,115
644,CPH,FAE,115
761,FCO,BLQ,114
781,FCO,NCE,114
797,FLR,FCO,114
392,BLQ,FCO,114
754,FCO,AHO,114
678,DBV,ORY,114
223,ARN,HEL,114
560,CDG,RIX,114
423,BRI,LIN,113
342,BGO,CDG,113
311,BDS,FCO,113
37,AHO,LIN,113
789,FCO,SUF,112
839,GOA,FCO,112
308,BCN,MAD,112
780,FCO,NAP,112
793,FCO,VCE,112
770,FCO,GOA,112
775,FCO,LIN,112
653,CPH,TRD,111
441,BUD,ORY,111
421,BRI,CDG,111
356,BGO,TRF,111
655,CPH,VNO,111
1656,SVG,BGO,111
791,FCO,TRN,110
312,BDS,LIN,110
235,ARN,TLL,110
481,CDG,BRI,110
620,CLJ,OTP,110
645,CPH,HEL,110
606,CFU,ORY,109
234,ARN,TKU,109
814,FSC,NCE,109
792,FCO,TRS,109
229,ARN,OSD,108
649,CPH,PLQ,108
651,CPH,TLL,108
546,CDG,NUE,108
647,CPH,KRS,107
570,CDG,STR,107
790,FCO,TIA,106
1061,LIS,AMS,106
1943,ZRH,AMS,104
84,AMS,BRI,103
603,CFU,AMS,101
232,ARN,SDL,101
1232,MUC,CDG,100
1407,OSL,AMS,100
1038,LIN,AMS,97
115,AMS,GRO,96
239,ARN,VAA,91
527,CDG,LJU,88
1196,MRS,CDG,88
802,FNC,ORY,87
337,BGO,ABZ,86
757,FCO,ATH,85
1786,VIE,CDG,85
1332,ORY,FCO,84
1042,LIN,CDG,84
548,CDG,OLB,84
1808,WAW,AMS,84
1785,VIE,AMS,83
1719,TLS,ORY,82
646,CPH,KEF,82
149,AMS,MJT,82
1156,MAN,CDG,81
1311,ORY,BIA,79
1394,ORY,TLS,79
1098,LYS,AMS,79
1023,LGW,AMS,79
550,CDG,ORK,78
192,AMS,STN,78
1475,PRG,AMS,78
1087,LTN,AMS,77
334,BFS,AMS,76
819,FUE,AMS,76
92,AMS,CHQ,76
1301,ORY,AJA,76
1457,PMI,AMS,76
1412,OSL,CDG,75
1024,LGW,CDG,75
245,ATH,FCO,75
614,CHQ,ORY,75
42,AJA,CDG,74
142,AMS,LPL,73
862,GVA,AMS,73
424,BRI,ORY,72
464,CDG,AJA,72
241,ARN,VNO,72
102,AMS,EFL,70
1715,TLS,CDG,70
738,EXT,AMS,66
1789,VLC,AMS,66
188,AMS,SOF,65
1062,LIS,CDG,64
1809,WAW,CDG,64
1775,VCE,CDG,63
1252,NCE,AMS,63
886,HEL,CDG,63
1299,ORY,AGP,62
1944,ZRH,CDG,62
919,IBZ,AMS,62
987,KRK,AMS,61
1464,PMI,ORY,61
568,CDG,SOF,60
1649,STR,AMS,58
669,CTA,ORY,58
1431,OTP,CDG,57
1263,NCL,AMS,57
1302,ORY,ALC,57
1427,OTP,AMS,57
1948,ZTH,AMS,56
884,HEL,AMS,56
1655,SVG,AMS,56
1369,ORY,PMI,56
555,CDG,PMO,55
1290,OPO,AMS,55
846,GRO,AMS,55
869,HAM,AMS,54
863,GVA,CDG,54
778,FCO,MLA,54
198,AMS,TIA,54
1476,PRG,CDG,53
1274,NUE,AMS,52
66,AMS,AMS,51
1088,LTN,CDG,51
1144,MAD,PMI,51
1494,PVK,AMS,50
1075,LPA,AMS,50
1147,MAD,VGO,49
924,IBZ,ORY,49
14,ACE,AMS,48
870,HAM,CDG,48
1236,MXP,CDG,48
1399,ORY,VLC,48
1011,LCG,MAD,47
1340,ORY,IBZ,47
1784,VGO,MAD,47
899,HER,CDG,47
1104,LYS,CDG,47
1630,SMI,AMS,47
1684,TFN,MAD,46
898,HER,AMS,45
1459,PMI,CDG,45
60,AMS,ACE,45
961,KEF,CDG,44
1278,NWI,AMS,44
1774,VCE,AMS,44
960,KEF,AMS,44
1331,ORY,FAO,43
1792,VLC,ORY,43
1740,TRD,OSL,43
1272,NTE,CDG,42
777,FCO,MAD,42
612,CHQ,AMS,42
1642,SPU,AMS,41
528,CDG,LPA,41
73,AMS,BFS,41
1335,ORY,FSC,41
1517,RHO,AMS,40
1339,ORY,HER,40
335,BFS,CDG,39
472,CDG,BFS,39
1138,MAD,LCG,38
1713,TLS,AMS,37
1245,NAP,CDG,37
902,HER,ORY,37
1639,SOU,AMS,37
1026,LGW,ORY,36
1426,OSL,TRD,36
923,IBZ,MAD,36
915,HUY,AMS,36
1235,MXP,AMS,36
867,HAJ,AMS,36
1137,MAD,IBZ,36
1467,PMO,FCO,36
1089,LUX,AMS,35
1931,ZAG,AMS,35
1685,TFS,AMS,35
11,ABZ,BGO,35
920,IBZ,CDG,35
821,FUE,ORY,35
654,CPH,TRF,34
1176,MJT,AMS,34
713,DUS,LIN,34
1732,TRD,AMS,34
1009,LBA,AMS,33
1363,ORY,OLB,33
1356,ORY,MAH,33
965,KGS,AMS,33
1271,NTE,AMS,32
1409,OSL,BGO,32
1194,MRS,AMS,32
1349,ORY,LGW,32
1030,LHR,LDY,32
758,FCO,BCN,32
1306,ORY,ATH,32
1288,OLB,ORY,32
930,INV,AMS,31
1361,ORY,NAP,31
1053,LIN,ORY,31
1790,VLC,CDG,31
1145,MAD,TFN,31
1368,ORY,PGF,30
1248,NAP,ORY,30
1643,SPU,CDG,30
1310,ORY,BER,30
1132,MAD,BIO,30
1296,ORK,AMS,30
1522,RIX,AMS,29
1153,MAH,ORY,29
1485,PUF,CDG,29
763,FCO,BRU,29
1291,OPO,CDG,28
218,ARN,BGO,28
1772,VBY,ARN,28
1140,MAD,LPA,28
1351,ORY,LIN,27
1090,LUX,CDG,27
1408,OSL,ARN,27
1071,LLA,ARN,27
1932,ZAG,CDG,27
1333,ORY,FLR,26
1357,ORY,MLA,26
1177,MLA,AMS,26
1449,PGF,ORY,26
1370,ORY,PMO,25
992,KRS,AMS,25
1728,TOS,OSL,25
1184,MME,AMS,25
1816,WRO,AMS,25
1470,PMO,ORY,25
1474,POZ,AMS,24
1185,MMX,ARN,24
1244,NAP,AMS,24
1077,LPA,MAD,24
1043,LIN,CTA,24
67,AMS,AOK,24
215,AOK,AMS,24
456,CAG,ORY,23
1360,ORY,MXP,23
1378,ORY,RHO,23
1747,TRN,CDG,23
1669,SVQ,CDG,22
488,CDG,CFU,22
1181,MLA,ORY,22
1458,PMI,BCN,22
429,BRU,FCO,22
1704,TLL,AMS,22
1711,TLN,ORY,22
868,HAJ,CDG,21
220,ARN,CPH,21
1746,TRN,AMS,21
1794,VNO,AMS,21
1486,PUF,ORY,21
340,BGO,ARN,21
1373,ORY,PUF,20
1313,ORY,BIQ,20
1325,ORY,DBV,20
1238,MXP,ORY,20
1658,SVG,CPH,20
604,CFU,CDG,20
1287,OLB,CDG,20
1264,NCL,CDG,20
1521,RHO,ORY,20
1032,LHR,ORY,20
1600,SKG,AMS,20
1040,LIN,BRI,19
640,CPH,BGO,19
1761,UME,ARN,19
1425,OSL,TOS,19
1466,PMO,CDG,19
1350,ORY,LHR,18
1312,ORY,BIO,18
518,CDG,JTR,18
1365,ORY,ORY,18
1736,TRD,CPH,18
1468,PMO,LIN,18
1390,ORY,TIA,18
1393,ORY,TLN,18
1479,PSA,AMS,18
1178,MLA,CDG,18
522,CDG,LBA,18
517,CDG,JMK,18
1013,LCY,FCO,18
1341,ORY,JMK,17
1359,ORY,MRS,17
1055,LIN,PMO,17
1297,ORK,CDG,17
1319,ORY,CFU,17
1246,NAP,FCO,17
1687,TFS,ORY,17
1659,SVG,OSL,17
237,ARN,TRD,17
1385,ORY,SPU,16
1334,ORY,FNC,16
1411,OSL,BOO,16
1247,NAP,LIN,16
1423,OSL,SVG,16
1066,LJU,CDG,16
1523,RIX,CDG,16
584,CDG,VNO,16
313,BDS,ORY,16
1700,TIA,ORY,15
1388,ORY,TFS,15
1327,ORY,DUB,15
1778,VCE,ORY,15
724,EFL,AMS,15
953,JMK,CDG,15
228,ARN,ORY,15
1200,MRS,ORY,15
1797,VNO,CPH,15
1644,SPU,ORY,15
993,KRS,BGO,15
1513,RDZ,ORY,15
1343,ORY,JTR,15
1638,SOF,VAR,15
1804,VRN,AMS,15
988,KRK,CDG,15
1286,OLB,AMS,14
1253,NCE,BIA,14
1320,ORY,CHQ,14
1195,MRS,BIA,14
1742,TRF,BGO,14
1376,ORY,RDZ,14
1751,TSR,OTP,14
1052,LIN,NAP,14
885,HEL,ARN,14
957,JTR,CDG,14
954,JMK,ORY,14
769,FCO,FRA,14
1251,NCE,AJA,13
959,JTR,ORY,13
918,IAS,OTP,13
1397,ORY,VCE,13
887,HEL,CPH,13
1402,ORY,WAW,13
1198,MRS,FSC,13
307,BCN,FCO,13
1193,MRS,AJA,13
998,KSU,OSL,13
995,KRS,OSL,13
1131,MAD,BCN,13
806,FRA,FCO,13
1045,LIN,FCO,13
1477,PRG,ORY,12
1275,NUE,CDG,12
933,IOM,LHR,12
576,CDG,TLL,12
1037,LIN,AHO,12
1670,SVQ,ORY,12
1810,WAW,ORY,12
1029,LHR,IOM,12
1065,LJU,AMS,12
896,HEL,TLL,12
1324,ORY,CTA,12
882,HAU,OSL,12
1703,TKU,ARN,12
1705,TLL,ARN,12
1387,ORY,SVQ,12
1695,TIA,AMS,12
1405,OSL,AES,12
1579,SEN,AMS,11
1417,OSL,KRS,11
963,KEF,ORY,11
565,CDG,SEN,11
573,CDG,TFS,11
1404,OSD,ARN,11
1317,ORY,CAG,11
1336,ORY,FUE,11
1315,ORY,BUD,11
1371,ORY,PRG,11
17,ACE,ORY,11
1776,VCE,FCO,11
1744,TRF,SVG,11
1347,ORY,KRK,11
1748,TRN,FCO,11
1668,SVQ,AMS,11
1650,STR,CDG,11
1651,SUF,FCO,11
989,KRK,ORY,11
1652,SUF,LIN,11
1806,VRN,ORY,11
1533,RMO,OTP,11
1648,STN,AMS,11
1017,LDY,LHR,11
1031,LHR,NCE,11
997,KSU,BGO,11
1256,NCE,FCO,11
455,CAG,CDG,11
1441,OTP,TSR,10
561,CDG,RMO,10
892,HEL,OUL,10
1724,TOS,BGO,10
1314,ORY,BRI,10
1708,TLL,HEL,10
1707,TLL,CPH,10
1710,TLL,RIX,10
1606,SKP,BEG,10
1298,ORY,ACE,10
1258,NCE,LHR,10
502,CDG,FNC,10
486,CDG,CAG,10
89,AMS,CAG,10
1750,TRS,FCO,10
1635,SOF,CDG,10
1696,TIA,BEG,9
1690,TGD,BEG,9
1580,SEN,CDG,9
1309,ORY,BDS,9
1367,ORY,OVD,9
378,BIQ,AMS,9
1632,SOF,AMS,9
1354,ORY,LPA,9
184,AMS,SEN,9
1257,NCE,FSC,9
1401,ORY,VRN,9
1414,OSL,HAU,9
1686,TFS,CDG,9
747,FAO,CDG,9
1433,OTP,IAS,9
1432,OTP,CLJ,9
994,KRS,CPH,9
454,CAG,AMS,9
1445,OVD,ORY,9
1455,PLQ,CPH,9
461,CDG,ACE,9
1798,VNO,RIX,9
78,AMS,BIQ,9
1344,ORY,KEF,9
1076,LPA,CDG,9
1353,ORY,LJU,9
881,HAU,BGO,8
1059,LIN,SUF,8
1383,ORY,SOF,8
893,HEL,RIX,8
1569,SDL,ARN,8
559,CDG,RHO,8
1698,TIA,FCO,8
1442,OUL,HEL,8
1151,MAH,CDG,8
800,FNC,CDG,8
1447,PDL,CDG,8
15,ACE,CDG,7
1078,LPA,ORY,7
1323,ORY,CPH,7
1418,OSL,KSU,7
1372,ORY,PSA,7
1567,SCQ,CDG,7
564,CDG,SCQ,7
1795,VNO,ARN,7
535,CDG,MAH,7
1636,SOF,ORY,7
648,CPH,ORY,7
499,CDG,FAO,7
1531,RMO,CDG,7
1067,LJU,ORY,7
1081,LPL,AMS,7
1389,ORY,TGD,7
1771,VAR,SOF,7
1702,TIV,ORY,7
1305,ORY,ARN,7
1731,TRD,AES,7
553,CDG,PDL,7
1014,LCY,LIN,7
1381,ORY,SKG,7
1039,LIN,BDS,7
166,AMS,ORY,7
890,HEL,KTT,7
1398,ORY,VIE,7
722,EDI,ORY,7
1002,KUO,HEL,7
1796,VNO,CDG,7
162,AMS,OHD,7
1456,PLQ,RIX,7
1328,ORY,EDI,6
16,ACE,MAD,6
1391,ORY,TIV,6
1633,SOF,BEG,6
1303,ORY,AMS,6
1082,LPL,CDG,6
1289,OMR,OTP,6
1518,RHO,CDG,6
1530,RMO,AMS,6
1480,PSA,ORY,6
1150,MAH,AMS,6
1524,RIX,HEL,6
1049,LIN,LCY,6
1527,RIX,TMP,6
82,AMS,BOJ,6
1135,MAD,FCO,6
1127,MAD,ACE,6
1444,OVD,AMS,6
1010,LBA,CDG,6
147,AMS,MAH,6
1733,TRD,ARN,6
1603,SKG,ORY,6
1787,VIE,ORY,6
894,HEL,RVN,6
971,KLX,ORY,6
410,BOO,TOS,6
1568,SCV,OTP,6
1691,TGD,CDG,6
169,AMS,OVD,6
574,CDG,TGD,6
1706,TLL,CDG,6
1346,ORY,KLX,6
130,AMS,KLX,5
127,AMS,JTR,5
1337,ORY,GOA,5
1766,VAA,ARN,5
1692,TGD,ORY,5
962,KEF,CPH,5
1415,OSL,KEF,5
405,BOJ,SOF,5
1556,RVN,HEL,5
1601,SKG,BEG,5
1599,SJJ,BEG,5
1284,OHD,AMS,5
1604,SKG,OTP,5
897,HEL,VAA,5
1179,MLA,FCO,5
1436,OTP,RMO,5
181,AMS,RMO,5
891,HEL,KUO,5
585,CDG,VRN,5
1720,TMP,RIX,5
529,CDG,LPL,5
1439,OTP,SOF,5
1634,SOF,BOJ,5
1528,RIX,VNO,5
1526,RIX,TLL,5
116,AMS,GRX,5
652,CPH,TOS,5
858,GRX,AMS,5
1101,LYS,BIA,5
1743,TRF,CPH,5
1805,VRN,CDG,5
1769,VAR,CDG,5
1701,TIV,BEG,5
1487,PUY,AMS,4
1680,TAY,HEL,4
1465,PMO,AMS,4
771,FCO,GVA,4
1139,MAD,LIS,4
1653,SUF,ORY,4
1657,SVG,CDG,4
1660,SVG,TRF,4
741,FAE,CDG,4
1437,OTP,SCV,4
1729,TOS,TRD,4
1142,MAD,OPO,4
1438,OTP,SKG,4
126,AMS,JMK,4
1304,ORY,AOI,4
516,CDG,JER,4
221,ARN,GOT,4
970,KLX,AMS,4
566,CDG,SKG,4
557,CDG,PRN,4
1767,VAA,HEL,4
1602,SKG,CDG,4
1525,RIX,PLQ,4
575,CDG,TIA,4
921,IBZ,FCO,4
571,CDG,SVG,4
4,AAR,OSL,4
1949,ZTH,ORY,4
1293,OPO,MAD,4
363,BIA,CRL,4
967,KGS,ORY,4
944,JER,CDG,4
999,KTT,HEL,4
1063,LIS,MAD,4
794,FCO,ZRH,4
177,AMS,PUY,4
498,CDG,FAE,4
1718,TLS,LYS,4
1259,NCE,LYS,3
1379,ORY,RMO,3
1375,ORY,QSR,3
1273,NTE,LYS,3
1403,ORY,ZTH,3
1108,LYS,FAO,3
1114,LYS,MLA,3
1115,LYS,NCE,3
1121,LYS,TLS,3
51,AJA,TLS,3
404,BOJ,AMS,3
1446,PDL,AMS,3
32,AGP,LYS,3
1469,PMO,LYS,3
1676,SZG,AMS,3
1478,PRN,CDG,3
1128,MAD,ALC,3
1130,MAD,ATH,3
1136,MAD,FRA,3
1421,OSL,ORY,3
1637,SOF,OTP,3
788,FCO,SOF,3
773,FCO,IBZ,3
726,EFL,ORY,3
1435,OTP,OMR,3
755,FCO,AJA,3
45,AJA,CRL,3
1392,ORY,TLL,3
1709,TLL,ORY,3
1712,TLS,AJA,3
1300,ORY,AHO,3
1148,MAD,VLC,3
1382,ORY,SKP,3
2,AAL,OSL,3
1342,ORY,JSI,3
1945,ZRH,FCO,3
1386,ORY,SUF,3
1180,MLA,LYS,3
170,AMS,PDL,3
1097,LYS,AJA,3
430,BRU,LIN,3
658,CRL,BIA,3
186,AMS,SKP,3
196,AMS,SZG,3
964,KEF,OSL,3
183,AMS,SCQ,3
901,HER,LYS,3
895,HEL,TAY,3
475,CDG,BIA,3
214,AOI,ORY,3
1607,SKP,ORY,3
1034,LIG,LYS,3
1532,RMO,ORY,3
1631,SNN,CDG,3
1111,LYS,HER,3
1749,TRN,ORY,3
173,AMS,PMO,3
807,FRA,MAD,3
1566,SCQ,AMS,3
567,CDG,SNN,3
505,CDG,FUE,3
1799,VOG,SVO,3
966,KGS,CDG,3
365,BIA,FCO,3
1345,ORY,KGS,3
952,JMK,AMS,3
1395,ORY,TRN,3
1366,ORY,OSL,3
1374,ORY,PVK,2
1292,OPO,LYS,2
317,BEG,OHD,2
326,BEG,VAR,2
361,BHX,EMA,2
362,BIA,CDG,2
370,BIA,TLS,2
346,BGO,GOT,2
316,BEG,LYS,2
955,JSI,ORY,2
1791,VLC,MAD,2
929,INN,AMS,2
956,JTR,AMS,2
1047,LIN,HER,2
1800,VOL,ORY,2
236,ARN,TOS,2
520,CDG,KGS,2
230,ARN,OSL,2
1768,VAR,BEG,2
1777,VCE,MAD,2
605,CFU,FCO,2
900,HER,LIN,2
1605,SKP,AMS,2
247,ATH,MAD,2
1054,LIN,PMI,2
1041,LIN,BRU,2
840,GOA,ORY,2
843,GOT,BGO,2
1113,LYS,LIG,2
1516,REU,ORY,2
1044,LIN,DUS,2
889,HEL,KAO,2
171,AMS,PLQ,2
812,FSC,LYS,2
431,BRU,MAD,2
442,BUD,OTP,2
1501,QSR,ORY,2
1096,LYS,AGP,2
1099,LYS,BEG,2
1102,LYS,BIQ,2
1103,LYS,BOD,2
865,GVA,ORY,2
1741,TRD,TOS,2
657,CRL,AJA,2
1665,SVO,LED,2
1667,SVO,VOG,2
1110,LYS,FSC,2
1116,LYS,NTE,2
1117,LYS,OPO,2
1120,LYS,TIA,2
1495,PVK,ORY,2
1461,PMI,LIN,2
389,BLL,FAE,2
1640,SOU,ORY,2
783,FCO,PMI,2
760,FCO,BIA,2
765,FCO,CFU,2
1454,PLQ,AMS,2
38,AHO,ORY,2
1133,MAD,BRU,2
46,AJA,FCO,2
740,FAE,BLL,2
743,FAE,EDI,2
744,FAE,KEF,2
748,FAO,LYS,2
1434,OTP,NCE,2
1440,OTP,SUJ,2
1141,MAD,MXP,2
1146,MAD,VCE,2
1723,TOS,ARN,2
1726,TOS,CPH,2
1699,TIA,LYS,2
124,AMS,INN,2
719,EDI,FAE,2
1430,OTP,BUD,2
1400,ORY,VOL,2
1285,OHD,BEG,2
1237,MXP,MAD,2
1714,TLS,BIA,2
1697,TIA,CDG,2
1377,ORY,REU,2
1384,ORY,SOU,2
1329,ORY,EFL,2
1318,ORY,CDG,2
1338,ORY,GVA,2
344,BGO,FAE,1
318,BEG,OTP,1
1717,TLS,FSC,1
1725,TOS,CDG,1
772,FCO,HER,1
725,EFL,FCO,1
745,FAE,OSL,1
767,FCO,EFL,1
787,FCO,RHO,1
779,FCO,MUC,1
774,FCO,LGW,1
1664,SVO,KUF,1
864,GVA,FCO,1
801,FNC,LYS,1
816,FSC,TLS,1
810,FSC,BOD,1
809,FSC,BIQ,1
1641,SPC,AMS,1
642,CPH,CPH,1
637,CPH,AES,1
820,FUE,CDG,1
871,HAM,HAM,1
872,HAM,LIN,1
613,CHQ,LYS,1
608,CGN,AMS,1
1770,VAR,ORY,1
958,JTR,LYS,1
922,IBZ,LIN,1
580,CDG,VAR,1
578,CDG,TOS,1
1018,LED,SVO,1
1048,LIN,IBZ,1
53,ALC,MAD,1
1000,KUF,SVO,1
190,AMS,SPC,1
62,AMS,AEY,1
1025,LGW,FCO,1
1051,LIN,MAH,1
249,ATH,OTP,1
246,ATH,LYS,1
1046,LIN,HAM,1
1060,LIN,TRS,1
1058,LIN,RHO,1
1520,RHO,LYS,1
1519,RHO,FCO,1
463,CDG,AHO,1
1112,LYS,JTR,1
1106,LYS,CHQ,1
1100,LYS,BES,1
1462,PMI,LYS,1
1119,LYS,RHO,1
1118,LYS,PMI,1
40,AJA,BOD,1
1109,LYS,FNC,1
1484,PUF,AJA,1
380,BIQ,FSC,1
377,BIO,PMI,1
28,AEY,AMS,1
24,AES,CPH,1
402,BOD,FSC,1
1443,OVB,AER,1
1460,PMI,FCO,1
1152,MAH,LIN,1
1149,MAD,ZRH,1
1270,NTE,ACE,1
1429,OTP,BEG,1
1428,OTP,ATH,1
398,BOD,AJA,1
1199,MRS,LYS,1
1233,MUC,FCO,1
1262,NCE,OTP,1
1260,NCE,NCE,1
1396,ORY,VAR,1
35,AHO,CDG,1
328,BER,BER,1
1946,ZRH,MAD,1
