filename,run,pipeline,mode,problem_type,dataset_size_training,dataset_size_testing,accuracy,macro_avg_recall,macro_avg_precision,macro_avg_f1,target_values,target,features,hyperparameters,mae,mse,rmse,r2
classification_status_20251206_233942_DecisionTree.pkl,20251206_233942,DecisionTree,simple,classification_status,440617,110155,0.8738232490581453,0.5882438214034612,0.5771106087525762,0.5802300738892475,"{'LATE', 'ONTIME', 'CANCELLED'}",flightlegs_publishedstatus,"{float64: ['flightlegs_scheduledflightduration'], object: ['flightlegs_aircraft_ownerairlinecode', 'flightlegs_aircraft_typecode', 'flightlegs_depinfo_airport_country_name', 'flightlegs_arrinfo_airport_code', 'flightlegs_arrinfo_airport_country_name', 'flightlegs_depinfo_airport_code', 'flightlegs_season', 'flightlegs_arrinfo_times_scheduled_dayPeriod', 'flightlegs_depinfo_times_scheduled_dayPeriod']}","{""ccp_alpha"": 0.0, ""class_weight"": null, ""criterion"": ""gini"", ""max_depth"": null, ""max_features"": null, ""max_leaf_nodes"": null, ""min_impurity_decrease"": 0.0, ""min_samples_leaf"": 1, ""min_samples_split"": 2, ""min_weight_fraction_leaf"": 0.0, ""monotonic_cst"": null, ""random_state"": null, ""splitter"": ""best""}",,,,
classification_status_20251206_233942_RandomForest.pkl,20251206_233942,RandomForest,simple,classification_status,440617,110155,0.8737506241205574,0.5874198935422893,0.576826918483759,0.5800283571948591,"{'LATE', 'ONTIME', 'CANCELLED'}",flightlegs_publishedstatus,"{float64: ['flightlegs_scheduledflightduration'], object: ['flightlegs_aircraft_ownerairlinecode', 'flightlegs_aircraft_typecode', 'flightlegs_depinfo_airport_country_name', 'flightlegs_arrinfo_airport_code', 'flightlegs_arrinfo_airport_country_name', 'flightlegs_depinfo_airport_code', 'flightlegs_season', 'flightlegs_arrinfo_times_scheduled_dayPeriod', 'flightlegs_depinfo_times_scheduled_dayPeriod']}","{""bootstrap"": true, ""ccp_alpha"": 0.0, ""class_weight"": null, ""criterion"": ""gini"", ""max_depth"": null, ""max_features"": ""sqrt"", ""max_leaf_nodes"": null, ""max_samples"": null, ""min_impurity_decrease"": 0.0, ""min_samples_leaf"": 1, ""min_samples_split"": 2, ""min_weight_fraction_leaf"": 0.0, ""monotonic_cst"": null, ""n_estimators"": 100, ""n_jobs"": 6, ""oob_score"": false, ""random_state"": null, ""verbose"": 0, ""warm_start"": false}",,,,
classification_status_20251206_233942_Logistic_OVO.pkl,20251206_233942,Logistic_OVO,simple,classification_status,440617,110155,0.8636466796786346,0.5804128999585235,0.5700156680835701,0.5730986643186133,"{'LATE', 'ONTIME', 'CANCELLED'}",flightlegs_publishedstatus,"{float64: ['flightlegs_scheduledflightduration'], object: ['flightlegs_aircraft_ownerairlinecode', 'flightlegs_aircraft_typecode', 'flightlegs_depinfo_airport_country_name', 'flightlegs_arrinfo_airport_code', 'flightlegs_arrinfo_airport_country_name', 'flightlegs_depinfo_airport_code', 'flightlegs_season', 'flightlegs_arrinfo_times_scheduled_dayPeriod', 'flightlegs_depinfo_times_scheduled_dayPeriod']}","{""estimator__C"": 1.0, ""estimator__class_weight"": null, ""estimator__dual"": false, ""estimator__fit_intercept"": true, ""estimator__intercept_scaling"": 1, ""estimator__l1_ratio"": null, ""estimator__max_iter"": 1000, ""estimator__multi_class"": ""deprecated"", ""estimator__n_jobs"": null, ""estimator__penalty"": ""l2"", ""estimator__random_state"": null, ""estimator__solver"": ""lbfgs"", ""estimator__tol"": 0.0001, ""estimator__verbose"": 0, ""estimator__warm_start"": false, ""estimator"": {""C"": 1.0, ""class_weight"": null, ""dual"": false, ""fit_intercept"": true, ""intercept_scaling"": 1, ""l1_ratio"": null, ""max_iter"": 1000, ""multi_class"": ""deprecated"", ""n_jobs"": null, ""penalty"": ""l2"", ""random_state"": null, ""solver"": ""lbfgs"", ""tol"": 0.0001, ""verbose"": 0, ""warm_start"": false}, ""n_jobs"": 6}",,,,
classification_status_20251206_233942_Logistic_OVR.pkl,20251206_233942,Logistic_OVR,simple,classification_status,440617,110155,0.863782851436612,0.5804304113857838,0.5700856930469899,0.5731761277974139,"{'LATE', 'ONTIME', 'CANCELLED'}",flightlegs_publishedstatus,"{float64: ['flightlegs_scheduledflightduration'], object: ['flightlegs_aircraft_ownerairlinecode', 'flightlegs_aircraft_typecode', 'flightlegs_depinfo_airport_country_name', 'flightlegs_arrinfo_airport_code', 'flightlegs_arrinfo_airport_country_name', 'flightlegs_depinfo_airport_code', 'flightlegs_season', 'flightlegs_arrinfo_times_scheduled_dayPeriod', 'flightlegs_depinfo_times_scheduled_dayPeriod']}","{""estimator__C"": 1.0, ""estimator__class_weight"": null, ""estimator__dual"": false, ""estimator__fit_intercept"": true, ""estimator__intercept_scaling"": 1, ""estimator__l1_ratio"": null, ""estimator__max_iter"": 1000, ""estimator__multi_class"": ""deprecated"", ""estimator__n_jobs"": null, ""estimator__penalty"": ""l2"", ""estimator__random_state"": null, ""estimator__solver"": ""lbfgs"", ""estimator__tol"": 0.0001, ""estimator__verbose"": 0, ""estimator__warm_start"": false, ""estimator"": {""C"": 1.0, ""class_weight"": null, ""dual"": false, ""fit_intercept"": true, ""intercept_scaling"": 1, ""l1_ratio"": null, ""max_iter"": 1000, ""multi_class"": ""deprecated"", ""n_jobs"": null, ""penalty"": ""l2"", ""random_state"": null, ""solver"": ""lbfgs"", ""tol"": 0.0001, ""verbose"": 0, ""warm_start"": false}, ""n_jobs"": 6, ""verbose"": 0}",,,,
classification_delay_20251206_233942_DecisionTree.pkl,20251206_233942,DecisionTree,simple,classification_delay,169237,42310,0.3218860789411487,0.17497158264427212,0.20416299491077797,0.16737445147008453,"{']120;240]', ']030;060]', ']240;360]', ']060;120]', ']015;030]', ']000;005]', ']005;015]'}",flightlegs_irregularity_delayduration_total_bracket,"{float64: ['flightlegs_scheduledflightduration'], object: ['flightlegs_aircraft_ownerairlinecode', 'flightlegs_aircraft_typecode', 'flightlegs_depinfo_airport_country_name', 'flightlegs_arrinfo_airport_code', 'flightlegs_arrinfo_airport_country_name', 'flightlegs_depinfo_airport_code', 'flightlegs_season', 'flightlegs_arrinfo_times_scheduled_dayPeriod', 'flightlegs_depinfo_times_scheduled_dayPeriod']}","{""ccp_alpha"": 0.0, ""class_weight"": null, ""criterion"": ""gini"", ""max_depth"": null, ""max_features"": null, ""max_leaf_nodes"": null, ""min_impurity_decrease"": 0.0, ""min_samples_leaf"": 1, ""min_samples_split"": 2, ""min_weight_fraction_leaf"": 0.0, ""monotonic_cst"": null, ""random_state"": null, ""splitter"": ""best""}",,,,
classification_delay_20251206_233942_RandomForest.pkl,20251206_233942,RandomForest,simple,classification_delay,169237,42310,0.31876624911368473,0.1745822599664872,0.1946678953460182,0.16852386570263053,"{']120;240]', ']030;060]', ']240;360]', ']060;120]', ']015;030]', ']000;005]', ']005;015]'}",flightlegs_irregularity_delayduration_total_bracket,"{float64: ['flightlegs_scheduledflightduration'], object: ['flightlegs_aircraft_ownerairlinecode', 'flightlegs_aircraft_typecode', 'flightlegs_depinfo_airport_country_name', 'flightlegs_arrinfo_airport_code', 'flightlegs_arrinfo_airport_country_name', 'flightlegs_depinfo_airport_code', 'flightlegs_season', 'flightlegs_arrinfo_times_scheduled_dayPeriod', 'flightlegs_depinfo_times_scheduled_dayPeriod']}","{""bootstrap"": true, ""ccp_alpha"": 0.0, ""class_weight"": null, ""criterion"": ""gini"", ""max_depth"": null, ""max_features"": ""sqrt"", ""max_leaf_nodes"": null, ""max_samples"": null, ""min_impurity_decrease"": 0.0, ""min_samples_leaf"": 1, ""min_samples_split"": 2, ""min_weight_fraction_leaf"": 0.0, ""monotonic_cst"": null, ""n_estimators"": 100, ""n_jobs"": 6, ""oob_score"": false, ""random_state"": null, ""verbose"": 0, ""warm_start"": false}",,,,
classification_delay_20251206_233942_Logistic_OVO.pkl,20251206_233942,Logistic_OVO,simple,classification_delay,169237,42310,0.338194280311983,0.16079386653250766,0.17654994313863856,0.12541483123353764,"{']120;240]', ']030;060]', ']240;360]', ']060;120]', ']015;030]', ']000;005]', ']005;015]'}",flightlegs_irregularity_delayduration_total_bracket,"{float64: ['flightlegs_scheduledflightduration'], object: ['flightlegs_aircraft_ownerairlinecode', 'flightlegs_aircraft_typecode', 'flightlegs_depinfo_airport_country_name', 'flightlegs_arrinfo_airport_code', 'flightlegs_arrinfo_airport_country_name', 'flightlegs_depinfo_airport_code', 'flightlegs_season', 'flightlegs_arrinfo_times_scheduled_dayPeriod', 'flightlegs_depinfo_times_scheduled_dayPeriod']}","{""estimator__C"": 1.0, ""estimator__class_weight"": null, ""estimator__dual"": false, ""estimator__fit_intercept"": true, ""estimator__intercept_scaling"": 1, ""estimator__l1_ratio"": null, ""estimator__max_iter"": 1000, ""estimator__multi_class"": ""deprecated"", ""estimator__n_jobs"": null, ""estimator__penalty"": ""l2"", ""estimator__random_state"": null, ""estimator__solver"": ""lbfgs"", ""estimator__tol"": 0.0001, ""estimator__verbose"": 0, ""estimator__warm_start"": false, ""estimator"": {""C"": 1.0, ""class_weight"": null, ""dual"": false, ""fit_intercept"": true, ""intercept_scaling"": 1, ""l1_ratio"": null, ""max_iter"": 1000, ""multi_class"": ""deprecated"", ""n_jobs"": null, ""penalty"": ""l2"", ""random_state"": null, ""solver"": ""lbfgs"", ""tol"": 0.0001, ""verbose"": 0, ""warm_start"": false}, ""n_jobs"": 6}",,,,
classification_delay_20251206_233942_Logistic_OVR.pkl,20251206_233942,Logistic_OVR,simple,classification_delay,169237,42310,0.33864334672654217,0.1598394299008054,0.17557946129165916,0.12227811298166105,"{']120;240]', ']030;060]', ']240;360]', ']060;120]', ']015;030]', ']000;005]', ']005;015]'}",flightlegs_irregularity_delayduration_total_bracket,"{float64: ['flightlegs_scheduledflightduration'], object: ['flightlegs_aircraft_ownerairlinecode', 'flightlegs_aircraft_typecode', 'flightlegs_depinfo_airport_country_name', 'flightlegs_arrinfo_airport_code', 'flightlegs_arrinfo_airport_country_name', 'flightlegs_depinfo_airport_code', 'flightlegs_season', 'flightlegs_arrinfo_times_scheduled_dayPeriod', 'flightlegs_depinfo_times_scheduled_dayPeriod']}","{""estimator__C"": 1.0, ""estimator__class_weight"": null, ""estimator__dual"": false, ""estimator__fit_intercept"": true, ""estimator__intercept_scaling"": 1, ""estimator__l1_ratio"": null, ""estimator__max_iter"": 1000, ""estimator__multi_class"": ""deprecated"", ""estimator__n_jobs"": null, ""estimator__penalty"": ""l2"", ""estimator__random_state"": null, ""estimator__solver"": ""lbfgs"", ""estimator__tol"": 0.0001, ""estimator__verbose"": 0, ""estimator__warm_start"": false, ""estimator"": {""C"": 1.0, ""class_weight"": null, ""dual"": false, ""fit_intercept"": true, ""intercept_scaling"": 1, ""l1_ratio"": null, ""max_iter"": 1000, ""multi_class"": ""deprecated"", ""n_jobs"": null, ""penalty"": ""l2"", ""random_state"": null, ""solver"": ""lbfgs"", ""tol"": 0.0001, ""verbose"": 0, ""warm_start"": false}, ""n_jobs"": 6, ""verbose"": 0}",,,,
regression_20251206_233942_LinearRegression.pkl,20251206_233942,LinearRegression,simple,regression,169237,42310,,,,,,flightlegs_irregularity_delayduration_total,"{float64: ['flightlegs_scheduledflightduration'], object: ['flightlegs_aircraft_ownerairlinecode', 'flightlegs_aircraft_typecode', 'flightlegs_depinfo_airport_country_name', 'flightlegs_arrinfo_airport_code', 'flightlegs_arrinfo_airport_country_name', 'flightlegs_depinfo_airport_code', 'flightlegs_season', 'flightlegs_arrinfo_times_scheduled_dayPeriod', 'flightlegs_depinfo_times_scheduled_dayPeriod']}","{""copy_X"": true, ""fit_intercept"": true, ""n_jobs"": null, ""positive"": false, ""tol"": 1e-06}",21.935192863841277,1348.3639093401982,36.72007501817226,0.05133652472481587
regression_20251206_233942_DecisionTreeRegressor.pkl,20251206_233942,DecisionTreeRegressor,simple,regression,169237,42310,,,,,,flightlegs_irregularity_delayduration_total,"{float64: ['flightlegs_scheduledflightduration'], object: ['flightlegs_aircraft_ownerairlinecode', 'flightlegs_aircraft_typecode', 'flightlegs_depinfo_airport_country_name', 'flightlegs_arrinfo_airport_code', 'flightlegs_arrinfo_airport_country_name', 'flightlegs_depinfo_airport_code', 'flightlegs_season', 'flightlegs_arrinfo_times_scheduled_dayPeriod', 'flightlegs_depinfo_times_scheduled_dayPeriod']}","{""ccp_alpha"": 0.0, ""criterion"": ""squared_error"", ""max_depth"": null, ""max_features"": null, ""max_leaf_nodes"": null, ""min_impurity_decrease"": 0.0, ""min_samples_leaf"": 1, ""min_samples_split"": 2, ""min_weight_fraction_leaf"": 0.0, ""monotonic_cst"": null, ""random_state"": null, ""splitter"": ""best""}",22.30721123489185,1419.3315227445262,37.67401654648103,0.0014060999353540105
regression_20251206_233942_RandomForestRegressor.pkl,20251206_233942,RandomForestRegressor,simple,regression,169237,42310,,,,,,flightlegs_irregularity_delayduration_total,"{float64: ['flightlegs_scheduledflightduration'], object: ['flightlegs_aircraft_ownerairlinecode', 'flightlegs_aircraft_typecode', 'flightlegs_depinfo_airport_country_name', 'flightlegs_arrinfo_airport_code', 'flightlegs_arrinfo_airport_country_name', 'flightlegs_depinfo_airport_code', 'flightlegs_season', 'flightlegs_arrinfo_times_scheduled_dayPeriod', 'flightlegs_depinfo_times_scheduled_dayPeriod']}","{""bootstrap"": true, ""ccp_alpha"": 0.0, ""criterion"": ""squared_error"", ""max_depth"": null, ""max_features"": 1.0, ""max_leaf_nodes"": null, ""max_samples"": null, ""min_impurity_decrease"": 0.0, ""min_samples_leaf"": 1, ""min_samples_split"": 2, ""min_weight_fraction_leaf"": 0.0, ""monotonic_cst"": null, ""n_estimators"": 100, ""n_jobs"": 6, ""oob_score"": false, ""random_state"": null, ""verbose"": 0, ""warm_start"": false}",22.156543854063578,1392.1803681954036,37.31193332159838,0.02050873866209668
regression_20251206_233942_XGBRegressor.pkl,20251206_233942,XGBRegressor,simple,regression,169237,42310,,,,,,flightlegs_irregularity_delayduration_total,"{float64: ['flightlegs_scheduledflightduration'], object: ['flightlegs_aircraft_ownerairlinecode', 'flightlegs_aircraft_typecode', 'flightlegs_depinfo_airport_country_name', 'flightlegs_arrinfo_airport_code', 'flightlegs_arrinfo_airport_country_name', 'flightlegs_depinfo_airport_code', 'flightlegs_season', 'flightlegs_arrinfo_times_scheduled_dayPeriod', 'flightlegs_depinfo_times_scheduled_dayPeriod']}","{""objective"": ""reg:squarederror"", ""base_score"": null, ""booster"": null, ""callbacks"": null, ""colsample_bylevel"": null, ""colsample_bynode"": null, ""colsample_bytree"": null, ""device"": null, ""early_stopping_rounds"": null, ""enable_categorical"": false, ""eval_metric"": null, ""feature_types"": null, ""feature_weights"": null, ""gamma"": null, ""grow_policy"": null, ""importance_type"": null, ""interaction_constraints"": null, ""learning_rate"": null, ""max_bin"": null, ""max_cat_threshold"": null, ""max_cat_to_onehot"": null, ""max_delta_step"": null, ""max_depth"": null, ""max_leaves"": null, ""min_child_weight"": null, ""missing"": NaN, ""monotone_constraints"": null, ""multi_strategy"": null, ""n_estimators"": null, ""n_jobs"": 6, ""num_parallel_tree"": null, ""random_state"": null, ""reg_alpha"": null, ""reg_lambda"": null, ""sampling_method"": null, ""scale_pos_weight"": null, ""subsample"": null, ""tree_method"": null, ""validate_parameters"": null, ""verbosity"": null}",21.663973370840353,1324.7625937844516,36.3972882751511,0.06794161618498173
