pipeline,mode,problem_type,dataset_size_training,dataset_size_testing,accuracy,macro_avg_precision,macro_avg_recall,macro_avg_f1,hyperparameters,processing_time,numeric_features,categorical_features,target_variable,mae,mse,rmse,r2
Logistic_OVO,simple,classification_status,420959,105240,0.865098821740783,0.5710487902385342,0.5809987864815506,0.5741029299112193,"{""estimator__C"": 1.0, ""estimator__class_weight"": null, ""estimator__dual"": false, ""estimator__fit_intercept"": true, ""estimator__intercept_scaling"": 1, ""estimator__l1_ratio"": null, ""estimator__max_iter"": 1000, ""estimator__multi_class"": ""deprecated"", ""estimator__n_jobs"": null, ""estimator__penalty"": ""l2"", ""estimator__random_state"": null, ""estimator__solver"": ""lbfgs"", ""estimator__tol"": 0.0001, ""estimator__verbose"": 0, ""estimator__warm_start"": false, ""estimator"": {""C"": 1.0, ""class_weight"": null, ""dual"": false, ""fit_intercept"": true, ""intercept_scaling"": 1, ""l1_ratio"": null, ""max_iter"": 1000, ""multi_class"": ""deprecated"", ""n_jobs"": null, ""penalty"": ""l2"", ""random_state"": null, ""solver"": ""lbfgs"", ""tol"": 0.0001, ""verbose"": 0, ""warm_start"": false}, ""n_jobs"": 6}",8,[],"['flightlegs_aircraft_ownerairlinecode', 'flightlegs_aircraft_typecode', 'flightlegs_depinfo_airport_country_name', 'flightlegs_arrinfo_airport_code', 'flightlegs_arrinfo_airport_country_name', 'flightlegs_depinfo_airport_code', 'flightlegs_scheduledflightduration', 'flightlegs_season', 'flightlegs_arrinfo_times_scheduled_dayPeriod', 'flightlegs_depinfo_times_scheduled_dayPeriod']",flightlegs_publishedstatus,,,,
DecisionTree,simple,classification_status,420959,105240,0.8741068034967693,0.5772134684643239,0.5875986666322596,0.5803502185955928,"{""ccp_alpha"": 0.0, ""class_weight"": null, ""criterion"": ""gini"", ""max_depth"": null, ""max_features"": null, ""max_leaf_nodes"": null, ""min_impurity_decrease"": 0.0, ""min_samples_leaf"": 1, ""min_samples_split"": 2, ""min_weight_fraction_leaf"": 0.0, ""monotonic_cst"": null, ""random_state"": null, ""splitter"": ""best""}",21,[],"['flightlegs_aircraft_ownerairlinecode', 'flightlegs_aircraft_typecode', 'flightlegs_depinfo_airport_country_name', 'flightlegs_arrinfo_airport_code', 'flightlegs_arrinfo_airport_country_name', 'flightlegs_depinfo_airport_code', 'flightlegs_scheduledflightduration', 'flightlegs_season', 'flightlegs_arrinfo_times_scheduled_dayPeriod', 'flightlegs_depinfo_times_scheduled_dayPeriod']",flightlegs_publishedstatus,,,,
RandomForest,simple,classification_status,420959,105240,0.8743348536678069,0.5771477397125182,0.5867869281041622,0.5803151757128108,"{""bootstrap"": true, ""ccp_alpha"": 0.0, ""class_weight"": null, ""criterion"": ""gini"", ""max_depth"": null, ""max_features"": ""sqrt"", ""max_leaf_nodes"": null, ""max_samples"": null, ""min_impurity_decrease"": 0.0, ""min_samples_leaf"": 1, ""min_samples_split"": 2, ""min_weight_fraction_leaf"": 0.0, ""monotonic_cst"": null, ""n_estimators"": 100, ""n_jobs"": 6, ""oob_score"": false, ""random_state"": null, ""verbose"": 0, ""warm_start"": false}",349,[],"['flightlegs_aircraft_ownerairlinecode', 'flightlegs_aircraft_typecode', 'flightlegs_depinfo_airport_country_name', 'flightlegs_arrinfo_airport_code', 'flightlegs_arrinfo_airport_country_name', 'flightlegs_depinfo_airport_code', 'flightlegs_scheduledflightduration', 'flightlegs_season', 'flightlegs_arrinfo_times_scheduled_dayPeriod', 'flightlegs_depinfo_times_scheduled_dayPeriod']",flightlegs_publishedstatus,,,,
Logistic_OVR,simple,classification_status,420959,105240,0.8651843405549221,0.5711172049805023,0.5811002509362818,0.5741702184703702,"{""estimator__C"": 1.0, ""estimator__class_weight"": null, ""estimator__dual"": false, ""estimator__fit_intercept"": true, ""estimator__intercept_scaling"": 1, ""estimator__l1_ratio"": null, ""estimator__max_iter"": 1000, ""estimator__multi_class"": ""deprecated"", ""estimator__n_jobs"": null, ""estimator__penalty"": ""l2"", ""estimator__random_state"": null, ""estimator__solver"": ""lbfgs"", ""estimator__tol"": 0.0001, ""estimator__verbose"": 0, ""estimator__warm_start"": false, ""estimator"": {""C"": 1.0, ""class_weight"": null, ""dual"": false, ""fit_intercept"": true, ""intercept_scaling"": 1, ""l1_ratio"": null, ""max_iter"": 1000, ""multi_class"": ""deprecated"", ""n_jobs"": null, ""penalty"": ""l2"", ""random_state"": null, ""solver"": ""lbfgs"", ""tol"": 0.0001, ""verbose"": 0, ""warm_start"": false}, ""n_jobs"": 6, ""verbose"": 0}",8,[],"['flightlegs_aircraft_ownerairlinecode', 'flightlegs_aircraft_typecode', 'flightlegs_depinfo_airport_country_name', 'flightlegs_arrinfo_airport_code', 'flightlegs_arrinfo_airport_country_name', 'flightlegs_depinfo_airport_code', 'flightlegs_scheduledflightduration', 'flightlegs_season', 'flightlegs_arrinfo_times_scheduled_dayPeriod', 'flightlegs_depinfo_times_scheduled_dayPeriod']",flightlegs_publishedstatus,,,,
Logistic_OVO,simple,classification_delay,162276,40569,0.3402844536468732,0.17936013924620875,0.16207709180448426,0.1274546164142141,"{""estimator__C"": 1.0, ""estimator__class_weight"": null, ""estimator__dual"": false, ""estimator__fit_intercept"": true, ""estimator__intercept_scaling"": 1, ""estimator__l1_ratio"": null, ""estimator__max_iter"": 1000, ""estimator__multi_class"": ""deprecated"", ""estimator__n_jobs"": null, ""estimator__penalty"": ""l2"", ""estimator__random_state"": null, ""estimator__solver"": ""lbfgs"", ""estimator__tol"": 0.0001, ""estimator__verbose"": 0, ""estimator__warm_start"": false, ""estimator"": {""C"": 1.0, ""class_weight"": null, ""dual"": false, ""fit_intercept"": true, ""intercept_scaling"": 1, ""l1_ratio"": null, ""max_iter"": 1000, ""multi_class"": ""deprecated"", ""n_jobs"": null, ""penalty"": ""l2"", ""random_state"": null, ""solver"": ""lbfgs"", ""tol"": 0.0001, ""verbose"": 0, ""warm_start"": false}, ""n_jobs"": 6}",3,[],"['flightlegs_aircraft_ownerairlinecode', 'flightlegs_aircraft_typecode', 'flightlegs_depinfo_airport_country_name', 'flightlegs_arrinfo_airport_code', 'flightlegs_arrinfo_airport_country_name', 'flightlegs_depinfo_airport_code', 'flightlegs_scheduledflightduration', 'flightlegs_season', 'flightlegs_arrinfo_times_scheduled_dayPeriod', 'flightlegs_depinfo_times_scheduled_dayPeriod']",flightlegs_irregularity_delayduration_total_bracket,,,,
DecisionTree,simple,classification_delay,162276,40569,0.3222904187926742,0.20779021722394014,0.17959313588124542,0.17474809975163672,"{""ccp_alpha"": 0.0, ""class_weight"": null, ""criterion"": ""gini"", ""max_depth"": null, ""max_features"": null, ""max_leaf_nodes"": null, ""min_impurity_decrease"": 0.0, ""min_samples_leaf"": 1, ""min_samples_split"": 2, ""min_weight_fraction_leaf"": 0.0, ""monotonic_cst"": null, ""random_state"": null, ""splitter"": ""best""}",13,[],"['flightlegs_aircraft_ownerairlinecode', 'flightlegs_aircraft_typecode', 'flightlegs_depinfo_airport_country_name', 'flightlegs_arrinfo_airport_code', 'flightlegs_arrinfo_airport_country_name', 'flightlegs_depinfo_airport_code', 'flightlegs_scheduledflightduration', 'flightlegs_season', 'flightlegs_arrinfo_times_scheduled_dayPeriod', 'flightlegs_depinfo_times_scheduled_dayPeriod']",flightlegs_irregularity_delayduration_total_bracket,,,,
RandomForest,simple,classification_delay,162276,40569,0.31957898888313735,0.20112271007392718,0.17868267682557418,0.17493969726923564,"{""bootstrap"": true, ""ccp_alpha"": 0.0, ""class_weight"": null, ""criterion"": ""gini"", ""max_depth"": null, ""max_features"": ""sqrt"", ""max_leaf_nodes"": null, ""max_samples"": null, ""min_impurity_decrease"": 0.0, ""min_samples_leaf"": 1, ""min_samples_split"": 2, ""min_weight_fraction_leaf"": 0.0, ""monotonic_cst"": null, ""n_estimators"": 100, ""n_jobs"": 6, ""oob_score"": false, ""random_state"": null, ""verbose"": 0, ""warm_start"": false}",152,[],"['flightlegs_aircraft_ownerairlinecode', 'flightlegs_aircraft_typecode', 'flightlegs_depinfo_airport_country_name', 'flightlegs_arrinfo_airport_code', 'flightlegs_arrinfo_airport_country_name', 'flightlegs_depinfo_airport_code', 'flightlegs_scheduledflightduration', 'flightlegs_season', 'flightlegs_arrinfo_times_scheduled_dayPeriod', 'flightlegs_depinfo_times_scheduled_dayPeriod']",flightlegs_irregularity_delayduration_total_bracket,,,,
Logistic_OVR,simple,classification_delay,162276,40569,0.3399640119302916,0.18727097610147533,0.16131064208208468,0.12565643663143697,"{""estimator__C"": 1.0, ""estimator__class_weight"": null, ""estimator__dual"": false, ""estimator__fit_intercept"": true, ""estimator__intercept_scaling"": 1, ""estimator__l1_ratio"": null, ""estimator__max_iter"": 1000, ""estimator__multi_class"": ""deprecated"", ""estimator__n_jobs"": null, ""estimator__penalty"": ""l2"", ""estimator__random_state"": null, ""estimator__solver"": ""lbfgs"", ""estimator__tol"": 0.0001, ""estimator__verbose"": 0, ""estimator__warm_start"": false, ""estimator"": {""C"": 1.0, ""class_weight"": null, ""dual"": false, ""fit_intercept"": true, ""intercept_scaling"": 1, ""l1_ratio"": null, ""max_iter"": 1000, ""multi_class"": ""deprecated"", ""n_jobs"": null, ""penalty"": ""l2"", ""random_state"": null, ""solver"": ""lbfgs"", ""tol"": 0.0001, ""verbose"": 0, ""warm_start"": false}, ""n_jobs"": 6, ""verbose"": 0}",3,[],"['flightlegs_aircraft_ownerairlinecode', 'flightlegs_aircraft_typecode', 'flightlegs_depinfo_airport_country_name', 'flightlegs_arrinfo_airport_code', 'flightlegs_arrinfo_airport_country_name', 'flightlegs_depinfo_airport_code', 'flightlegs_scheduledflightduration', 'flightlegs_season', 'flightlegs_arrinfo_times_scheduled_dayPeriod', 'flightlegs_depinfo_times_scheduled_dayPeriod']",flightlegs_irregularity_delayduration_total_bracket,,,,
LinearRegression,simple,regression,162276,40569,,,,,"{""copy_X"": true, ""fit_intercept"": true, ""n_jobs"": null, ""positive"": false, ""tol"": 1e-06}",13,[],"['flightlegs_aircraft_ownerairlinecode', 'flightlegs_aircraft_typecode', 'flightlegs_depinfo_airport_country_name', 'flightlegs_arrinfo_airport_code', 'flightlegs_arrinfo_airport_country_name', 'flightlegs_depinfo_airport_code', 'flightlegs_scheduledflightduration', 'flightlegs_season', 'flightlegs_arrinfo_times_scheduled_dayPeriod', 'flightlegs_depinfo_times_scheduled_dayPeriod']",flightlegs_irregularity_delayduration_total,21.90603138598798,1358.9086204945481,36.863377768383465,0.05501545975890343
DecisionTreeRegressor,simple,regression,162276,40569,,,,,"{""ccp_alpha"": 0.0, ""criterion"": ""squared_error"", ""max_depth"": null, ""max_features"": null, ""max_leaf_nodes"": null, ""min_impurity_decrease"": 0.0, ""min_samples_leaf"": 1, ""min_samples_split"": 2, ""min_weight_fraction_leaf"": 0.0, ""monotonic_cst"": null, ""random_state"": null, ""splitter"": ""best""}",11,[],"['flightlegs_aircraft_ownerairlinecode', 'flightlegs_aircraft_typecode', 'flightlegs_depinfo_airport_country_name', 'flightlegs_arrinfo_airport_code', 'flightlegs_arrinfo_airport_country_name', 'flightlegs_depinfo_airport_code', 'flightlegs_scheduledflightduration', 'flightlegs_season', 'flightlegs_arrinfo_times_scheduled_dayPeriod', 'flightlegs_depinfo_times_scheduled_dayPeriod']",flightlegs_irregularity_delayduration_total,22.617958204516523,1477.1389496814784,38.43356540423329,-0.027201866398468555
RandomForestRegressor,simple,regression,162276,40569,,,,,"{""bootstrap"": true, ""ccp_alpha"": 0.0, ""criterion"": ""squared_error"", ""max_depth"": null, ""max_features"": 1.0, ""max_leaf_nodes"": null, ""max_samples"": null, ""min_impurity_decrease"": 0.0, ""min_samples_leaf"": 1, ""min_samples_split"": 2, ""min_weight_fraction_leaf"": 0.0, ""monotonic_cst"": null, ""n_estimators"": 100, ""n_jobs"": 6, ""oob_score"": false, ""random_state"": null, ""verbose"": 0, ""warm_start"": false}",207,[],"['flightlegs_aircraft_ownerairlinecode', 'flightlegs_aircraft_typecode', 'flightlegs_depinfo_airport_country_name', 'flightlegs_arrinfo_airport_code', 'flightlegs_arrinfo_airport_country_name', 'flightlegs_depinfo_airport_code', 'flightlegs_scheduledflightduration', 'flightlegs_season', 'flightlegs_arrinfo_times_scheduled_dayPeriod', 'flightlegs_depinfo_times_scheduled_dayPeriod']",flightlegs_irregularity_delayduration_total,22.378066289544172,1434.732471951721,37.87786255785457,0.002287582160710677
XGBRegressor,simple,regression,162276,40569,,,,,"{""objective"": ""reg:squarederror"", ""base_score"": null, ""booster"": null, ""callbacks"": null, ""colsample_bylevel"": null, ""colsample_bynode"": null, ""colsample_bytree"": null, ""device"": null, ""early_stopping_rounds"": null, ""enable_categorical"": false, ""eval_metric"": null, ""feature_types"": null, ""feature_weights"": null, ""gamma"": null, ""grow_policy"": null, ""importance_type"": null, ""interaction_constraints"": null, ""learning_rate"": null, ""max_bin"": null, ""max_cat_threshold"": null, ""max_cat_to_onehot"": null, ""max_delta_step"": null, ""max_depth"": null, ""max_leaves"": null, ""min_child_weight"": null, ""missing"": NaN, ""monotone_constraints"": null, ""multi_strategy"": null, ""n_estimators"": null, ""n_jobs"": 6, ""num_parallel_tree"": null, ""random_state"": null, ""reg_alpha"": null, ""reg_lambda"": null, ""sampling_method"": null, ""scale_pos_weight"": null, ""subsample"": null, ""tree_method"": null, ""validate_parameters"": null, ""verbosity"": null}",1,[],"['flightlegs_aircraft_ownerairlinecode', 'flightlegs_aircraft_typecode', 'flightlegs_depinfo_airport_country_name', 'flightlegs_arrinfo_airport_code', 'flightlegs_arrinfo_airport_country_name', 'flightlegs_depinfo_airport_code', 'flightlegs_scheduledflightduration', 'flightlegs_season', 'flightlegs_arrinfo_times_scheduled_dayPeriod', 'flightlegs_depinfo_times_scheduled_dayPeriod']",flightlegs_irregularity_delayduration_total,21.66389575341087,1339.9442990142948,36.60524961005313,0.06820324173682601
