feature,importance
cat__flightlegs_season_summer,0.10469345942713523
cat__flightlegs_season_spring,0.07099025484887929
cat__flightlegs_arrinfo_times_scheduled_dayPeriod_morning,0.0289019034957172
cat__flightlegs_depinfo_times_scheduled_dayPeriod_morning,0.02819899392945055
cat__flightlegs_aircraft_typecode_320,0.016658553383959235
cat__flightlegs_aircraft_typecode_319,0.014343003893538297
cat__flightlegs_aircraft_typecode_E90,0.013926002097922665
cat__flightlegs_aircraft_typecode_73H,0.013123966128333161
cat__flightlegs_arrinfo_times_scheduled_dayPeriod_evening,0.013122724370756822
cat__flightlegs_depinfo_times_scheduled_dayPeriod_evening,0.01297922673418197
cat__flightlegs_aircraft_typecode_32A,0.0113992586642231
num__flightlegs_scheduledflightduration,0.011064906999929389
cat__flightlegs_aircraft_ownerairlinecode_AF,0.010608790313259111
cat__flightlegs_aircraft_typecode_223,0.009622833535589135
cat__flightlegs_aircraft_typecode_321,0.009315479933203644
cat__flightlegs_aircraft_ownerairlinecode_WA,0.008815046620818338
cat__flightlegs_aircraft_typecode_73J,0.008748072860715763
cat__flightlegs_aircraft_typecode_73W,0.008202680673503573
cat__flightlegs_aircraft_typecode_318,0.007935474276558397
cat__flightlegs_aircraft_typecode_E7W,0.007685973053245214
cat__flightlegs_aircraft_typecode_295,0.006996174869684527
cat__flightlegs_arrinfo_airport_country_name_France,0.006784035819156829
cat__flightlegs_depinfo_airport_country_name_France,0.0062361360098796
cat__flightlegs_depinfo_airport_code_CDG,0.006203980965060416
cat__flightlegs_depinfo_airport_code_NCE,0.006000342365706375
cat__flightlegs_arrinfo_airport_code_CDG,0.005904148164962539
cat__flightlegs_arrinfo_airport_code_NCE,0.005785991752658562
cat__flightlegs_arrinfo_airport_code_TLS,0.0055896680284204525
cat__flightlegs_arrinfo_airport_country_name_Italy,0.005578537109572568
cat__flightlegs_arrinfo_airport_country_name_Spain,0.005533558215999117
cat__flightlegs_aircraft_typecode_32N,0.0054830441629291436
cat__flightlegs_aircraft_typecode_32Q,0.005455697360269157
cat__flightlegs_arrinfo_airport_code_MRS,0.005432299073454004
cat__flightlegs_depinfo_airport_code_MRS,0.005042375725840742
cat__flightlegs_aircraft_typecode_E70,0.004954316383736733
cat__flightlegs_arrinfo_airport_code_BCN,0.004922915984853103
cat__flightlegs_aircraft_ownerairlinecode_KL,0.004879103402426657
cat__flightlegs_arrinfo_airport_country_name_Germany,0.004641471606416619
cat__flightlegs_arrinfo_airport_code_LYS,0.0045993021796379985
cat__flightlegs_depinfo_airport_code_TLS,0.004468962329458092
cat__flightlegs_depinfo_airport_code_LYS,0.0041855879413709805
cat__flightlegs_arrinfo_airport_code_MAN,0.00416562396240972
cat__flightlegs_arrinfo_airport_code_LIN,0.004141597656812225
cat__flightlegs_depinfo_airport_country_name_Netherlands,0.004076436169887078
cat__flightlegs_arrinfo_airport_country_name_Isle of Man,0.004067865485398209
cat__flightlegs_depinfo_airport_country_name_Italy,0.003959503263121912
cat__flightlegs_depinfo_airport_code_AMS,0.00395173346765137
cat__flightlegs_arrinfo_airport_code_BOD,0.003931451310499589
cat__flightlegs_arrinfo_airport_code_MUC,0.0038820338608086245
cat__flightlegs_arrinfo_airport_code_AGP,0.003773444956015597
cat__flightlegs_aircraft_ownerairlinecode_A5,0.0037550173710441358
cat__flightlegs_arrinfo_airport_country_name_Switzerland,0.00371184568664909
cat__flightlegs_arrinfo_airport_code_BER,0.0036327090278901217
cat__flightlegs_arrinfo_airport_code_VIE,0.0036175627345787498
cat__flightlegs_arrinfo_airport_code_MAD,0.003612475372384758
cat__flightlegs_depinfo_airport_country_name_Germany,0.0035931010866347354
cat__flightlegs_arrinfo_airport_code_VCE,0.0035733079614872773
cat__flightlegs_depinfo_airport_code_LIN,0.003497762939821913
cat__flightlegs_arrinfo_airport_code_FCO,0.0034508307257971236
cat__flightlegs_arrinfo_airport_country_name_Denmark,0.0034446711868887933
cat__flightlegs_arrinfo_airport_code_MXP,0.003389636177852887
cat__flightlegs_arrinfo_airport_code_NTE,0.0033727208448833
cat__flightlegs_depinfo_airport_code_ORY,0.0033521313295748535
cat__flightlegs_depinfo_airport_country_name_Spain,0.00333830726341638
cat__flightlegs_depinfo_airport_code_BOD,0.003329631996082669
cat__flightlegs_arrinfo_airport_code_VLC,0.003236154780446917
cat__flightlegs_depinfo_airport_code_MAN,0.003124646379255601
cat__flightlegs_depinfo_airport_country_name_Switzerland,0.0030936791593304705
cat__flightlegs_arrinfo_airport_code_BHX,0.0030910231606462502
cat__flightlegs_depinfo_airport_code_BER,0.003054502769207502
cat__flightlegs_depinfo_airport_code_NTE,0.003041847924215903
cat__flightlegs_depinfo_airport_code_MUC,0.003013078421966006
cat__flightlegs_depinfo_airport_code_HAM,0.0029452349040696357
cat__flightlegs_depinfo_airport_code_VIE,0.0029311556637803757
cat__flightlegs_depinfo_airport_code_ZRH,0.002930689216968525
cat__flightlegs_arrinfo_airport_code_FRA,0.0029238582785812784
cat__flightlegs_arrinfo_airport_country_name_Norway,0.0029068958728782706
cat__flightlegs_aircraft_ownerairlinecode_ZQ,0.002900864269028619
cat__flightlegs_arrinfo_airport_code_ORY,0.0028882074744196015
cat__flightlegs_arrinfo_airport_code_BRS,0.0028615715063007906
cat__flightlegs_arrinfo_airport_code_NAP,0.002816396221618635
cat__flightlegs_arrinfo_airport_code_LHR,0.0027961812022731145
cat__flightlegs_arrinfo_airport_country_name_Portugal,0.002790934061848044
cat__flightlegs_arrinfo_airport_code_GVA,0.002736229884280879
cat__flightlegs_depinfo_airport_code_FCO,0.0027124131940280496
cat__flightlegs_arrinfo_airport_code_NCL,0.002711671532169949
cat__flightlegs_depinfo_airport_country_name_Denmark,0.002688020146811448
cat__flightlegs_aircraft_ownerairlinecode_EC,0.0026795358811453527
cat__flightlegs_depinfo_airport_code_BCN,0.0026662844175790097
cat__flightlegs_arrinfo_airport_code_CPH,0.0026658728679013048
cat__flightlegs_arrinfo_airport_country_name_Scotland,0.002657131819858999
cat__flightlegs_aircraft_ownerairlinecode_OS,0.0026510085565134133
cat__flightlegs_depinfo_airport_code_FLR,0.0026090248295134936
cat__flightlegs_aircraft_ownerairlinecode_HV,0.002587682982928308
cat__flightlegs_arrinfo_airport_code_OSL,0.0025852202931639728
cat__flightlegs_arrinfo_airport_code_PMI,0.0025828202209070223
cat__flightlegs_arrinfo_airport_country_name_Poland,0.002531484979090014
cat__flightlegs_arrinfo_airport_code_HAM,0.0025068143092659818
cat__flightlegs_arrinfo_airport_code_ATH,0.0024801647669142834
cat__flightlegs_arrinfo_airport_country_name_Sweden,0.0024375087809510084
cat__flightlegs_depinfo_airport_code_VCE,0.002432059671128612
cat__flightlegs_aircraft_ownerairlinecode_T3,0.002418111658505173
cat__flightlegs_arrinfo_airport_code_ZRH,0.002417637903423866
cat__flightlegs_depinfo_airport_country_name_Isle of Man,0.0024117389232847447
cat__flightlegs_arrinfo_airport_code_AMS,0.002403203295042769
cat__flightlegs_arrinfo_airport_code_BSL,0.0023578764930293713
cat__flightlegs_arrinfo_airport_country_name_Netherlands,0.0023516250789230217
cat__flightlegs_arrinfo_airport_code_LIS,0.0023507010489425212
cat__flightlegs_arrinfo_airport_code_BLQ,0.002318104815159544
cat__flightlegs_arrinfo_airport_code_AJA,0.002311102862030946
cat__flightlegs_depinfo_airport_code_NAP,0.0022761095156005125
cat__flightlegs_arrinfo_airport_country_name_Greece,0.002266903931263531
cat__flightlegs_depinfo_airport_country_name_Norway,0.0022560818289727026
cat__flightlegs_arrinfo_airport_code_OPO,0.002187776804747723
cat__flightlegs_arrinfo_airport_country_name_Croatia,0.002186936020449746
cat__flightlegs_arrinfo_airport_code_IBZ,0.0021817750060927864
cat__flightlegs_depinfo_airport_code_MAD,0.002173928792743544
cat__flightlegs_depinfo_airport_code_BLQ,0.0021678464432817505
cat__flightlegs_arrinfo_airport_country_name_Ireland,0.0021637872007651366
cat__flightlegs_depinfo_airport_code_DUS,0.002131897607392952
cat__flightlegs_depinfo_airport_code_GVA,0.002125359768686454
cat__flightlegs_arrinfo_airport_code_EDI,0.002114298477710589
cat__flightlegs_depinfo_airport_code_AJA,0.002080656352023763
cat__flightlegs_arrinfo_airport_code_FSC,0.0020539405694054956
cat__flightlegs_aircraft_ownerairlinecode_TO,0.002031555314082721
cat__flightlegs_arrinfo_airport_code_PRG,0.002021896677935467
cat__flightlegs_arrinfo_airport_code_DUB,0.0020136605374057514
cat__flightlegs_depinfo_airport_country_name_Poland,0.0020121534779306382
cat__flightlegs_arrinfo_airport_country_name_Czech Republic,0.0020061553237757687
cat__flightlegs_depinfo_airport_code_FSC,0.0019911663015347966
cat__flightlegs_depinfo_airport_country_name_Sweden,0.0019869442505282223
cat__flightlegs_depinfo_airport_code_LIS,0.001984125960806518
cat__flightlegs_depinfo_airport_country_name_Portugal,0.001981255133909273
cat__flightlegs_aircraft_ownerairlinecode_U2,0.001973433387153408
cat__flightlegs_arrinfo_airport_code_BIA,0.0019664023294304125
cat__flightlegs_arrinfo_airport_code_ALC,0.001957820990823231
cat__flightlegs_depinfo_airport_code_CPH,0.0019324012076028393
cat__flightlegs_depinfo_airport_code_BHX,0.001922965389825839
cat__flightlegs_depinfo_airport_code_FRA,0.0019174385071235227
cat__flightlegs_arrinfo_airport_code_BIO,0.0019090586862906328
cat__flightlegs_arrinfo_airport_code_ARN,0.0019069204561152524
cat__flightlegs_depinfo_airport_code_MXP,0.0018825666742463148
cat__flightlegs_aircraft_ownerairlinecode_XK,0.0018702513199683796
cat__flightlegs_depinfo_airport_code_LHR,0.0018671412046441906
cat__flightlegs_arrinfo_airport_code_BIQ,0.001860815736665773
cat__flightlegs_arrinfo_airport_code_BLL,0.001857741539744491
cat__flightlegs_arrinfo_airport_code_STR,0.0018067763447556437
cat__flightlegs_depinfo_airport_code_BIA,0.001794998234843642
cat__flightlegs_depinfo_airport_code_NCL,0.0017932632733973193
cat__flightlegs_depinfo_airport_code_AGP,0.0017924882111470654
cat__flightlegs_arrinfo_airport_code_BUD,0.0017745794472896165
cat__flightlegs_arrinfo_airport_code_GLA,0.0017620501969780678
cat__flightlegs_arrinfo_airport_code_LGW,0.001750343471492061
cat__flightlegs_depinfo_airport_code_BSL,0.0017389260440645693
cat__flightlegs_depinfo_airport_code_STR,0.001735380675360117
cat__flightlegs_depinfo_airport_code_VLC,0.0017248993438000074
cat__flightlegs_depinfo_airport_code_HAJ,0.0017203050452800396
cat__flightlegs_aircraft_ownerairlinecode_BA,0.0017168852500631276
cat__flightlegs_arrinfo_airport_code_BES,0.0017151464939468813
cat__flightlegs_arrinfo_airport_code_DUS,0.0016948957125802776
cat__flightlegs_depinfo_airport_code_BES,0.0016894827939075274
cat__flightlegs_arrinfo_airport_code_GOT,0.0016868006776954768
cat__flightlegs_arrinfo_airport_country_name_Hungary,0.0016758072834520204
cat__flightlegs_arrinfo_airport_code_WAW,0.001649189821774639
cat__flightlegs_arrinfo_airport_code_HAJ,0.0016277370085385327
cat__flightlegs_depinfo_airport_code_BLL,0.0016150569496949957
cat__flightlegs_depinfo_airport_code_OSL,0.0015768274217741653
cat__flightlegs_depinfo_airport_country_name_Czech Republic,0.001573964060950735
cat__flightlegs_arrinfo_airport_code_FLR,0.0015415261183191786
cat__flightlegs_depinfo_times_scheduled_dayPeriod_night,0.0015279254167842617
cat__flightlegs_depinfo_airport_code_BUD,0.001524923631495579
cat__flightlegs_depinfo_airport_code_NUE,0.0015222785373812382
cat__flightlegs_arrinfo_times_scheduled_dayPeriod_night,0.0015182516384012318
cat__flightlegs_depinfo_airport_code_PRG,0.0015031017525481726
cat__flightlegs_aircraft_ownerairlinecode_5O,0.0014932802815039558
cat__flightlegs_depinfo_airport_country_name_Hungary,0.0014918866922014684
cat__flightlegs_arrinfo_airport_code_NUE,0.0014879915162509093
cat__flightlegs_arrinfo_airport_code_LTN,0.001461172787875381
cat__flightlegs_depinfo_airport_code_BIQ,0.0014570564210901263
cat__flightlegs_depinfo_airport_code_OPO,0.0014526605895222085
cat__flightlegs_aircraft_ownerairlinecode_8R,0.0014514716527012535
cat__flightlegs_arrinfo_airport_code_CTA,0.0014231737509595795
cat__flightlegs_aircraft_typecode_AT7,0.0014099667808792312
cat__flightlegs_arrinfo_airport_code_LBA,0.0013731634543318666
cat__flightlegs_depinfo_airport_code_BRS,0.0013652962724516025
cat__flightlegs_arrinfo_airport_code_SPU,0.001352718758792387
cat__flightlegs_depinfo_airport_code_GOT,0.0013393838647595279
cat__flightlegs_depinfo_airport_country_name_Croatia,0.001308548408299605
cat__flightlegs_depinfo_airport_code_DUB,0.0012990862767129343
cat__flightlegs_depinfo_airport_code_WAW,0.0012918613999382488
cat__flightlegs_depinfo_airport_country_name_Ireland,0.0012721487292845525
cat__flightlegs_arrinfo_airport_code_BRE,0.0012470104509081771
cat__flightlegs_depinfo_airport_country_name_Scotland,0.0012407906908979002
cat__flightlegs_depinfo_airport_code_ARN,0.0012279616536981504
cat__flightlegs_arrinfo_airport_code_BGO,0.0012183289073212375
cat__flightlegs_arrinfo_airport_code_BRI,0.0012092896748694877
cat__flightlegs_aircraft_typecode_32S,0.0011862399748759345
cat__flightlegs_arrinfo_airport_code_KRK,0.0011565343644775973
cat__flightlegs_arrinfo_airport_code_SVQ,0.001148159699682883
cat__flightlegs_depinfo_airport_code_BGO,0.0011371082637139846
cat__flightlegs_depinfo_airport_code_ATH,0.001131428963387952
cat__flightlegs_arrinfo_airport_code_ZAG,0.0011312116980963665
cat__flightlegs_arrinfo_airport_code_TRN,0.0011278511967094636
cat__flightlegs_depinfo_airport_code_BIO,0.0011171263718683072
cat__flightlegs_aircraft_ownerairlinecode_AZ,0.001112263314343758
cat__flightlegs_arrinfo_airport_code_GDN,0.0011012003032249476
cat__flightlegs_arrinfo_airport_code_ABZ,0.0010941547992014335
cat__flightlegs_depinfo_airport_code_EDI,0.0010862818138212954
cat__flightlegs_arrinfo_airport_country_name_Serbia,0.001085612811893024
cat__flightlegs_arrinfo_airport_code_OLB,0.0010799309566364014
cat__flightlegs_arrinfo_airport_code_HUY,0.0010748185823761477
cat__flightlegs_arrinfo_airport_code_FAO,0.0010729195401249756
cat__flightlegs_aircraft_typecode_7M8,0.0010721286019933424
cat__flightlegs_arrinfo_airport_code_SVG,0.001072117009914579
cat__flightlegs_arrinfo_airport_code_MME,0.0010663686120392455
cat__flightlegs_arrinfo_airport_code_HER,0.0010609292270171119
cat__flightlegs_depinfo_airport_code_KRK,0.0010518895277362899
cat__flightlegs_arrinfo_airport_code_NWI,0.0010481333423850421
cat__flightlegs_aircraft_ownerairlinecode_BT,0.0010359291331080544
cat__flightlegs_arrinfo_airport_code_PMO,0.0010269077582654052
cat__flightlegs_depinfo_airport_code_ZAG,0.0010127994576234537
cat__flightlegs_depinfo_airport_country_name_Greece,0.0010071077159690225
cat__flightlegs_arrinfo_airport_code_CAG,0.0010008513807957132
cat__flightlegs_arrinfo_airport_code_LCY,0.0010003815501513056
cat__flightlegs_depinfo_airport_code_GLA,0.0009972967002513577
cat__flightlegs_aircraft_ownerairlinecode_AY,0.0009897825307632196
cat__flightlegs_depinfo_airport_code_HEL,0.0009820486206186083
cat__flightlegs_arrinfo_airport_code_BEG,0.0009661342246838763
cat__flightlegs_arrinfo_airport_code_SOU,0.0009553172585370235
cat__flightlegs_aircraft_typecode_E95,0.0009463968829304016
cat__flightlegs_arrinfo_airport_code_RHO,0.0009402423510287552
cat__flightlegs_depinfo_airport_code_PUF,0.000929482585631258
cat__flightlegs_arrinfo_airport_code_DBV,0.0009193410642849813
cat__flightlegs_arrinfo_airport_code_MAH,0.0009133585716965424
cat__flightlegs_depinfo_airport_code_BRE,0.0008914934378210867
cat__flightlegs_depinfo_airport_code_ABZ,0.0008823760375524228
cat__flightlegs_depinfo_airport_code_LBA,0.0008720325399983267
cat__flightlegs_depinfo_airport_code_SOU,0.0008632085915388699
cat__flightlegs_depinfo_airport_code_SVG,0.0008572348571731948
cat__flightlegs_depinfo_airport_country_name_Finland,0.0008561057366562645
cat__flightlegs_depinfo_airport_code_IBZ,0.0008483628849910769
cat__flightlegs_depinfo_airport_code_GDN,0.0008422252577982435
cat__flightlegs_aircraft_ownerairlinecode_JU,0.0008340659307654578
cat__flightlegs_aircraft_ownerairlinecode_YY,0.0008336527184495816
cat__flightlegs_arrinfo_airport_code_OTP,0.0008336170575569141
cat__flightlegs_arrinfo_airport_code_HEL,0.0008324825130644272
cat__flightlegs_arrinfo_airport_country_name_Romania,0.000828232196582679
cat__flightlegs_depinfo_airport_code_MME,0.0008256741019195139
cat__flightlegs_depinfo_airport_code_PMI,0.0008201296301544826
cat__flightlegs_arrinfo_airport_code_PUF,0.0008098971521711981
cat__flightlegs_depinfo_airport_code_NWI,0.0008053981569055981
cat__flightlegs_arrinfo_airport_code_KRS,0.0007989118809462826
cat__flightlegs_depinfo_airport_code_SPU,0.0007926719873834798
cat__flightlegs_arrinfo_airport_country_name_Finland,0.0007825505479487589
cat__flightlegs_depinfo_airport_country_name_Romania,0.0007685236340209901
cat__flightlegs_depinfo_airport_code_TRN,0.0007670834966279588
cat__flightlegs_arrinfo_airport_code_LJU,0.0007488331133532214
cat__flightlegs_arrinfo_airport_code_LUX,0.000747608241212303
cat__flightlegs_arrinfo_airport_code_TRD,0.0007411274726788957
cat__flightlegs_arrinfo_airport_country_name_Luxembourg,0.0007381236541051753
cat__flightlegs_arrinfo_airport_country_name_Northern Ireland,0.0007043747981713274
cat__flightlegs_depinfo_airport_code_OTP,0.0007009213671311006
cat__flightlegs_arrinfo_airport_code_GOA,0.0006985408242051828
cat__flightlegs_depinfo_airport_code_DBV,0.0006956942061886884
cat__flightlegs_arrinfo_airport_code_INV,0.000693846659739796
cat__flightlegs_arrinfo_airport_code_CHQ,0.0006848395909933204
cat__flightlegs_arrinfo_airport_code_BRU,0.0006834013726152523
cat__flightlegs_arrinfo_airport_country_name_Belgium,0.0006796180359338176
cat__flightlegs_arrinfo_airport_code_TFS,0.0006785020766925397
cat__flightlegs_arrinfo_airport_country_name_Slovenia,0.0006676545102000529
cat__flightlegs_depinfo_airport_code_INV,0.000663755834389757
cat__flightlegs_depinfo_airport_code_CTA,0.0006635268348978074
cat__flightlegs_depinfo_airport_code_TRD,0.0006633145636474545
cat__flightlegs_aircraft_ownerairlinecode_LH,0.0006566140911054127
cat__flightlegs_arrinfo_airport_code_ORK,0.0006535756383413055
cat__flightlegs_depinfo_airport_code_GOA,0.0006394991391569214
cat__flightlegs_arrinfo_airport_code_WRO,0.000633222910173165
cat__flightlegs_depinfo_airport_code_LUX,0.0006222414390560344
cat__flightlegs_aircraft_ownerairlinecode_VY,0.0006211817775703513
cat__flightlegs_depinfo_airport_code_HUY,0.0006148700372610878
cat__flightlegs_depinfo_airport_code_LCY,0.0006118441293615188
cat__flightlegs_arrinfo_airport_country_name_Malta,0.0006014751560917223
cat__flightlegs_depinfo_airport_country_name_Luxembourg,0.0006004459834540585
cat__flightlegs_aircraft_typecode_220,0.0005939740732907175
cat__flightlegs_arrinfo_airport_code_VRN,0.0005644500482060402
cat__flightlegs_arrinfo_airport_code_LPA,0.0005458555695782744
cat__flightlegs_arrinfo_airport_code_CFU,0.0005452614395743205
cat__flightlegs_aircraft_typecode_221,0.0005438600608317369
cat__flightlegs_depinfo_airport_code_CAG,0.000531953317463867
cat__flightlegs_depinfo_airport_country_name_Serbia,0.0005308405843668016
cat__flightlegs_arrinfo_airport_code_LPL,0.0005246112639516552
cat__flightlegs_depinfo_airport_code_KRS,0.0005237356490093661
cat__flightlegs_arrinfo_airport_code_MLA,0.0005201068563793032
cat__flightlegs_arrinfo_airport_code_AES,0.0005174262370657572
cat__flightlegs_arrinfo_airport_code_ACE,0.0005155312803045754
cat__flightlegs_arrinfo_airport_code_JTR,0.0005149738678266317
cat__flightlegs_depinfo_airport_code_ORK,0.000503719049712927
cat__flightlegs_depinfo_airport_code_BEG,0.000503544723519452
cat__flightlegs_depinfo_airport_country_name_Belgium,0.0004976426356763979
cat__flightlegs_arrinfo_airport_code_SEN,0.0004955982939264009
cat__flightlegs_arrinfo_airport_code_SKG,0.0004901967265574177
cat__flightlegs_arrinfo_airport_code_BFS,0.0004810579123784462
cat__flightlegs_depinfo_airport_code_WRO,0.0004805810645131972
cat__flightlegs_arrinfo_airport_code_POZ,0.0004682483081203639
cat__flightlegs_depinfo_airport_code_POZ,0.00045901385855254213
cat__flightlegs_arrinfo_airport_code_JMK,0.00045838750845631903
cat__flightlegs_depinfo_airport_code_SVQ,0.00045774685682532356
cat__flightlegs_aircraft_ownerairlinecode_XG,0.0004566265538205998
cat__flightlegs_arrinfo_airport_code_BDS,0.0004559178454176571
cat__flightlegs_aircraft_ownerairlinecode_LX,0.00045588888999368725
cat__flightlegs_aircraft_ownerairlinecode_OU,0.00045537339461861406
cat__flightlegs_arrinfo_airport_code_TLN,0.00044339960223460087
cat__flightlegs_arrinfo_airport_code_PGF,0.0004345330141348668
cat__flightlegs_depinfo_airport_code_BRU,0.00043350950836254835
cat__flightlegs_aircraft_ownerairlinecode_DS,0.0004236562343521435
cat__flightlegs_arrinfo_airport_code_KGS,0.0004138536652125084
cat__flightlegs_aircraft_ownerairlinecode_RQ,0.0004130592414113177
cat__flightlegs_aircraft_typecode_32B,0.0004043390764776823
cat__flightlegs_depinfo_airport_code_OLB,0.0004023066668923766
cat__flightlegs_depinfo_airport_code_AES,0.0003939523559810316
cat__flightlegs_aircraft_typecode_7M9,0.0003936634160824059
cat__flightlegs_arrinfo_airport_code_CWL,0.00039028736752894956
cat__flightlegs_arrinfo_airport_code_ZTH,0.00037584969970055323
cat__flightlegs_depinfo_airport_code_EXT,0.0003642487950977072
cat__flightlegs_depinfo_airport_code_HER,0.0003625686768674376
cat__flightlegs_arrinfo_airport_country_name_Wales,0.0003461688579605188
cat__flightlegs_depinfo_airport_code_LJU,0.00034596283081576596
cat__flightlegs_arrinfo_airport_code_STN,0.0003421250755018488
cat__flightlegs_arrinfo_airport_code_EXT,0.00033949304194891294
cat__flightlegs_aircraft_typecode_DH4,0.0003385520144548928
cat__flightlegs_arrinfo_airport_country_name_Iran,0.0003368687793995693
cat__flightlegs_depinfo_airport_country_name_Slovenia,0.000336589031474502
cat__flightlegs_depinfo_airport_country_name_Wales,0.0003344880664574194
cat__flightlegs_depinfo_airport_code_VRN,0.00032906855351629905
cat__flightlegs_aircraft_ownerairlinecode_A6,0.00032771682768568494
cat__flightlegs_arrinfo_airport_code_FNC,0.00032736956379054733
cat__flightlegs_depinfo_airport_code_CWL,0.0003263797526872744
cat__flightlegs_arrinfo_airport_code_KLX,0.0003193488945858374
cat__flightlegs_depinfo_airport_code_PMO,0.0003150166000367526
cat__flightlegs_depinfo_airport_code_ALC,0.00030993340384776613
cat__flightlegs_aircraft_ownerairlinecode_EI,0.0003093189489727795
cat__flightlegs_aircraft_ownerairlinecode_LO,0.00030390543756801815
cat__flightlegs_arrinfo_airport_code_TIA,0.00029839350340804093
cat__flightlegs_aircraft_ownerairlinecode_IB,0.00029765426973409927
cat__flightlegs_depinfo_airport_code_JTR,0.00028395508436940574
cat__flightlegs_arrinfo_airport_country_name_Bulgaria,0.00028359238594949105
cat__flightlegs_depinfo_airport_code_MLA,0.0002823408221183235
cat__flightlegs_depinfo_airport_code_BRI,0.00027196688710666325
cat__flightlegs_aircraft_ownerairlinecode_KM,0.0002692482125138866
cat__flightlegs_depinfo_airport_country_name_Northern Ireland,0.00026571262613292885
cat__flightlegs_arrinfo_airport_code_KEF,0.0002643582446952053
cat__flightlegs_aircraft_ownerairlinecode_LG,0.0002630759302192586
cat__flightlegs_depinfo_airport_code_BHD,0.00026298917622971744
cat__flightlegs_aircraft_ownerairlinecode_GW,0.00025692307067587335
cat__flightlegs_arrinfo_airport_country_name_Iceland,0.0002557889190181262
cat__flightlegs_depinfo_airport_country_name_Malta,0.00025567305553460577
cat__flightlegs_arrinfo_airport_code_BHD,0.0002539748221368322
cat__flightlegs_aircraft_typecode_E75,0.0002333050024540793
cat__flightlegs_aircraft_ownerairlinecode_NL,0.00023037605892976156
cat__flightlegs_arrinfo_airport_code_PSA,0.00022965806350927202
cat__flightlegs_arrinfo_airport_code_PVK,0.00021884469020585817
cat__flightlegs_aircraft_ownerairlinecode_DX,0.00021718403932124538
cat__flightlegs_arrinfo_airport_code_FUE,0.00021507976792910092
cat__flightlegs_aircraft_typecode_77W,0.00021489580850570728
cat__flightlegs_aircraft_ownerairlinecode_RO,0.00021227946315142458
cat__flightlegs_arrinfo_airport_country_name_Montenegro,0.000196393367318485
cat__flightlegs_aircraft_typecode_ER4,0.00018920520110406105
cat__flightlegs_arrinfo_airport_code_TLL,0.00018905821165940127
cat__flightlegs_aircraft_ownerairlinecode_VO,0.00018757084444528051
cat__flightlegs_arrinfo_airport_country_name_Moldova,0.00018566492612769294
cat__flightlegs_depinfo_airport_code_JMK,0.00018231181383734238
cat__flightlegs_arrinfo_airport_code_GRO,0.0001772356325895936
cat__flightlegs_arrinfo_airport_country_name_Estonia,0.0001707907743191956
cat__flightlegs_depinfo_airport_code_RHO,0.00016902990206607696
cat__flightlegs_aircraft_ownerairlinecode_FB,0.00016686594105081118
cat__flightlegs_aircraft_ownerairlinecode_BD,0.000164146353217593
cat__flightlegs_depinfo_airport_code_FAO,0.00016247361330740158
cat__flightlegs_aircraft_ownerairlinecode_QS,0.00016094925546972084
cat__flightlegs_arrinfo_airport_code_RMO,0.00015634581629036563
cat__flightlegs_arrinfo_airport_code_OVD,0.00015523946058119747
cat__flightlegs_arrinfo_airport_code_SOF,0.00015161598315711813
cat__flightlegs_arrinfo_airport_code_TOS,0.00014184876572902966
cat__flightlegs_arrinfo_airport_code_TIV,0.0001410454134047466
cat__flightlegs_aircraft_ownerairlinecode_AP,0.00013542827676176164
cat__flightlegs_aircraft_typecode_AT4,0.00013447133911766794
cat__flightlegs_aircraft_typecode_772,0.00013254657707864194
cat__flightlegs_aircraft_ownerairlinecode_DY,0.00011977672259599164
cat__flightlegs_arrinfo_airport_code_TGD,0.00011942250919862938
cat__flightlegs_aircraft_ownerairlinecode_SK,0.00011926979628435055
cat__flightlegs_arrinfo_airport_country_name_Latvia,0.00011905770296134416
cat__flightlegs_aircraft_ownerairlinecode_JP,0.00011639488681340008
cat__flightlegs_aircraft_ownerairlinecode_CE,0.00011417707764298228
cat__flightlegs_aircraft_ownerairlinecode_XM,0.00011079497815162035
cat__flightlegs_aircraft_ownerairlinecode_SR,0.00011070396116501863
cat__flightlegs_arrinfo_airport_code_RIX,0.00010626049458656378
cat__flightlegs_arrinfo_airport_code_EFL,0.00010514605399442326
cat__flightlegs_arrinfo_airport_code_LIG,9.342189470793538e-05
cat__flightlegs_arrinfo_airport_code_VAR,9.317463987921481e-05
cat__flightlegs_aircraft_ownerairlinecode_I2,9.12847236173397e-05
cat__flightlegs_aircraft_ownerairlinecode_RC,8.98372072777406e-05
cat__flightlegs_arrinfo_airport_country_name_Falkland Islands,8.855585699544142e-05
cat__flightlegs_arrinfo_airport_code_SZG,8.83250312544378e-05
cat__flightlegs_arrinfo_airport_code_FAE,8.685407594061958e-05
cat__flightlegs_depinfo_airport_code_LIG,8.346287816459987e-05
cat__flightlegs_aircraft_ownerairlinecode_QW,8.034171764491514e-05
cat__flightlegs_aircraft_ownerairlinecode_99,7.991073807644664e-05
cat__flightlegs_arrinfo_airport_code_VNO,7.775107001107098e-05
cat__flightlegs_arrinfo_airport_code_JSI,7.57803737016094e-05
cat__flightlegs_aircraft_ownerairlinecode_TB,7.532747218373168e-05
cat__flightlegs_arrinfo_airport_code_MJT,7.525482438971113e-05
cat__flightlegs_aircraft_typecode_CS3,7.311080216621037e-05
cat__flightlegs_depinfo_airport_code_TIA,7.26725662629669e-05
cat__flightlegs_depinfo_airport_country_name_Iran,6.983013470822744e-05
cat__flightlegs_arrinfo_airport_code_BOJ,6.638593352693156e-05
cat__flightlegs_arrinfo_airport_code_SCQ,6.426249162125803e-05
cat__flightlegs_aircraft_ownerairlinecode_GT,6.008232553656025e-05
cat__flightlegs_aircraft_ownerairlinecode_UQ,5.9642996660023394e-05
cat__flightlegs_aircraft_typecode_738,5.668716205583222e-05
cat__flightlegs_aircraft_ownerairlinecode_FI,5.5556794386491566e-05
cat__flightlegs_aircraft_typecode_290,5.4692503061122196e-05
cat__flightlegs_arrinfo_airport_country_name_Lithuania,5.4634051892976724e-05
cat__flightlegs_aircraft_typecode_75W,5.237322661957361e-05
cat__flightlegs_aircraft_ownerairlinecode_A2,5.0166290742917115e-05
cat__flightlegs_aircraft_ownerairlinecode_EN,4.875286665026504e-05
cat__flightlegs_depinfo_airport_code_RVN,4.870518062208946e-05
cat__flightlegs_aircraft_ownerairlinecode_WK,4.725000230961957e-05
cat__flightlegs_depinfo_airport_code_TOS,4.719079591049121e-05
cat__flightlegs_aircraft_ownerairlinecode_C0,3.904176046858001e-05
cat__flightlegs_aircraft_ownerairlinecode_C3,3.8834137126007524e-05
cat__flightlegs_arrinfo_airport_code_PUY,3.8665732209746824e-05
cat__flightlegs_aircraft_ownerairlinecode_R6,3.629908456665687e-05
cat__flightlegs_aircraft_ownerairlinecode_TP,3.5479830793242805e-05
cat__flightlegs_arrinfo_airport_code_PDL,3.401439966570186e-05
cat__flightlegs_aircraft_ownerairlinecode_E9,3.2287865417368557e-05
cat__flightlegs_aircraft_ownerairlinecode_H3,3.124537456150009e-05
cat__flightlegs_aircraft_typecode_BEH,3.0701931948114596e-05
cat__flightlegs_arrinfo_airport_code_KTT,2.8849266282136316e-05
cat__flightlegs_aircraft_ownerairlinecode_ED,2.85140109991905e-05
cat__flightlegs_depinfo_airport_code_TFS,2.837975094482742e-05
cat__flightlegs_aircraft_typecode_359,2.8020143646371076e-05
cat__flightlegs_aircraft_ownerairlinecode_IG,2.7954046111437338e-05
cat__flightlegs_arrinfo_airport_code_RVN,2.467406137662401e-05
cat__flightlegs_aircraft_ownerairlinecode_PS,2.2717577876333136e-05
cat__flightlegs_aircraft_typecode_7S8,2.2128657941633418e-05
cat__flightlegs_aircraft_ownerairlinecode_TF,2.1682781253826162e-05
cat__flightlegs_aircraft_typecode_73G,2.1509841840014108e-05
cat__flightlegs_arrinfo_airport_code_BTS,2.076784160628196e-05
cat__flightlegs_arrinfo_airport_code_AOK,1.9272820225882353e-05
cat__flightlegs_aircraft_ownerairlinecode_AE,1.877317145155013e-05
cat__flightlegs_aircraft_ownerairlinecode_MT,1.8716717384424568e-05
cat__flightlegs_depinfo_airport_code_KTT,1.851982449236375e-05
cat__flightlegs_aircraft_ownerairlinecode_OK,1.761621285405271e-05
cat__flightlegs_depinfo_airport_code_TER,1.721945903368507e-05
cat__flightlegs_arrinfo_airport_code_INN,1.6835288518185045e-05
cat__flightlegs_arrinfo_airport_code_SPC,1.643819360985595e-05
cat__flightlegs_aircraft_typecode_733,1.6207250549964296e-05
cat__flightlegs_arrinfo_airport_country_name_Slovakia,1.4284495509956931e-05
cat__flightlegs_aircraft_ownerairlinecode_8H,1.1957406107307436e-05
cat__flightlegs_aircraft_ownerairlinecode_UX,1.1511711034160382e-05
cat__flightlegs_aircraft_ownerairlinecode_T7,6.204120566196939e-06
