continent,subcontinent,country,iata,country_code,region_name,icao,airport,latitude,longitude
Europe,United Kingdom,England,BHX,GB,England,EGBB,Birmingham Airport,52.4539,-1.74803
Europe,United Kingdom,England,BOH,GB,England,EGHH,Bournemouth Airport,50.78,-1.8425
Europe,United Kingdom,England,BRS,GB,England,EGGD,Bristol Airport,51.3827,-2.71909
Europe,United Kingdom,England,EXT,GB,England,EGTE,Exeter International Airport,50.7344,-3.41389
Europe,United Kingdom,England,HUY,GB,England,EGNJ,Humberside Airport,53.5744,-0.350833
Europe,United Kingdom,England,LBA,GB,England,EGNM,Leeds Bradford Airport,53.8659,-1.66057
Europe,United Kingdom,England,LPL,GB,England,EGGP,Liverpool John Lennon Airport,53.3336,-2.84972
Europe,United Kingdom,England,LGW,GB,England,EGKK,Gatwick Airport,51.1481,-0.190278
Europe,United Kingdom,England,LHR,GB,England,EGLL,Heathrow Airport,51.4775,-0.461389
Europe,United Kingdom,England,LCY,GB,England,EGLC,London City Airport,51.5053,0.055278
Europe,United Kingdom,England,SEN,GB,England,EGMC,London Southend Airport,51.5703,0.693333
Europe,United Kingdom,England,STN,GB,England,EGSS,London Stansted Airport,51.885,0.235
Europe,United Kingdom,England,LTN,GB,England,EGGW,London Luton Airport,51.8747,-0.368333
Europe,United Kingdom,England,MAN,GB,England,EGCC,Manchester Airport,53.3537,-2.27495
Europe,United Kingdom,England,MME,GB,England,EGNV,Teesside International Airport,54.5092,-1.42941
Europe,United Kingdom,England,NCL,GB,England,EGNT,Newcastle Airport,55.0375,-1.69167
Europe,United Kingdom,England,NQY,GB,England,EGHQ,Cornwall Airport Newquay,50.4406,-4.99541
Europe,United Kingdom,England,NWI,GB,England,EGSH,Norwich International Airport,52.6758,1.28278
Europe,United Kingdom,England,EMA,GB,England,EGNX,East Midlands Airport,52.8311,-1.32806
Europe,United Kingdom,England,SOU,GB,England,EGHI,Southampton Airport,50.9503,-1.3568
Europe,United Kingdom,Northern Ireland,BFS,GB,Northern Ireland,EGAA,Belfast International Airport,54.6575,-6.21583
Europe,United Kingdom,Northern Ireland,BHD,GB,Northern Ireland,EGAC,George Best Belfast City Airport,54.6181,-5.8725
Europe,United Kingdom,Northern Ireland,LDY,GB,Northern Ireland,EGAE,City of Derry Airport,55.0428,-7.16111
Europe,United Kingdom,Scotland,ABZ,GB,Scotland,EGPD,Aberdeen Airport,57.2019,-2.19778
Europe,United Kingdom,Scotland,EDI,GB,Scotland,EGPH,Edinburgh Airport,55.95,-3.3725
Europe,United Kingdom,Scotland,GLA,GB,Scotland,EGPF,Glasgow Airport,55.8719,-4.43306
Europe,United Kingdom,Scotland,PIK,GB,Scotland,EGPK,Glasgow Prestwick Airport,55.5094,-4.58667
Europe,United Kingdom,Scotland,INV,GB,Scotland,EGPE,Inverness Airport,57.5425,-4.0475
Europe,United Kingdom,Wales,CWL,GB,Wales,EGFF,Cardiff Airport,51.3967,-3.34333
Europe,Western Europe,Belgium,ANR,BE,Antwerpen,EBAW,Antwerp International Airport,51.1894,4.46028
Europe,Western Europe,Belgium,BRU,BE,Brussels Hoofdstedelijk Gewest,EBBR,Brussels Airport (Zaventem Airport),50.9014,4.48444
Europe,Western Europe,Belgium,CRL,BE,Hainaut,EBCI,Brussels South Charleroi Airport,50.4592,4.45382
Europe,Western Europe,Belgium,LGG,BE,Liege,EBLG,Liege Airport,50.6374,5.44322
Europe,Western Europe,Belgium,OST,BE,West-Vlaanderen,EBOS,Ostend-Bruges International Airport,51.1989,2.86222
Europe,Western Europe,France,AJA,FR,Corse,LFKJ,Ajaccio Napoleon Bonaparte Airport,41.9236,8.80292
Europe,Western Europe,France,BIA,FR,Corse,LFKB,Bastia - Poretta Airport,42.5527,9.48373
Europe,Western Europe,France,BVA,FR,Hauts-de-France,LFOB,Beauvais–Tillé Airport,49.45444,2.11277
Europe,Western Europe,France,EGC,FR,Nouvelle-Aquitaine,LFBE,Bergerac Dordogne Perigord Airport,44.8253,0.518611
Europe,Western Europe,France,BZR,FR,Occitanie,LFMU,Beziers Cap d'Agde Airport,43.3235,3.3539
Europe,Western Europe,France,BIQ,FR,Nouvelle-Aquitaine,LFBZ,Biarritz Pays Basque Airport,43.4683,-1.53111
Europe,Western Europe,France,BOD,FR,Nouvelle-Aquitaine,LFBD,Bordeaux-Merignac Airport,44.8283,-0.715556
Europe,Western Europe,France,BES,FR,Bretagne,LFRB,Brest Bretagne Airport,48.4479,-4.41854
Europe,Western Europe,France,CCF,FR,Occitanie,LFMK,Carcassonne Airport,43.216,2.30632
Europe,Western Europe,France,XCR,FR,Grand-Est,LFOK,Chalons Vatry Airport,48.7806,4.1883
Europe,Western Europe,France,CMF,FR,Auvergne-Rhone-Alpes,LFLB,Chambery-Savoie Airport,45.6381,5.88023
Europe,Western Europe,France,DNR,FR,Bretagne,LFRD,Dinard-Pleurtuit-Saint-Malo Airport,48.5877,-2.07996
Europe,Western Europe,France,FSC,FR,Corse,LFKF,Figari-Sud Corse Airport,41.5006,9.09778
Europe,Western Europe,France,GNB,FR,Auvergne-Rhone-Alpes,LFLS,Grenoble-Isere Airport,45.3629,5.32937
Europe,Western Europe,France,LRH,FR,Nouvelle-Aquitaine,LFBH,La Rochelle - Ile de Re Airport,46.1792,-1.19528
Europe,Western Europe,France,LIL,FR,Hauts-de-France,LFQQ,Lille Airport (Lille-Lesquin Airport),50.5633,3.08689
Europe,Western Europe,France,LIG,FR,Nouvelle-Aquitaine,LFBL,Limoges - Bellegarde Airport,45.8628,1.17944
Europe,Western Europe,France,LYS,FR,Auvergne-Rhone-Alpes,LFLL,Lyon-Saint-Exupery Airport,45.7256,5.08111
Europe,Western Europe,France,MRS,FR,Provence-Alpes-Cote-d'Azur,LFML,Marseille Provence Airport,43.4393,5.22142
Europe,Western Europe,France,BSL,CH,Basel-City,LFSB,EuroAirport Basel Mulhouse Freiburg,47.59,7.52916
Europe,Western Europe,France,NTE,FR,Pays-de-la-Loire,LFRS,Nantes Atlantique Airport,47.1532,-1.61073
Europe,Western Europe,France,NCE,FR,Provence-Alpes-Cote-d'Azur,LFMN,Nice Cote d'Azur Airport,43.6584,7.21587
Europe,Western Europe,France,FNI,FR,Occitanie,LFTW,Nimes-Ales-Camargue-Cevennes Airport (Garons Airport),43.7574,4.41635
Europe,Western Europe,France,CDG,FR,Ile-de-France,LFPG,Paris Charles de Gaulle Airport,49.0097,2.54778
Europe,Western Europe,France,ORY,FR,Ile-de-France,LFPO,Aéroport de Paris-Orly,48.7231,2.35944
Europe,Western Europe,France,PUF,FR,Nouvelle-Aquitaine,LFBP,Pau Pyrenees Airport,43.38,-0.418611
Europe,Western Europe,France,PGF,FR,Occitanie,LFMP,Perpignan-Rivesaltes Airport,42.7404,2.87067
Europe,Western Europe,France,PIS,FR,Nouvelle-Aquitaine,LFBI,Poitiers-Biard Airport,46.5877,0.306666
Europe,Western Europe,France,RDZ,FR,Occitanie,LFCR,Rodez-Marcillac Airport,44.4079,2.48267
Europe,Western Europe,France,EBU,FR,Auvergne-Rhone-Alpes,LFMH,Saint-Etienne-Boutheon Airport,45.5406,4.29639
Europe,Western Europe,France,SXB,FR,Grand-Est,LFST,Strasbourg Airport,48.5383,7.62823
Europe,Western Europe,France,TLN,FR,Provence-Alpes-Cote-d'Azur,LFTH,Toulon-Hyeres Airport (Hyeres Le Palyvestre Airport),43.0973,6.14603
Europe,Western Europe,France,TLS,FR,Occitanie,LFBO,Toulouse-Blagnac Airport,43.6291,1.36382
Europe,Western Europe,France,TUF,FR,Centre-Val de Loire,LFOT,Tours Val de Loire Airport,47.4322,0.727606
Europe,Western Europe,Gibraltar,GIB,GI,Gibraltar,LXGB,Gibraltar International Airport (North Front Airport),36.1512,-5.34966
Europe,Western Europe,Ireland,ORK,IE,Cork,EICK,Cork Airport,51.8413,-8.49111
Europe,Western Europe,Ireland,DUB,IE,Dublin,EIDW,Dublin Airport,53.4213,-6.27007
Europe,Western Europe,Ireland,KIR,IE,Kerry,EIKY,Kerry Airport (Farranfore Airport),52.1809,-9.52378
Europe,Western Europe,Ireland,NOC,IE,Mayo,EIKN,Ireland West Airport Knock,53.9103,-8.81849
Europe,Western Europe,Ireland,SNN,IE,Clare,EINN,Shannon Airport,52.702,-8.92482
Europe,Western Europe,Isle of Man,IOM,GB,England,EGNS,Isle of Man Airport,54.0833,-4.62333
Europe,Western Europe,Jersey,JER,JE,Jersey,EGJJ,Jersey Airport,49.2081,-2.19528
Europe,Western Europe,Luxembourg,LUX,LU,Luxembourg,ELLX,Luxembourg Findel Airport,49.6233,6.20444
Europe,Western Europe,Netherlands,AMS,NL,Noord-Holland,EHAM,Amsterdam Airport Schiphol,52.3086,4.76389
Europe,Western Europe,Netherlands,EIN,NL,Noord-Brabant,EHEH,Eindhoven Airport,51.4501,5.37453
Europe,Western Europe,Netherlands,GRQ,NL,Drenthe,EHGG,Groningen Airport Eelde,53.1197,6.57944
Europe,Western Europe,Netherlands,MST,NL,Limburg,EHBK,Maastricht Aachen Airport,50.9117,5.77014
Europe,Western Europe,Netherlands,RTM,NL,Zuid-Holland,EHRD,Rotterdam The Hague Airport,51.9569,4.43722
Europe,Central Europe,Austria,GRZ,AT,Steiermark,LOWG,Graz Airport,46.9911,15.4396
Europe,Central Europe,Austria,KLU,AT,Karnten,LOWK,Klagenfurt Airport,46.6425,14.3377
Europe,Central Europe,Austria,INN,AT,Tirol,LOWI,Innsbruck Airport (Kranebitten Airport),47.2602,11.344
Europe,Central Europe,Austria,LNZ,AT,Oberosterreich,LOWL,Linz Airport (Blue Danube Airport),48.2332,14.1875
Europe,Central Europe,Austria,SZG,AT,Salzburg,LOWS,Salzburg Airport,47.7933,13.0043
Europe,Central Europe,Austria,VIE,AT,Niederosterreich,LOWW,Vienna International Airport,48.1103,16.5697
Europe,Central Europe,Czech Republic,BRQ,CZ,Jihomoravsky kraj,LKTB,Brno-Turany Airport,49.1513,16.6944
Europe,Central Europe,Czech Republic,JCL,CZ,Jihocesky kraj,LKCS,Ceske Budejovice Airport (Plana Airport),48.9464,14.4275
Europe,Central Europe,Czech Republic,KLV,CZ,Karlovarsky kraj,LKKV,Karlovy Vary Airport,50.203,12.915
Europe,Central Europe,Czech Republic,OSR,CZ,Moravskoslezsky kraj,LKMT,Leos Janacek Airport,49.6963,18.1111
Europe,Central Europe,Czech Republic,PED,CZ,Pardubicky kraj,LKPD,Pardubice Airport,50.0134,15.7386
Europe,Central Europe,Czech Republic,PRG,CZ,Stredocesky kraj,LKPR,Vaclav Havel Airport Prague,50.1008,14.26
Europe,Central Europe,Germany,FKB,DE,Baden-Wurttemberg,EDSB,Karlsruhe/Baden-Baden Airport,48.7794,8.0805
Europe,Central Europe,Germany,BER,DE,Brandenburg,EDDB,Berlin Brandenburg Airport,52.3514,13.4939
Europe,Central Europe,Germany,BRE,DE,Bremen,EDDW,Bremen Airport,53.0475,8.78667
Europe,Central Europe,Germany,CGN,DE,Nordrhein-Westfalen,EDDK,Cologne Bonn Airport,50.8659,7.14274
Europe,Central Europe,Germany,DTM,DE,Nordrhein-Westfalen,EDLW,Dortmund Airport,51.5183,7.61224
Europe,Central Europe,Germany,DUS,DE,Nordrhein-Westfalen,EDDL,Dusseldorf Airport,51.2895,6.76678
Europe,Central Europe,Germany,FRA,DE,Hessen,EDDF,Frankfurt Airport,50.0333,8.57056
Europe,Central Europe,Germany,HHN,DE,Rheinland-Pfalz,EDFH,Frankfurt-Hahn Airport,49.9487,7.26389
Europe,Central Europe,Germany,FDH,DE,Baden-Wurttemberg,EDNY,Friedrichshafen Airport (Bodensee Airport),47.6713,9.51149
Europe,Central Europe,Germany,HAM,DE,Hamburg,EDDH,Hamburg Airport,53.6304,9.98823
Europe,Central Europe,Germany,HAJ,DE,Niedersachsen,EDDV,Hannover Airport,52.4611,9.68508
Europe,Central Europe,Germany,LEJ,DE,Sachsen,EDDP,Leipzig/Halle Airport,51.4239,12.2364
Europe,Central Europe,Germany,LBC,DE,Schleswig-Holstein,EDHL,Lubeck Airport,53.8054,10.7192
Europe,Central Europe,Germany,FMM,DE,Bayern,EDJA,Memmingen Airport,47.9888,10.2395
Europe,Central Europe,Germany,MUC,DE,Bayern,EDDM,Munich Airport,48.3538,11.7861
Europe,Central Europe,Germany,NUE,DE,Bayern,EDDN,Nuremberg Airport,49.4987,11.0781
Europe,Central Europe,Germany,STR,DE,Baden-Wurttemberg,EDDS,Stuttgart Airport,48.6899,9.22196
Europe,Central Europe,Germany,NRN,DE,Nordrhein-Westfalen,EDLV,Weeze Airport (Niederrhein Airport),51.6024,6.14217
Europe,Central Europe,Hungary,BUD,HU,Budapest,LHBP,Budapest Ferenc Liszt International Airport,47.4298,19.2611
Europe,Central Europe,Hungary,DEB,HU,Hajdu-Bihar,LHDC,Debrecen International Airport,47.4889,21.6153
Europe,Central Europe,Hungary,SOB,HU,Zala,LHSM,Heviz-Balaton Airport,46.6864,17.1591
Europe,Central Europe,Poland,BZG,PL,Kujawsko-pomorskie,EPBY,Bydgoszcz Ignacy Jan Paderewski Airport,53.0968,17.9777
Europe,Central Europe,Poland,GDN,PL,Pomorskie,EPGD,Gdansk Lech Walesa Airport,54.3776,18.4662
Europe,Central Europe,Poland,KTW,PL,Slaskie,EPKT,Katowice International Airport,50.4743,19.08
Europe,Central Europe,Poland,KRK,PL,Malopolskie,EPKK,John Paul II International Airport Krakow-Balice,50.0777,19.7848
Europe,Central Europe,Poland,LUZ,PL,Lubelskie,EPLB,Lublin Airport,51.2403,22.7136
Europe,Central Europe,Poland,LCJ,PL,Lodzkie,EPLL,Lodz Wladyslaw Reymont Airport,51.7219,19.3981
Europe,Central Europe,Poland,SZY,PL,Warminsko-mazurskie,EPSY,Olsztyn-Mazury Regional Airport,53.4819,20.9377
Europe,Central Europe,Poland,POZ,PL,Wielkopolskie,EPPO,Poznań–Ławica Henryk Wieniawski Airport,52.421,16.8263
Europe,Central Europe,Poland,RZE,PL,Podlaskie,EPRZ,Rzeszow-Jasionka Airport,50.11,22.019
Europe,Central Europe,Poland,SZZ,PL,Zachodniopomorskie,EPSC,Solidarity Szczecin-Goleniow Airport,53.5847,14.9022
Europe,Central Europe,Poland,WAW,PL,Mazowieckie,EPWA,Warsaw Chopin Airport,52.1657,20.9671
Europe,Central Europe,Poland,WMI,PL,Mazowieckie,EPMO,Warsaw Modlin Airport,52.4511,20.6518
Europe,Central Europe,Poland,RDO,PL,Mazowieckie,EPRA,Radom Airport,51.3892,21.2133
Europe,Central Europe,Poland,WRO,PL,Dolnoslaskie,EPWR,Copernicus Airport Wroclaw,51.1027,16.8858
Europe,Central Europe,Slovakia,BTS,SK,Bratislavsky kraj,LZIB,M. R. Stefanik Airport,48.1702,17.2127
Europe,Central Europe,Slovakia,KSC,SK,Kosicky kraj,LZKZ,Kosice International Airport,48.6631,21.2411
Europe,Central Europe,Slovakia,PZY,SK,Trnavsky kraj,LZPP,Piestany Airport,48.6252,17.8284
Europe,Central Europe,Slovakia,TAT,SK,Presovsky kraj,LZTT,Poprad-Tatry Airport,49.0736,20.2411
Europe,Central Europe,Slovakia,ILZ,SK,Zilinsky kraj,LZZI,Zilina Airport,49.2315,18.6135
Europe,Central Europe,Switzerland,BSL,CH,Basel-City,LFSB,EuroAirport Basel Mulhouse Freiburg,47.59,7.52916
Europe,Central Europe,Switzerland,BRN,CH,Bern,LSZB,Bern Airport,46.9141,7.49715
Europe,Central Europe,Switzerland,GVA,CH,Geneve,LSGG,Geneva Airport,46.2381,6.10895
Europe,Central Europe,Switzerland,LUG,CH,Ticino,LSZA,Lugano Airport,46.0043,8.91058
Europe,Central Europe,Switzerland,ACH,CH,Sankt Gallen,LSZR,St. Gallen-Altenrhein Airport,47.485,9.56077
Europe,Central Europe,Switzerland,ZRH,CH,Zurich,LSZH,Zurich Airport,47.4647,8.54917
Europe,Southern Europe,Croatia,BWK,HR,Splitsko-dalmatinska zupanija,LDSB,Bol Airport (Brac Airport),43.2857,16.6797
Europe,Southern Europe,Croatia,DBV,HR,Dubrovacko-neretvanska zupanija,LDDU,Dubrovnik Airport,42.5614,18.2682
Europe,Southern Europe,Croatia,LSZ,HR,Primorsko-goranska zupanija,LDLO,Losinj Airport,44.5658,14.3931
Europe,Southern Europe,Croatia,OSI,HR,Osjecko-baranjska zupanija,LDOS,Osijek Airport,45.4627,18.8102
Europe,Southern Europe,Croatia,PUY,HR,Istarska zupanija,LDPL,Pula Airport,44.8935,13.9222
Europe,Southern Europe,Croatia,RJK,HR,Primorsko-goranska zupanija,LDRI,Rijeka Airport,45.2169,14.5703
Europe,Southern Europe,Croatia,SPU,HR,Splitsko-dalmatinska zupanija,LDSP,Split Airport,43.5389,16.298
Europe,Southern Europe,Croatia,ZAD,HR,Zadarska zupanija,LDZD,Zadar Airport,44.1083,15.3467
Europe,Southern Europe,Croatia,ZAG,HR,Grad Zagreb,LDZA,Zagreb Airport,45.7429,16.0688
Europe,Southern Europe,Greece,ATH,GR,Attiki,LGAV,Athens International Airport (Eleftherios Venizelos Airport),37.9364,23.9445
Europe,Southern Europe,Greece,EFL,GR,Ionia Nisia,LGKF,Kefalonia International Airport,38.1201,20.5005
Europe,Southern Europe,Greece,CHQ,GR,Kriti,LGSA,Chania International Airport,35.5317,24.1497
Europe,Southern Europe,Greece,JKH,GR,Voreio Aigaio,LGHI,Chios Island National Airport,38.3432,26.1406
Europe,Southern Europe,Greece,CFU,GR,Ionia Nisia,LGKR,Corfu International Airport (Ioannis Kapodistrias Int'l Airport),39.6019,19.9117
Europe,Southern Europe,Greece,HER,GR,Kriti,LGIR,Heraklion International Airport (Nikos Kazantzakis Airport),35.3397,25.1803
Europe,Southern Europe,Greece,KLX,GR,Peloponnisos,LGKL,Kalamata International Airport,37.0683,22.0255
Europe,Southern Europe,Greece,AOK,GR,Notio Aigaio,LGKP,Karpathos Island National Airport,35.4214,27.146
Europe,Southern Europe,Greece,KVA,GR,Anatoliki Makedonia kai Thraki,LGKV,Kavala International Airport (Alexander the Great Airport),40.9133,24.6192
Europe,Southern Europe,Greece,KGS,GR,Notio Aigaio,LGKO,Kos Island International Airport,36.7933,27.0917
Europe,Southern Europe,Greece,JMK,GR,Notio Aigaio,LGMK,Mykonos Island National Airport,37.4351,25.3481
Europe,Southern Europe,Greece,MJT,GR,Voreio Aigaio,LGMT,Mytilene International Airport,39.0567,26.5983
Europe,Southern Europe,Greece,PVK,GR,Ionia Nisia,LGPZ,Aktion National Airport,38.9255,20.7653
Europe,Southern Europe,Greece,RHO,GR,Notio Aigaio,LGRP,Rhodes International Airport,36.4054,28.0862
Europe,Southern Europe,Greece,SMI,GR,Voreio Aigaio,LGSM,Samos International Airport,37.69,26.9117
Europe,Southern Europe,Greece,JTR,GR,Notio Aigaio,LGSR,Santorini (Thira) National Airport,36.3992,25.4793
Europe,Southern Europe,Greece,JSI,GR,Thessalia,LGSK,Skiathos Island National Airport,39.1771,23.5037
Europe,Southern Europe,Greece,SKU,GR,Sterea Ellada,LGSY,Skyros Island National Airport,38.9676,24.4872
Europe,Southern Europe,Greece,SKG,GR,Kentriki Makedonia,LGTS,Thessaloniki Airport,40.5197,22.9709
Europe,Southern Europe,Greece,VOL,GR,Thessalia,LGBL,Nea Anchialos National Airport,39.2196,22.7943
Europe,Southern Europe,Greece,ZTH,GR,Ionia Nisia,LGZA,Zakynthos International Airport (Dionysios SolomosAirport),37.7509,20.8843
Europe,Southern Europe,Italy,AHO,IT,Sardegna,LIEA,Alghero-Fertilia Airport,40.6321,8.29077
Europe,Southern Europe,Italy,AOI,IT,Marche,LIPY,Ancona Falconara Airport,43.6163,13.3623
Europe,Southern Europe,Italy,BRI,IT,Puglia,LIBD,Bari Karol Wojtyla Airport,41.1389,16.7606
Europe,Southern Europe,Italy,BGY,IT,Lombardia,LIME,Milan Bergamo Airport,45.66546,9.69948
Europe,Southern Europe,Italy,BLQ,IT,Emilia-Romagna,LIPE,Bologna Guglielmo Marconi Airport,44.5354,11.2887
Europe,Southern Europe,Italy,VBS,IT,Lombardia,LIPO,Brescia Airport (Gabriele D'Annunzio Airport),45.4289,10.3306
Europe,Southern Europe,Italy,BDS,IT,Puglia,LIBR,Brindisi - Salento Airport,40.6576,17.947
Europe,Southern Europe,Italy,CAG,IT,Sardegna,LIEE,Cagliari Elmas Airport,39.2515,9.05428
Europe,Southern Europe,Italy,CTA,IT,Sicilia,LICC,Catania-Fontanarossa Airport,37.4668,15.0664
Europe,Southern Europe,Italy,CUF,IT,Piemonte,LIMZ,Cuneo International Airport,44.547,7.62322
Europe,Southern Europe,Italy,FLR,IT,Toscana,LIRQ,Florence Airport,43.81,11.2051
Europe,Southern Europe,Italy,GOA,IT,Liguria,LIMJ,Genoa Cristoforo Colombo Airport,44.4133,8.8375
Europe,Southern Europe,Italy,SUF,IT,Calabria,LICA,Lamezia Terme International Airport,38.9054,16.2423
Europe,Southern Europe,Italy,LIN,IT,Lombardia,LIML,Milan-Linate Airport,45.4494,9.2783
Europe,Southern Europe,Italy,MXP,IT,Lombardia,LIMC,Milan-Malpensa Airport,45.6306,8.72811
Europe,Southern Europe,Italy,NAP,IT,Campania,LIRN,Naples International Airport,40.886,14.2908
Europe,Southern Europe,Italy,OLB,IT,Sardegna,LIEO,Olbia Costa Smeralda Airport,40.8987,9.51763
Europe,Southern Europe,Italy,PMO,IT,Sicilia,LICJ,Falcone-Borsellino Airport (Punta Raisi Airport),38.176,13.091
Europe,Southern Europe,Italy,PMF,IT,Emilia-Romagna,LIMP,Giuseppe Verdi Parma International Airport,44.82122,10.2974
Europe,Southern Europe,Italy,PEG,IT,Umbria,LIRZ,Perugia San Francesco d'Assisi - Umbria International Airport,43.0959,12.5132
Europe,Southern Europe,Italy,PSR,IT,Abruzzo,LIBP,Abruzzo Airport,42.4317,14.1811
Europe,Southern Europe,Italy,PSA,IT,Toscana,LIRP,Pisa International Airport (Galileo Galilei Airport),43.6839,10.3927
Europe,Southern Europe,Italy,RMI,IT,Emilia-Romagna,LIPR,Federico Fellini International Airport,44.0203,12.6117
Europe,Southern Europe,Italy,FCO,IT,Lazio,LIRF,Rome–Fiumicino International Airport,41.8003,12.2389
Europe,Southern Europe,Italy,CIA,IT,Lazio,LIRA,Rome-Ciampino International Airport,41.7991,12.5929
Europe,Southern Europe,Italy,QSR,IT,Campania,LIRI,Salerno Costa d'Amalfi Airport (Pontecagnano Airport),40.6204,14.9113
Europe,Southern Europe,Italy,TPS,IT,Sicilia,LICT,Vincenzo Florio Airport,37.9114,12.488
Europe,Southern Europe,Italy,TRS,IT,Friuli-Venezia Giulia,LIPQ,Trieste - Friuli Venezia Giulia Airport,45.8275,13.4722
Europe,Southern Europe,Italy,TRN,IT,Piemonte,LIMF,Turin Airport (Caselle Airport),45.2008,7.64963
Europe,Southern Europe,Italy,VCE,IT,Veneto,LIPZ,Venice Marco Polo Airport,45.5053,12.3519
Europe,Southern Europe,Italy,VRN,IT,Veneto,LIPX,Verona Villafranca Airport,45.3957,10.8885
Europe,Southern Europe,Malta,MLA,MT,Luqa,LMML,Malta International Airport (Luqa Airport),35.8575,14.4775
Europe,Southern Europe,Portugal,BYJ,PT,Beja,LPBJ,Beja Airport,38.0789,-7.9324
Europe,Southern Europe,Portugal,FAO,PT,Faro,LPFR,Faro Airport,37.0144,-7.96591
Europe,Southern Europe,Portugal,FNC,PT,Regiao Autonoma da Madeira,LPMA,Madeira Airport,32.6979,-16.7745
Europe,Southern Europe,Portugal,LIS,PT,Lisboa,LPPT,Lisbon Portela Airport,38.7813,-9.13592
Europe,Southern Europe,Portugal,PDL,PT,Regiao Autonoma dos Acores,LPPD,Joao Paulo II Airport,37.7412,-25.6979
Europe,Southern Europe,Portugal,OPO,PT,Porto,LPPR,Francisco Sá Carneiro Airport,41.2356,-8.67806
Europe,Southern Europe,Portugal,PXO,PT,Regiao Autonoma da Madeira,LPPS,Porto Santo Airport,33.0734,-16.35
Europe,Southern Europe,Portugal,TER,PT,Regiao Autonoma dos Acores,LPLA,Lajes Field,38.7618,-27.0908
Europe,Southern Europe,Slovenia,LJU,SI,Cerklje na Gorenjskem,LJLJ,Ljubljana Joze Pucnik Airport (Brnik Airport),46.2237,14.4576
Europe,Southern Europe,Slovenia,MBX,SI,Hoce-Slivnica,LJMB,Maribor Edvard Rusjan Airport,46.4799,15.6861
Europe,Southern Europe,Slovenia,POW,SI,Piran,LJPZ,Portoroz Airport,45.4734,13.615
Europe,Southern Europe,Spain,LCG,ES,Galicia,LECO,A Coruna Airport,43.3021,-8.37726
Europe,Southern Europe,Spain,ALC,ES,"Valenciana, Comunidad",LEAL,Alicante-Elche Airport,38.2822,-0.558156
Europe,Southern Europe,Spain,LEI,ES,Andalucia,LEAM,Almeria Airport,36.8439,-2.3701
Europe,Southern Europe,Spain,OVD,ES,"Asturias, Principado de",LEAS,Asturias Airport (Oviedo Airport),43.5636,-6.03462
Europe,Southern Europe,Spain,BCN,ES,Catalunya,LEBL,Barcelona El Prat Airport,41.2971,2.07846
Europe,Southern Europe,Spain,BIO,ES,Pais Vasco,LEBB,Bilbao Airport,43.3011,-2.91061
Europe,Southern Europe,Spain,CDT,ES,"Valenciana, Comunidad",LECH,Castellon-Costa Azahar Airport,40.2139,0.073333
Europe,Southern Europe,Spain,FUE,ES,Canarias,GCFV,Fuerteventura Airport,28.4527,-13.8638
Europe,Southern Europe,Spain,GRO,ES,Catalunya,LEGE,Girona-Costa Brava Airport,41.901,2.76055
Europe,Southern Europe,Spain,LPA,ES,Canarias,GCLP,Gran Canaria Airport,27.9319,-15.3866
Europe,Southern Europe,Spain,GRX,ES,Andalucia,LEGR,Federico Garcia Lorca Airport (Granada Jaen Airport),37.1887,-3.77736
Europe,Southern Europe,Spain,HSK,ES,Aragon,LEHC,Huesca-Pirineos Airport,42.0761,-0.316667
Europe,Southern Europe,Spain,IBZ,ES,Illes Balears,LEIB,Ibiza Airport,38.8729,1.37312
Europe,Southern Europe,Spain,XRY,ES,Andalucia,LEJR,Jerez Airport (La Parra Airport),36.7446,-6.06011
Europe,Southern Europe,Spain,SPC,ES,Canarias,GCLA,La Palma Airport,28.6265,-17.7556
Europe,Southern Europe,Spain,ACE,ES,Canarias,GCRR,Lanzarote Airport,28.9455,-13.6052
Europe,Southern Europe,Spain,ILD,ES,Catalunya,LEDA,Lleida-Alguaire Airport,41.7282,0.535023
Europe,Southern Europe,Spain,MAD,ES,"Madrid, Comunidad de",LEMD,Adolfo Suarez Madrid-Barajas Airport,40.4719,-3.56264
Europe,Southern Europe,Spain,AGP,ES,Andalucia,LEMG,Malaga Airport,36.6749,-4.49911
Europe,Southern Europe,Spain,MAH,ES,Illes Balears,LEMH,Menorca Airport (Mahon Airport),39.8626,4.21865
Europe,Southern Europe,Spain,RMU,ES,"Murcia, Region de",LEMI,Region de Murcia International Airport,37.803,-1.125
Europe,Southern Europe,Spain,PMI,ES,Illes Balears,LEPA,Palma de Mallorca Airport,39.5517,2.73881
Europe,Southern Europe,Spain,PNA,ES,"Navarra, Comunidad Foral de",LEPP,Pamplona Airport,42.77,-1.64633
Europe,Southern Europe,Spain,REU,ES,Catalunya,LERS,Reus Airport,41.1474,1.16717
Europe,Southern Europe,Spain,SDR,ES,Cantabria,LEXJ,Santander Airport,43.4271,-3.82001
Europe,Southern Europe,Spain,SCQ,ES,Galicia,LEST,Santiago de Compostela Airport,42.8963,-8.41514
Europe,Southern Europe,Spain,SVQ,ES,Andalucia,LEZL,Seville Airport,37.418,-5.89311
Europe,Southern Europe,Spain,TFN,ES,Canarias,GCXO,Tenerife North Airport,28.4847,-16.3439
Europe,Southern Europe,Spain,TFS,ES,Canarias,GCTS,Tenerife South Airport,28.046,-16.5728
Europe,Southern Europe,Spain,VLC,ES,"Valenciana, Comunidad",LEVC,Valencia Airport,39.4893,-0.481625
Europe,Southern Europe,Spain,VLL,ES,Castilla y Leon,LEVD,Valladolid Airport,41.7061,-4.85194
Europe,Southern Europe,Spain,VGO,ES,Galicia,LEVX,Vigo-Peinador Airport,42.2318,-8.62677
Europe,Southern Europe,Spain,VIT,ES,Pais Vasco,LEVT,Vitoria Airport,42.8828,-2.72447
Europe,Southern Europe,Spain,ZAZ,ES,Aragon,LEZG,Zaragoza Airport,41.6662,-1.04155
Europe,Eastern Europe,Albania,TIA,IR,Azarbayjan-e Gharbi,LATI,Tirana International Airport,41.4147,19.7206
Europe,Eastern Europe,Belarus,GNA,BY,Hrodzenskaya voblasts',UMMG,Grodno Airport,53.602,24.0538
Europe,Eastern Europe,Belarus,GME,BY,Homyel'skaya voblasts',UMGG,Gomel Airport,52.527,31.0167
Europe,Eastern Europe,Belarus,MSQ,BY,Minskaya voblasts',UMMS,Minsk National Airport,53.8825,28.0307
Europe,Eastern Europe,Bosnia and Herzegovina,BNX,BA,Republika Srpska,LQBK,Banja Luka International Airport,44.9414,17.2975
Europe,Eastern Europe,Bosnia and Herzegovina,OMO,BA,Federacija Bosne i Hercegovine,LQMO,Mostar Airport,43.2829,17.8459
Europe,Eastern Europe,Bosnia and Herzegovina,SJJ,BA,Federacija Bosne i Hercegovine,LQSA,Sarajevo International Airport,43.8246,18.3315
Europe,Eastern Europe,Bosnia and Herzegovina,TZL,BA,Federacija Bosne i Hercegovine,LQTZ,Tuzla International Airport,44.4587,18.7248
Europe,Eastern Europe,Bulgaria,BOJ,BG,Burgas,LBBG,Burgas Airport,42.5696,27.5152
Europe,Eastern Europe,Bulgaria,PDV,BG,Plovdiv,LBPD,Plovdiv Airport,42.0678,24.8508
Europe,Eastern Europe,Bulgaria,SOF,BG,Sofia,LBSF,Sofia Airport,42.6967,23.4114
Europe,Eastern Europe,Bulgaria,VAR,BG,Varna,LBWN,Varna Airport,43.2321,27.8251
Europe,Eastern Europe,Kosovo,PRN,XK,Pristina,BKPR,Pristina Adem Jashari Airport,42.5745,21.0294
Europe,Eastern Europe,Moldova,RMO,MD,Chisinau,LUKK,Chisinau International Airport,46.9277,28.931
Europe,Eastern Europe,Romania,ARW,RO,Arad,LRAR,Arad International Airport,46.1766,21.262
Europe,Eastern Europe,Romania,BCM,RO,Bacau,LRBC,Bacau International Airport,46.5219,26.9103
Europe,Eastern Europe,Romania,BAY,RO,Maramures,LRBM,Baia Mare Airport,47.6606,23.4673
Europe,Eastern Europe,Romania,GHV,RO,Brasov,LRBV,Brasov Airport,45.6942,25.5172
Europe,Eastern Europe,Romania,OTP,RO,Ilfov,LROP,Bucharest Henri Coandă International Airport,44.5711,26.085
Europe,Eastern Europe,Romania,BBU,RO,Bucuresti,LRBS,Aurel Vlaicu International Airport,44.496,26.0814
Europe,Eastern Europe,Romania,CLJ,RO,Cluj,LRCL,Cluj-Napoca International Airport,46.7852,23.6862
Europe,Eastern Europe,Romania,CND,RO,Constanta,LRCK,Mihail Kogalniceanu International Airport,44.3622,28.4883
Europe,Eastern Europe,Romania,CRA,RO,Dolj,LRCV,Craiova International Airport,44.3181,23.8886
Europe,Eastern Europe,Romania,IAS,RO,Iasi,LRIA,Iasi International Airport,47.1785,27.6206
Europe,Eastern Europe,Romania,OMR,RO,Bihor,LROD,Oradea International Airport,47.0253,21.9025
Europe,Eastern Europe,Romania,SUJ,RO,Satu Mare,LRSM,Satu Mare International Airport,47.7033,22.8857
Europe,Eastern Europe,Romania,SBZ,RO,Sibiu,LRSB,Sibiu International Airport,45.7856,24.0913
Europe,Eastern Europe,Romania,SCV,RO,Suceava,LRSV,Suceava International Airport (Stefan cel Mare Int'l),47.6875,26.3541
Europe,Eastern Europe,Romania,TGM,RO,Mures,LRTM,Targu Mures International Airport,46.4677,24.4125
Europe,Eastern Europe,Romania,TSR,RO,Timis,LRTR,Timisoara Traian Vuia International Airport,45.8099,21.3379
Europe,Eastern Europe,Montenegro,TGD,ME,Podgorica,LYPG,Podgorica Airport,42.3594,19.2519
Europe,Eastern Europe,Montenegro,TIV,ME,Tivat,LYTV,Tivat Airport,42.4047,18.7233
Europe,Eastern Europe,North Macedonia,OHD,MK,Ohrid,LWOH,Ohrid St. Paul the Apostle Airport,41.18,20.7423
Europe,Eastern Europe,North Macedonia,SKP,MK,Skopje,LWSK,Skopje Alexander the Great Airport,41.9616,21.6214
Europe,Eastern Europe,Russia,ABA,RU,"Khakasiya, Respublika",UNAA,Abakan International Airport,53.74,91.385
Europe,Eastern Europe,Russia,DYR,RU,Chukotskiy avtonomnyy okrug,UHMA,Ugolny Airport,64.7349,177.741
Europe,Eastern Europe,Russia,AAQ,RU,Krasnodarskiy kray,URKA,Anapa Airport,45.0021,37.3473
Europe,Eastern Europe,Russia,ARH,RU,Arkhangel'skaya oblast',ULAA,Talagi Airport,64.6003,40.7167
Europe,Eastern Europe,Russia,ASF,RU,Astrakhanskaya oblast',URWA,Narimanovo Airport,46.2833,48.0063
Europe,Eastern Europe,Russia,BAX,RU,Altayskiy kray,UNBB,Barnaul Airport,53.3638,83.5385
Europe,Eastern Europe,Russia,EGO,RU,Belgorodskaya oblast',UUOB,Belgorod International Airport,50.6438,36.5901
Europe,Eastern Europe,Russia,BQS,RU,Amurskaya oblast',UHBB,Ignatyevo Airport,50.4254,127.412
Europe,Eastern Europe,Russia,BTK,RU,Irkutskaya oblast',UIBB,Bratsk Airport,56.3706,101.698
Europe,Eastern Europe,Russia,BZK,RU,Bryanskaya oblast',UUBP,Bryansk International Airport,53.2142,34.1764
Europe,Eastern Europe,Russia,CSY,RU,Chuvashskaya Respublika,UWKS,Cheboksary Airport,56.0903,47.3473
Europe,Eastern Europe,Russia,CEK,RU,Chelyabinskaya oblast',USCC,Chelyabinsk Airport,55.3058,61.5033
Europe,Eastern Europe,Russia,CEE,RU,Vologodskaya oblast',ULWC,Cherepovets Airport,59.2736,38.0158
Europe,Eastern Europe,Russia,HTA,RU,Zabaykal'skiy kray,UIAA,Chita International Airport (Kadala Airport),52.0263,113.306
Europe,Eastern Europe,Russia,ESL,RU,"Kalmykiya, Respublika",URWI,Elista Airport,46.3739,44.3309
Europe,Eastern Europe,Russia,GRV,RU,Chechenskaya Respublika,URMG,Grozny Airport,43.3883,45.6986
Europe,Eastern Europe,Russia,IKT,RU,Irkutskaya oblast',UIII,International Airport Irkutsk,52.268,104.389
Europe,Eastern Europe,Russia,KGD,RU,Kaliningradskaya oblast',UMKK,Khrabrovo Airport,54.89,20.5926
Europe,Eastern Europe,Russia,KZN,RU,"Tatarstan, Respublika",UWKD,Kazan International Airport,55.6062,49.2787
Europe,Eastern Europe,Russia,KHV,RU,Khabarovskiy kray,UHHH,Khabarovsk Novy Airport,48.528,135.188
Europe,Eastern Europe,Russia,KXK,RU,Khabarovskiy kray,UHKK,Komsomolsk-on-Amur Airport,50.409,136.934
Europe,Eastern Europe,Russia,KRR,RU,Krasnodarskiy kray,URKK,Krasnodar International Airport (Pashkovsky Airport),45.0347,39.1705
Europe,Eastern Europe,Russia,KJA,RU,Krasnoyarskiy kray,UNKL,Yemelyanovo International Airport,56.1729,92.4933
Europe,Eastern Europe,Russia,URS,RU,Kurskaya oblast',UUOK,Kursk Vostochny Airport,51.7506,36.2956
Europe,Eastern Europe,Russia,GDX,RU,Magadanskaya oblast',UHMM,Sokol Airport,59.911,150.72
Europe,Eastern Europe,Russia,MQF,RU,Chelyabinskaya oblast',USCM,Magnitogorsk International Airport,53.3931,58.7557
Europe,Eastern Europe,Russia,MCX,RU,"Dagestan, Respublika",URML,Uytash Airport,42.8168,47.6523
Europe,Eastern Europe,Russia,MRV,RU,Stavropol'skiy kray,URMM,Mineralnye Vody Airport,44.2251,43.0819
Europe,Eastern Europe,Russia,DME,RU,Moskovskaya Oblast,UUDD,Domodedovo Airport,55.4102,37.902
Europe,Eastern Europe,Russia,ZIA,RU,Moskva,UUBW,Ramenskoye Airport (Zhukovsky Airport),55.5533,38.15
Europe,Eastern Europe,Russia,SVO,RU,Moskovskaya oblast,UUEE,Sheremetyevo Alexander S. Pushkin International Airport,55.9728,37.4147
Europe,Eastern Europe,Russia,VKO,RU,Moskva,UUWW,Vnukovo International Airport,55.5979,37.2709
Europe,Eastern Europe,Russia,MMK,RU,Murmanskaya oblast',ULMM,Murmansk Airport,68.7817,32.7508
Europe,Eastern Europe,Russia,NAL,RU,Kabardino-Balkarskaya Respublika,URMN,Nalchik Airport,43.5129,43.6366
Europe,Eastern Europe,Russia,NBC,RU,"Tatarstan, Respublika",UWKE,Begishevo Airport,55.5647,52.0925
Europe,Eastern Europe,Russia,NJC,RU,Khanty-Mansiyskiy avtonomnyy okrug,USNN,Nizhnevartovsk Airport,60.9493,76.4836
Europe,Eastern Europe,Russia,GOJ,RU,Nizhegorodskaya oblast',UWGG,Nizhny Novgorod International Airport (Strigino Airport),56.2301,43.784
Europe,Eastern Europe,Russia,NOZ,RU,Kemerovskaya oblast',UNWW,Spichenkovo Airport,53.8114,86.8772
Europe,Eastern Europe,Russia,OVB,RU,Novosibirskaya oblast',UNNT,Tolmachevo Airport,55.0126,82.6507
Europe,Eastern Europe,Russia,OMS,RU,Omskaya oblast',UNOO,Omsk Tsentralny Airport,54.967,73.3105
Europe,Eastern Europe,Russia,REN,RU,Orenburgskaya oblast',UWOO,Orenburg Tsentralny Airport,51.7958,55.4567
Europe,Eastern Europe,Russia,OSW,RU,Orenburgskaya oblast',UWOR,Orsk Airport,51.0725,58.5956
Europe,Eastern Europe,Russia,PEE,RU,Permskiy kray,USPP,Perm International Airport (Bolshoye Savino Airport),57.9145,56.0212
Europe,Eastern Europe,Russia,PES,RU,"Kareliya, Respublika",ULPB,Petrozavodsk Airport (Besovets Airport),61.8852,34.1547
Europe,Eastern Europe,Russia,PVS,RU,Chukotskiy avtonomnyy okrug,UHMD,Provideniya Bay Airport,64.3781,-173.243
Europe,Eastern Europe,Russia,PKC,RU,Kamchatskiy kray,UHPP,Petropavlovsk-Kamchatsky Airport (Yelizovo Airport),53.1679,158.454
Europe,Eastern Europe,Russia,PKV,RU,Pskovskaya oblast',ULOO,Pskov Airport,57.7839,28.3956
Europe,Eastern Europe,Russia,ROV,RU,Rostovskaya oblast',URRP,Platov International Airport,47.4939,39.9247
Europe,Eastern Europe,Russia,LED,RU,Leningradskaya oblast',ULLI,Pulkovo Airport,59.8003,30.2625
Europe,Eastern Europe,Russia,KUF,RU,Samarskaya oblast',UWWW,Kurumoch International Airport,53.5049,50.1643
Europe,Eastern Europe,Russia,GSV,RU,Saratovskaya oblast',,Saratov Gagarin Airport,51.7128,46.1711
Europe,Eastern Europe,Russia,AER,RU,Krasnodarskiy kray,URSS,Sochi International Airport,43.4499,39.9566
Europe,Eastern Europe,Russia,STW,RU,Stavropol'skiy kray,URMT,Stavropol Shpakovskoye Airport,45.1092,42.1128
Europe,Eastern Europe,Russia,SGC,RU,Khanty-Mansiyskiy avtonomnyy okrug,USRR,Surgut International Airport,61.3437,73.4018
Europe,Eastern Europe,Russia,SCW,RU,"Komi, Respublika",UUYY,Syktyvkar Airport,61.647,50.8451
Europe,Eastern Europe,Russia,TOF,RU,Tomskaya oblast',UNTT,Bogashevo Airport,56.3803,85.2083
Europe,Eastern Europe,Russia,TJM,RU,Tyumenskaya oblast',USTR,Roshchino International Airport,57.1896,65.3243
Europe,Eastern Europe,Russia,UUD,RU,"Buryatiya, Respublika",UIUU,Baikal International Airport,51.8078,107.438
Europe,Eastern Europe,Russia,ULV,RU,Ul'yanovskaya oblast',UWLL,Ulyanovsk Baratayevka Airport,54.2683,48.2267
Europe,Eastern Europe,Russia,UFA,RU,"Bashkortostan, Respublika",UWUU,Ufa International Airport,54.5575,55.8744
Europe,Eastern Europe,Russia,VVO,RU,Primorskiy kray,UHWW,Vladivostok International Airport,43.399,132.148
Europe,Eastern Europe,Russia,OGZ,RU,"Severnaya Osetiya, Respublika",URMO,Beslan Airport,43.2051,44.6066
Europe,Eastern Europe,Russia,VOG,RU,Vologodskaya oblast',URWW,Volgograd International Airport,48.7825,44.3455
Europe,Eastern Europe,Russia,VOZ,RU,Voronezhskaya oblast',UUOO,Voronezh International Airport (Chertovitskoye Airport),51.8142,39.2296
Europe,Eastern Europe,Russia,YKS,RU,"Saha, Respublika",UEEE,Yakutsk Airport,62.0933,129.771
Europe,Eastern Europe,Russia,IAR,RU,Yaroslavskaya oblast',UUDL,Tunoshna Airport,57.5607,40.1574
Europe,Eastern Europe,Russia,SVX,RU,Sverdlovskaya oblast',USSS,Koltsovo International Airport,56.7431,60.8027
Europe,Eastern Europe,Russia,UUS,RU,Sakhalinskaya oblast',UHSS,Yuzhno-Sakhalinsk Airport (Khomutovo Airport),46.8887,142.718
Europe,Eastern Europe,Serbia,BEG,RS,Beograd,LYBE,Belgrade Nikola Tesla Airport,44.8184,20.3091
Europe,Eastern Europe,Serbia,KVO,RS,Raski okrug,LYKV,Morava Aerodrom,43.8274,20.5812
Europe,Eastern Europe,Serbia,INI,RS,Nisavski okrug,LYNI,Nis Constantine the Great Airport,43.3373,21.8537
Europe,Eastern Europe,Ukraine,CWC,UA,Chernihivska oblast,UKLN,Chernivtsi International Airport,48.2593,25.9808
Europe,Eastern Europe,Ukraine,IFO,UA,Ivano-Frankivska oblast,UKLI,Ivano-Frankivsk International Airport,48.8842,24.6861
Europe,Eastern Europe,Ukraine,HRK,UA,Kharkivska oblast,UKHH,Kharkiv International Airport (Osnova Airport),49.9248,36.29
Europe,Eastern Europe,Ukraine,KWG,UA,Dnipropetrovska oblast,UKDR,Kryvyi Rih International Airport,48.0433,33.21
Europe,Eastern Europe,Ukraine,KBP,UA,Kyiv,UKBB,Boryspil International Airport,50.345,30.8947
Europe,Eastern Europe,Ukraine,IEV,UA,Kyiv,UKKK,Kyiv International Airport (Zhuliany),50.4019,30.4519
Europe,Eastern Europe,Ukraine,LWO,UA,Lvivska oblast,UKLL,Lviv Danylo Halytskyi International Airport,49.8125,23.9561
Europe,Eastern Europe,Ukraine,NLV,UA,Mykolaivska oblast,UKON,Mykolaiv International Airport,47.0579,31.9198
Europe,Eastern Europe,Ukraine,ODS,UA,Odeska oblast,UKOO,Odessa International Airport,46.4268,30.6765
Europe,Eastern Europe,Ukraine,PLV,UA,Poltavska oblast,UKHP,Poltava Airport,49.5686,34.3972
Europe,Eastern Europe,Ukraine,SIP,UA,Avtonomna Respublika Krym,UKFF,Simferopol International Airport,45.0522,33.9751
Europe,Eastern Europe,Ukraine,UDJ,UA,Zakarpatska oblast,UKLU,Uzhhorod International Airport,48.6343,22.2634
Europe,Eastern Europe,Ukraine,OZH,UA,Zaporizka oblast,UKDE,Zaporizhia International Airport,47.867,35.3157
Europe,Nordic Region,Denmark,AAL,DK,Nordjylland,EKYT,Aalborg Airport,57.0928,9.84924
Europe,Nordic Region,Denmark,AAR,DK,Midtjylland,EKAH,Aarhus Airport,56.3,10.619
Europe,Nordic Region,Denmark,BLL,DK,Syddanmark,EKBI,Billund Airport,55.7403,9.15178
Europe,Nordic Region,Denmark,CPH,DK,Hovedstaden,EKCH,Copenhagen Airport,55.6179,12.656
Europe,Nordic Region,Estonia,EPU,EE,Parnumaa,EEPU,Parnu Airport,58.419,24.4728
Europe,Nordic Region,Estonia,TLL,EE,Harjumaa,EETN,Tallinn Airport (Lennart Meri Tallinn Airport),59.4133,24.8328
Europe,Nordic Region,Estonia,TAY,EE,Tartumaa,EETU,Tartu Airport,58.3075,26.6904
Europe,Nordic Region,Faroe Islands,FAE,FK,Falkland Islands (Malvinas),EKVG,Vagar Airport,62.0636,-7.27722
Europe,Nordic Region,Finland,MHQ,FI,Varsinais-Suomi,EFMA,Mariehamn Airport,60.1222,19.8982
Europe,Nordic Region,Finland,HEL,FI,Uusimaa,EFHK,Helsinki Airport (Helsinki-Vantaa Airport),60.3172,24.9633
Europe,Nordic Region,Finland,KTT,FI,Lappi,EFKT,Kittila Airport,67.701,24.8468
Europe,Nordic Region,Finland,KUO,FI,Pohjois-Savo,EFKU,Kuopio Airport,63.0071,27.7978
Europe,Nordic Region,Finland,KAO,FI,Pohjois-Pohjanmaa,EFKS,Kuusamo Airport,65.9876,29.2394
Europe,Nordic Region,Finland,LPP,FI,Etela-Karjala,EFLP,Lappeenranta Airport,61.0446,28.1447
Europe,Nordic Region,Finland,OUL,FI,Pohjois-Pohjanmaa,EFOU,Oulu Airport,64.9301,25.3546
Europe,Nordic Region,Finland,RVN,FI,Lappi,EFRO,Rovaniemi Airport,66.5648,25.8304
Europe,Nordic Region,Finland,SVL,FI,Etela-Savo,EFSA,Savonlinna Airport,61.9431,28.9451
Europe,Nordic Region,Finland,TMP,FI,Pirkanmaa,EFTP,Tampere-Pirkkala Airport,61.4141,23.6044
Europe,Nordic Region,Finland,TKU,FI,Varsinais-Suomi,EFTU,Turku Airport,60.5141,22.2628
Europe,Nordic Region,Finland,VAA,FI,Pohjanmaa,EFVA,Vaasa Airport,63.0507,21.7622
Europe,Nordic Region,Iceland,AEY,IS,Nordurland eystra,BIAR,Akureyri Airport,65.66,-18.0727
Europe,Nordic Region,Iceland,EGS,IS,Nordurland eystra,BIEG,Egilsstaoir Airport,65.2833,-14.4014
Europe,Nordic Region,Iceland,KEF,IS,Sudurnes,BIKF,Keflavík International Airport,63.985,-22.6056
Europe,Nordic Region,Iceland,RKV,IS,Hofudborgarsvaedi,BIRK,Reykjavík Airport,64.13,-21.9406
Europe,Nordic Region,Latvia,RIX,LV,Riga,EVRA,Riga International Airport,56.9236,23.9711
Europe,Nordic Region,Latvia,VNT,LV,Ventspils novads,EVVA,Ventspils International Airport,57.3578,21.5442
Europe,Nordic Region,Lithuania,KUN,LT,Kauno apskritis,EYKA,Kaunas International Airport,54.9639,24.0848
Europe,Nordic Region,Lithuania,PLQ,LT,Klaipedos apskritis,EYPA,Palanga International Airport,55.9732,21.0939
Europe,Nordic Region,Lithuania,SQQ,LT,Siauliu apskritis,EYSA,Siauliai International Airport,55.8939,23.395
Europe,Nordic Region,Lithuania,VNO,LT,-,EYVI,Vilnius Airport,54.6341,25.2858
Europe,Nordic Region,Norway,AES,NO,More og Romsdal,ENAL,Alesund Airport,62.5625,6.1197
Europe,Nordic Region,Norway,BGO,NO,Hordaland,ENBR,Bergen Airport,60.2934,5.21814
Europe,Nordic Region,Norway,BOO,NO,Nordland,ENBO,Bodo Airport,67.2692,14.3653
Europe,Nordic Region,Norway,HAU,NO,Rogaland,ENHD,Haugesund Airport,59.3453,5.20836
Europe,Nordic Region,Norway,KRS,NO,Vest-Agder,ENCN,Kristiansand Airport,58.2042,8.08537
Europe,Nordic Region,Norway,KSU,NO,More og Romsdal,ENKB,Kristiansund Airport,63.1118,7.82452
Europe,Nordic Region,Norway,OSL,NO,Akershus,ENGM,Oslo Airport,60.1939,11.1004
Europe,Nordic Region,Norway,TRF,NO,Vestfold,ENTO,Sandefjord Airport,59.1867,10.2586
Europe,Nordic Region,Norway,SVG,NO,Rogaland,ENZV,Stavanger Airport,58.8767,5.63778
Europe,Nordic Region,Norway,TOS,NO,Troms,ENTC,Tromse Airport,69.6833,18.9189
Europe,Nordic Region,Norway,TRD,NO,Nord-Trondelag,ENVA,Trondheim Airport,63.4578,10.924
Europe,Nordic Region,Sweden,GOT,SE,Vastra Gotalands lan,ESGG,Goteborg Landvetter Airport,57.6628,12.2798
Europe,Nordic Region,Sweden,LLA,SE,Norrbottens lan,ESPA,Lulea Airport (Kallax Airport),65.5438,22.122
Europe,Nordic Region,Sweden,MMX,SE,Skane lan,ESMS,Malmo Airport,55.5346,13.3704
Europe,Nordic Region,Sweden,NRK,SE,Ostergotlands lan,ESSP,Norrkoping Airport,58.5863,16.2506
Europe,Nordic Region,Sweden,OSD,SE,Jamtlands lan,ESNZ,Are Ostersund Airport,63.1944,14.5003
Europe,Nordic Region,Sweden,ARN,SE,Stockholms lan,ESSA,Stockholm Arlanda Airport,59.6519,17.9186
Europe,Nordic Region,Sweden,BMA,SE,Stockholms lan,ESSB,Stockholm Bromma Airport,59.3556,17.9436
Europe,Nordic Region,Sweden,NYO,SE,Sodermanlands lan,ESKN,Stockholm Skavsta Airport,58.7886,16.9122
Europe,Nordic Region,Sweden,VST,SE,Vastmanlands lan,ESOW,Stockholm Vasteras Airport,59.6018,16.6284
Europe,Nordic Region,Sweden,SDL,SE,Vasternorrlands lan,ESNN,Sundsvall-Timra Airport (Midlanda Airport),62.5281,17.4439
Europe,Nordic Region,Sweden,UME,SE,Vasterbottens lan,ESNU,Umea Airport,63.7918,20.2828
Europe,Nordic Region,Sweden,VXO,SE,Kronobergs lan,ESMX,Vaxjo Smaland Airport,56.9291,14.728
Europe,Nordic Region,Sweden,VBY,SE,Gotlands lan,ESSV,Visby Airport,57.6628,18.3462
