failed_requests	response	message	timestamp
https://api.airfranceklm.com/opendata/flightstatus/?arrivalCity=AAL&departureCity=OSL&endRange=2025-10-14T23:59:59Z&startRange=2025-05-15T09:00:00Z&pageNumber=1	<Response [404]>	{"errors":[{"name":"FLIGHT NOT FOUND","severity":"INFO"}]}
https://api.airfranceklm.com/opendata/flightstatus/?arrivalCity=AAR&departureCity=OSL&endRange=2025-10-14T23:59:59Z&startRange=2025-05-15T09:00:00Z&pageNumber=1	<Response [404]>	{"errors":[{"name":"FLIGHT NOT FOUND","severity":"INFO"}]}
https://api.airfranceklm.com/opendata/flightstatus/?arrivalCity=ACE&departureCity=CDG&endRange=2025-10-14T23:59:59Z&startRange=2025-05-15T09:00:00Z&pageNumber=1	<Response [500]>	{"errors":[{"name":"INTERNAL_SERVER_ERROR"}]}
https://api.airfranceklm.com/opendata/flightstatus/?arrivalCity=ACE&departureCity=MAD&endRange=2025-10-14T23:59:59Z&startRange=2025-05-15T09:00:00Z&pageNumber=1	<Response [404]>	{"errors":[{"name":"FLIGHT NOT FOUND","severity":"INFO"}]}
https://api.airfranceklm.com/opendata/flightstatus/?arrivalCity=ACE&departureCity=ORY&endRange=2025-10-14T23:59:59Z&startRange=2025-05-15T09:00:00Z&pageNumber=1	<Response [500]>	{"errors":[{"name":"INTERNAL_SERVER_ERROR"}]}
https://api.airfranceklm.com/opendata/flightstatus/?arrivalCity=AES&departureCity=CPH&endRange=2025-10-14T23:59:59Z&startRange=2025-05-15T09:00:00Z&pageNumber=1	<Response [404]>	{"errors":[{"name":"FLIGHT NOT FOUND","severity":"INFO"}]}
https://api.airfranceklm.com/opendata/flightstatus/?arrivalCity=AEY&departureCity=AMS&endRange=2025-10-14T23:59:59Z&startRange=2025-05-15T09:00:00Z&pageNumber=1	<Response [404]>	{"errors":[{"name":"FLIGHT NOT FOUND","severity":"INFO"}]}
https://api.airfranceklm.com/opendata/flightstatus/?arrivalCity=AGP&departureCity=CDG&endRange=2025-10-14T23:59:59Z&startRange=2025-05-15T09:00:00Z&pageNumber=1	<Response [500]>	{"errors":[{"name":"INTERNAL_SERVER_ERROR"}]}
https://api.airfranceklm.com/opendata/flightstatus/?arrivalCity=AGP&departureCity=LYS&endRange=2025-10-14T23:59:59Z&startRange=2025-05-15T09:00:00Z&pageNumber=1	<Response [404]>	{"errors":[{"name":"FLIGHT NOT FOUND","severity":"INFO"}]}
https://api.airfranceklm.com/opendata/flightstatus/?arrivalCity=AGP&departureCity=ORY&endRange=2025-10-14T23:59:59Z&startRange=2025-05-15T09:00:00Z&pageNumber=1	<Response [500]>	{"errors":[{"name":"INTERNAL_SERVER_ERROR"}]}
https://api.airfranceklm.com/opendata/flightstatus/?arrivalCity=AHO&departureCity=CDG&endRange=2025-10-14T23:59:59Z&startRange=2025-05-15T09:00:00Z&pageNumber=1	<Response [500]>	{"errors":[{"name":"INTERNAL_SERVER_ERROR"}]}
https://api.airfranceklm.com/opendata/flightstatus/?arrivalCity=AHO&departureCity=FCO&endRange=2025-10-14T23:59:59Z&startRange=2025-05-15T09:00:00Z&pageNumber=1	<Response [500]>	{"errors":[{"name":"INTERNAL_SERVER_ERROR"}]}
https://api.airfranceklm.com/opendata/flightstatus/?arrivalCity=AHO&departureCity=LIN&endRange=2025-10-14T23:59:59Z&startRange=2025-05-15T09:00:00Z&pageNumber=1	<Response [500]>	{"errors":[{"name":"INTERNAL_SERVER_ERROR"}]}
https://api.airfranceklm.com/opendata/flightstatus/?arrivalCity=AHO&departureCity=ORY&endRange=2025-10-14T23:59:59Z&startRange=2025-05-15T09:00:00Z&pageNumber=1	<Response [500]>	{"errors":[{"name":"INTERNAL_SERVER_ERROR"}]}
https://api.airfranceklm.com/opendata/flightstatus/?arrivalCity=AJA&departureCity=BOD&endRange=2025-10-14T23:59:59Z&startRange=2025-05-15T09:00:00Z&pageNumber=1	<Response [404]>	{"errors":[{"name":"FLIGHT NOT FOUND","severity":"INFO"}]}
https://api.airfranceklm.com/opendata/flightstatus/?arrivalCity=AJA&departureCity=CDG&endRange=2025-10-14T23:59:59Z&startRange=2025-05-15T09:00:00Z&pageNumber=1	<Response [500]>	{"errors":[{"name":"INTERNAL_SERVER_ERROR"}]}
https://api.airfranceklm.com/opendata/flightstatus/?arrivalCity=AJA&departureCity=CRL&endRange=2025-10-14T23:59:59Z&startRange=2025-05-15T09:00:00Z&pageNumber=1	<Response [500]>	{"errors":[{"name":"INTERNAL_SERVER_ERROR"}]}
https://api.airfranceklm.com/opendata/flightstatus/?arrivalCity=AJA&departureCity=FCO&endRange=2025-10-14T23:59:59Z&startRange=2025-05-15T09:00:00Z&pageNumber=1	<Response [500]>	{"errors":[{"name":"INTERNAL_SERVER_ERROR"}]}
https://api.airfranceklm.com/opendata/flightstatus/?arrivalCity=AJA&departureCity=ORY&endRange=2025-10-14T23:59:59Z&startRange=2025-05-15T09:00:00Z&pageNumber=1	<Response [500]>	{"errors":[{"name":"INTERNAL_SERVER_ERROR"}]}
https://api.airfranceklm.com/opendata/flightstatus/?arrivalCity=AJA&departureCity=TLS&endRange=2025-10-14T23:59:59Z&startRange=2025-05-15T09:00:00Z&pageNumber=1	<Response [404]>	{"errors":[{"name":"FLIGHT NOT FOUND","severity":"INFO"}]}
https://api.airfranceklm.com/opendata/flightstatus/?arrivalCity=ALC&departureCity=MAD&endRange=2025-10-14T23:59:59Z&startRange=2025-05-15T09:00:00Z&pageNumber=1	<Response [404]>	{"errors":[{"name":"FLIGHT NOT FOUND","severity":"INFO"}]}
https://api.airfranceklm.com/opendata/flightstatus/?arrivalCity=ALC&departureCity=ORY&endRange=2025-10-14T23:59:59Z&startRange=2025-05-15T09:00:00Z&pageNumber=1	<Response [500]>	{"errors":[{"name":"INTERNAL_SERVER_ERROR"}]}
https://api.airfranceklm.com/opendata/flightstatus/?arrivalCity=AMS&departureCity=AEY&endRange=2025-10-14T23:59:59Z&startRange=2025-05-15T09:00:00Z&pageNumber=1	<Response [404]>	{"errors":[{"name":"FLIGHT NOT FOUND","severity":"INFO"}]}
https://api.airfranceklm.com/opendata/flightstatus/?arrivalCity=AMS&departureCity=ARN&endRange=2025-10-14T23:59:59Z&startRange=2025-05-15T09:00:00Z&pageNumber=1	<Response [500]>	{"errors":[{"name":"INTERNAL_SERVER_ERROR"}]}
https://api.airfranceklm.com/opendata/flightstatus/?arrivalCity=AMS&departureCity=BHD&endRange=2025-10-14T23:59:59Z&startRange=2025-05-15T09:00:00Z&pageNumber=1	<Response [500]>	{"errors":[{"name":"INTERNAL_SERVER_ERROR"}]}
https://api.airfranceklm.com/opendata/flightstatus/?arrivalCity=AMS&departureCity=BIQ&endRange=2025-10-14T23:59:59Z&startRange=2025-05-15T09:00:00Z&pageNumber=1	<Response [404]>	{"errors":[{"name":"FLIGHT NOT FOUND","severity":"INFO"}]}
https://api.airfranceklm.com/opendata/flightstatus/?arrivalCity=AMS&departureCity=BOJ&endRange=2025-10-14T23:59:59Z&startRange=2025-05-15T09:00:00Z&pageNumber=1	<Response [404]>	{"errors":[{"name":"FLIGHT NOT FOUND","severity":"INFO"}]}
https://api.airfranceklm.com/opendata/flightstatus/?arrivalCity=AMS&departureCity=BSL&endRange=2025-10-14T23:59:59Z&startRange=2025-05-15T09:00:00Z&pageNumber=1	<Response [500]>	{"errors":[{"name":"INTERNAL_SERVER_ERROR"}]}
https://api.airfranceklm.com/opendata/flightstatus/?arrivalCity=AMS&departureCity=CAG&endRange=2025-10-14T23:59:59Z&startRange=2025-05-15T09:00:00Z&pageNumber=1	<Response [404]>	{"errors":[{"name":"FLIGHT NOT FOUND","severity":"INFO"}]}
https://api.airfranceklm.com/opendata/flightstatus/?arrivalCity=AMS&departureCity=CDG&endRange=2025-10-14T23:59:59Z&startRange=2025-05-15T09:00:00Z&pageNumber=1	<Response [500]>	{"errors":[{"name":"INTERNAL_SERVER_ERROR"}]}
https://api.airfranceklm.com/opendata/flightstatus/?arrivalCity=AMS&departureCity=FCO&endRange=2025-10-14T23:59:59Z&startRange=2025-05-15T09:00:00Z&pageNumber=1	<Response [500]>	{"errors":[{"name":"INTERNAL_SERVER_ERROR"}]}
https://api.airfranceklm.com/opendata/flightstatus/?arrivalCity=AMS&departureCity=GRX&endRange=2025-10-14T23:59:59Z&startRange=2025-05-15T09:00:00Z&pageNumber=1	<Response [404]>	{"errors":[{"name":"FLIGHT NOT FOUND","severity":"INFO"}]}
https://api.airfranceklm.com/opendata/flightstatus/?arrivalCity=AMS&departureCity=INN&endRange=2025-10-14T23:59:59Z&startRange=2025-05-15T09:00:00Z&pageNumber=1	<Response [404]>	{"errors":[{"name":"FLIGHT NOT FOUND","severity":"INFO"}]}
https://api.airfranceklm.com/opendata/flightstatus/?arrivalCity=AMS&departureCity=JMK&endRange=2025-10-14T23:59:59Z&startRange=2025-05-15T09:00:00Z&pageNumber=1	<Response [404]>	{"errors":[{"name":"FLIGHT NOT FOUND","severity":"INFO"}]}
https://api.airfranceklm.com/opendata/flightstatus/?arrivalCity=AMS&departureCity=JTR&endRange=2025-10-14T23:59:59Z&startRange=2025-05-15T09:00:00Z&pageNumber=1	<Response [404]>	{"errors":[{"name":"FLIGHT NOT FOUND","severity":"INFO"}]}
https://api.airfranceklm.com/opendata/flightstatus/?arrivalCity=AMS&departureCity=KEF&endRange=2025-10-14T23:59:59Z&startRange=2025-05-15T09:00:00Z&pageNumber=1	<Response [500]>	{"errors":[{"name":"INTERNAL_SERVER_ERROR"}]}
https://api.airfranceklm.com/opendata/flightstatus/?arrivalCity=AMS&departureCity=KLX&endRange=2025-10-14T23:59:59Z&startRange=2025-05-15T09:00:00Z&pageNumber=1	<Response [404]>	{"errors":[{"name":"FLIGHT NOT FOUND","severity":"INFO"}]}
https://api.airfranceklm.com/opendata/flightstatus/?arrivalCity=AMS&departureCity=LCY&endRange=2025-10-14T23:59:59Z&startRange=2025-05-15T09:00:00Z&pageNumber=1	<Response [500]>	{"errors":[{"name":"INTERNAL_SERVER_ERROR"}]}
https://api.airfranceklm.com/opendata/flightstatus/?arrivalCity=AMS&departureCity=LGW&endRange=2025-10-14T23:59:59Z&startRange=2025-05-15T09:00:00Z&pageNumber=1	<Response [500]>	{"errors":[{"name":"INTERNAL_SERVER_ERROR"}]}
https://api.airfranceklm.com/opendata/flightstatus/?arrivalCity=AMS&departureCity=LHR&endRange=2025-10-14T23:59:59Z&startRange=2025-05-15T09:00:00Z&pageNumber=1	<Response [500]>	{"errors":[{"name":"INTERNAL_SERVER_ERROR"}]}
https://api.airfranceklm.com/opendata/flightstatus/?arrivalCity=AMS&departureCity=LIN&endRange=2025-10-14T23:59:59Z&startRange=2025-05-15T09:00:00Z&pageNumber=1	<Response [500]>	{"errors":[{"name":"INTERNAL_SERVER_ERROR"}]}
https://api.airfranceklm.com/opendata/flightstatus/?arrivalCity=AMS&departureCity=LTN&endRange=2025-10-14T23:59:59Z&startRange=2025-05-15T09:00:00Z&pageNumber=1	<Response [500]>	{"errors":[{"name":"INTERNAL_SERVER_ERROR"}]}
https://api.airfranceklm.com/opendata/flightstatus/?arrivalCity=AMS&departureCity=MAH&endRange=2025-10-14T23:59:59Z&startRange=2025-05-15T09:00:00Z&pageNumber=1	<Response [404]>	{"errors":[{"name":"FLIGHT NOT FOUND","severity":"INFO"}]}
https://api.airfranceklm.com/opendata/flightstatus/?arrivalCity=AMS&departureCity=MXP&endRange=2025-10-14T23:59:59Z&startRange=2025-05-15T09:00:00Z&pageNumber=1	<Response [500]>	{"errors":[{"name":"INTERNAL_SERVER_ERROR"}]}
https://api.airfranceklm.com/opendata/flightstatus/?arrivalCity=AMS&departureCity=OHD&endRange=2025-10-14T23:59:59Z&startRange=2025-05-15T09:00:00Z&pageNumber=1	<Response [404]>	{"errors":[{"name":"FLIGHT NOT FOUND","severity":"INFO"}]}
https://api.airfranceklm.com/opendata/flightstatus/?arrivalCity=AMS&departureCity=ORY&endRange=2025-10-14T23:59:59Z&startRange=2025-05-15T09:00:00Z&pageNumber=1	<Response [500]>	{"errors":[{"name":"INTERNAL_SERVER_ERROR"}]}
https://api.airfranceklm.com/opendata/flightstatus/?arrivalCity=AMS&departureCity=OTP&endRange=2025-10-14T23:59:59Z&startRange=2025-05-15T09:00:00Z&pageNumber=1	<Response [500]>	{"errors":[{"name":"INTERNAL_SERVER_ERROR"}]}
https://api.airfranceklm.com/opendata/flightstatus/?arrivalCity=AMS&departureCity=OVD&endRange=2025-10-14T23:59:59Z&startRange=2025-05-15T09:00:00Z&pageNumber=1	<Response [404]>	{"errors":[{"name":"FLIGHT NOT FOUND","severity":"INFO"}]}
https://api.airfranceklm.com/opendata/flightstatus/?arrivalCity=AMS&departureCity=PDL&endRange=2025-10-14T23:59:59Z&startRange=2025-05-15T09:00:00Z&pageNumber=1	<Response [404]>	{"errors":[{"name":"FLIGHT NOT FOUND","severity":"INFO"}]}
https://api.airfranceklm.com/opendata/flightstatus/?arrivalCity=AMS&departureCity=PLQ&endRange=2025-10-14T23:59:59Z&startRange=2025-05-15T09:00:00Z&pageNumber=1	<Response [404]>	{"errors":[{"name":"FLIGHT NOT FOUND","severity":"INFO"}]}
https://api.airfranceklm.com/opendata/flightstatus/?arrivalCity=AMS&departureCity=PMO&endRange=2025-10-14T23:59:59Z&startRange=2025-05-15T09:00:00Z&pageNumber=1	<Response [404]>	{"errors":[{"name":"FLIGHT NOT FOUND","severity":"INFO"}]}
https://api.airfranceklm.com/opendata/flightstatus/?arrivalCity=AMS&departureCity=PUY&endRange=2025-10-14T23:59:59Z&startRange=2025-05-15T09:00:00Z&pageNumber=1	<Response [404]>	{"errors":[{"name":"FLIGHT NOT FOUND","severity":"INFO"}]}
https://api.airfranceklm.com/opendata/flightstatus/?arrivalCity=AMS&departureCity=RMO&endRange=2025-10-14T23:59:59Z&startRange=2025-05-15T09:00:00Z&pageNumber=1	<Response [404]>	{"errors":[{"name":"FLIGHT NOT FOUND","severity":"INFO"}]}
https://api.airfranceklm.com/opendata/flightstatus/?arrivalCity=AMS&departureCity=SCQ&endRange=2025-10-14T23:59:59Z&startRange=2025-05-15T09:00:00Z&pageNumber=1	<Response [404]>	{"errors":[{"name":"FLIGHT NOT FOUND","severity":"INFO"}]}
https://api.airfranceklm.com/opendata/flightstatus/?arrivalCity=AMS&departureCity=SEN&endRange=2025-10-14T23:59:59Z&startRange=2025-05-15T09:00:00Z&pageNumber=1	<Response [500]>	{"errors":[{"name":"INTERNAL_SERVER_ERROR"}]}
https://api.airfranceklm.com/opendata/flightstatus/?arrivalCity=AMS&departureCity=SKP&endRange=2025-10-14T23:59:59Z&startRange=2025-05-15T09:00:00Z&pageNumber=1	<Response [404]>	{"errors":[{"name":"FLIGHT NOT FOUND","severity":"INFO"}]}
https://api.airfranceklm.com/opendata/flightstatus/?arrivalCity=AMS&departureCity=SPC&endRange=2025-10-14T23:59:59Z&startRange=2025-05-15T09:00:00Z&pageNumber=1	<Response [404]>	{"errors":[{"name":"FLIGHT NOT FOUND","severity":"INFO"}]}
https://api.airfranceklm.com/opendata/flightstatus/?arrivalCity=AMS&departureCity=STN&endRange=2025-10-14T23:59:59Z&startRange=2025-05-15T09:00:00Z&pageNumber=1	<Response [500]>	{"errors":[{"name":"INTERNAL_SERVER_ERROR"}]}
https://api.airfranceklm.com/opendata/flightstatus/?arrivalCity=AMS&departureCity=SZG&endRange=2025-10-14T23:59:59Z&startRange=2025-05-15T09:00:00Z&pageNumber=1	<Response [404]>	{"errors":[{"name":"FLIGHT NOT FOUND","severity":"INFO"}]}
https://api.airfranceklm.com/opendata/flightstatus/?arrivalCity=AMS&departureCity=TFS&endRange=2025-10-14T23:59:59Z&startRange=2025-05-15T09:00:00Z&pageNumber=1	<Response [500]>	{"errors":[{"name":"INTERNAL_SERVER_ERROR"}]}
https://api.airfranceklm.com/opendata/flightstatus/?arrivalCity=AOI&departureCity=ORY&endRange=2025-10-14T23:59:59Z&startRange=2025-05-15T09:00:00Z&pageNumber=1	<Response [500]>	{"errors":[{"name":"INTERNAL_SERVER_ERROR"}]}
https://api.airfranceklm.com/opendata/flightstatus/?arrivalCity=ARN&departureCity=AMS&endRange=2025-10-14T23:59:59Z&startRange=2025-05-15T09:00:00Z&pageNumber=1	<Response [500]>	{"errors":[{"name":"INTERNAL_SERVER_ERROR"}]}
https://api.airfranceklm.com/opendata/flightstatus/?arrivalCity=ARN&departureCity=BGO&endRange=2025-10-14T23:59:59Z&startRange=2025-05-15T09:00:00Z&pageNumber=1	<Response [500]>	{"errors":[{"name":"INTERNAL_SERVER_ERROR"}]}
https://api.airfranceklm.com/opendata/flightstatus/?arrivalCity=ARN&departureCity=CDG&endRange=2025-10-14T23:59:59Z&startRange=2025-05-15T09:00:00Z&pageNumber=1	<Response [500]>	{"errors":[{"name":"INTERNAL_SERVER_ERROR"}]}
https://api.airfranceklm.com/opendata/flightstatus/?arrivalCity=ARN&departureCity=CPH&endRange=2025-10-14T23:59:59Z&startRange=2025-05-15T09:00:00Z&pageNumber=1	<Response [500]>	{"errors":[{"name":"INTERNAL_SERVER_ERROR"}]}
https://api.airfranceklm.com/opendata/flightstatus/?arrivalCity=ARN&departureCity=GOT&endRange=2025-10-14T23:59:59Z&startRange=2025-05-15T09:00:00Z&pageNumber=1	<Response [500]>	{"errors":[{"name":"INTERNAL_SERVER_ERROR"}]}
https://api.airfranceklm.com/opendata/flightstatus/?arrivalCity=ARN&departureCity=HEL&endRange=2025-10-14T23:59:59Z&startRange=2025-05-15T09:00:00Z&pageNumber=1	<Response [500]>	{"errors":[{"name":"INTERNAL_SERVER_ERROR"}]}