continent,subcontinent,country,iata,country_code,icao,region_name,airport,latitude,longitude
Africa,Central Africa,Cameroon,DLA,CM,FKKD,Littoral,Douala International Airport,4.00608,9.71948
Africa,Central Africa,Cameroon,NSI,CM,FKYS,Centre,Yaounde Nsimalen International Airport,3.72256,11.5533
Africa,Central Africa,Democratic Republic of the Congo,FIH,CD,FZAA,Kinshasa,N'djili Airport,-4.38575,15.4446
Africa,Central Africa,Equatorial Guinea,SSG,GQ,FGSL,Bioko Norte,Malabo International Airport (Saint Isabel Airport),3.75527,8.70872
Africa,Central Africa,Gabon,LBV,GA,FOOL,Estuaire,Léon-Mba International Airport,0.458611,9.41222
Africa,Eastern Africa,Djibouti,JIB,DJ,HDAM,Djibouti,Djibouti-Ambouli International Airport,11.5473,43.1595
Africa,Eastern Africa,Ethiopia,ADD,ET,HAAB,Addis Ababa,Addis Ababa Bole International Airport,8.97778,38.7994
Africa,Eastern Africa,Kenya,NBO,KE,HKJK,Elgeyo/Marakwet,Jomo Kenyatta International Airport,-1.31924,36.9278
Africa,Eastern Africa,Mauritius,MRU,MU,FIMP,Grand Port,Sir Seewoosagur Ramgoolam International Airport,-20.4302,57.6836
Africa,Eastern Africa,Mozambique,MPM,MZ,FQMA,Maputo,Maputo International Airport,-25.9208,32.5726
Africa,Eastern Africa,Rwanda,KGL,RW,HRYR,Ville de Kigali,Kigali International Airport (Kanombe Airport),-1.96863,30.1395
Africa,Eastern Africa,Seychelles,SEZ,SC,FSIA,English River,Seychelles International Airport,-4.67434,55.5218
Africa,Eastern Africa,Somalia,MGQ,SO,HCMM,Banaadir,Aden Adde International Airport,2.01444,45.3047
Africa,Eastern Africa,Tanzania,JRO,TZ,HTKJ,Kilimanjaro,Kilimanjaro International Airport,-3.42941,37.0745
Africa,Eastern Africa,Tanzania,ZNZ,TZ,HTZA,Mjini Magharibi,Abeid Amani Karume International Airport,-6.22202,39.2249
Africa,Eastern Africa,Uganda,EBB,UG,HUEN,Kampala,Entebbe International Airport,0.042386,32.4435
Africa,Northern Africa,Algeria,BJA,DZ,DAAE,Bejaia,Soummam - Abane Ramdane Airport,36.712,5.06992
Africa,Northern Africa,Algeria,ALG,DZ,DAAG,Alger,Houari Boumediene Airport,36.691,3.21541
Africa,Northern Africa,Algeria,QSF,DZ,DAAS,Setif,Ain Arnat Airport,36.1781,5.32449
Africa,Northern Africa,Algeria,CZL,DZ,DABC,Constantine,Mohamed Boudiaf International Airport,36.276,6.62039
Africa,Northern Africa,Algeria,TLM,DZ,DAON,Tlemcen,Zenata - Messali El Hadj Airport,35.0167,-1.45
Africa,Northern Africa,Algeria,ORN,DZ,DAOO,Oran,Oran Es Senia Airport,35.6239,-0.621183
Africa,Northern Africa,Egypt,DBB,EG,HEAL,Matruh,Al Alamain International Airport,30.9245,28.4614
Africa,Northern Africa,Egypt,ALY,EG,HEAX,Al Iskandariyah,El Nouzha Airport,31.1839,29.9489
Africa,Northern Africa,Egypt,HBE,EG,HEBA,Al Iskandariyah,Borg El Arab Airport,30.9177,29.6964
Africa,Northern Africa,Egypt,CAI,EG,HECA,Al Qahirah,Cairo International Airport,30.1219,31.4056
Africa,Northern Africa,Egypt,HRG,EG,HEGN,Al Bahr al Ahmar,Hurghada International Airport,27.1783,33.7994
Africa,Northern Africa,Egypt,LXR,EG,HELX,Al Uqsur,Luxor International Airport,25.671,32.7066
Africa,Northern Africa,Egypt,RMF,EG,HEMA,Al Bahr al Ahmar,Marsa Alam International Airport,25.5571,34.5837
Africa,Northern Africa,Egypt,MUH,EG,HEMM,Matruh,Marsa Matruh International Airport,31.3254,27.2217
Africa,Northern Africa,Egypt,SSH,EG,HESH,Janub Sina',Sharm el-Sheikh International Airport,27.9773,34.395
Africa,Northern Africa,Egypt,TCP,EG,HETB,Janub Sina',Taba International Airport,29.5878,34.7781
Africa,Northern Africa,Libya,BEN,LY,HLLB,Banghazi,Benina International Airport,32.0968,20.2695
Africa,Northern Africa,Libya,MJI,LY,HLLM,Tarabulus,Mitiga International Airport,32.8941,13.276
Africa,Northern Africa,Morocco,AGA,MA,GMAD,Souss-Massa,Agadir-Al Massira Airport,30.325,-9.41307
Africa,Northern Africa,Morocco,FEZ,MA,GMFF,Fes- Meknes,Fes-Saiss Airport,33.9273,-4.97796
Africa,Northern Africa,Morocco,OUD,MA,GMFO,L'Oriental,Angads Airport,34.7872,-1.92399
Africa,Northern Africa,Morocco,RBA,MA,GMME,Rabat-Sale-Kenitra,Rabat-Sale Airport,34.0515,-6.75152
Africa,Northern Africa,Morocco,VIL,MA,GMMH,Laayoune-Sakia El Hamra (EH-partial),Dakhla Airport,23.7183,-15.932
Africa,Northern Africa,Morocco,CMN,MA,GMMN,Casablanca-Settat,Mohammed V International Airport,33.3675,-7.58997
Africa,Northern Africa,Morocco,NDR,MA,GMMW,L'Oriental,Nador International Airport,34.9888,-3.02821
Africa,Northern Africa,Morocco,RAK,MA,GMMX,Marrakech-Safi,Marrakesh Menara Airport,31.6069,-8.0363
Africa,Northern Africa,Morocco,OZZ,MA,GMMZ,Draa-Tafilalet,Ouarzazate Airport,30.9391,-6.90943
Africa,Northern Africa,Morocco,TNG,MA,GMTT,Tanger-Tetouan-Al Hoceima,Tangier Ibn Battouta Airport,35.7269,-5.91689
Africa,Northern Africa,Tunisia,TBJ,TN,DTKA,Jendouba,Tabarka-Ain Draham Internation,36.98,8.87694
Africa,Northern Africa,Tunisia,MIR,TN,DTMB,Monastir,Monastir Habib Bourguiba International Airport,35.7581,10.7547
Africa,Northern Africa,Tunisia,NBE,TN,DTNH,Sousse,Enfidha-Hammamet International Airport,36.0758,10.4386
Africa,Northern Africa,Tunisia,TUN,TN,DTTA,Tunis,Tunis–Carthage International Airport,36.8511,10.2272
Africa,Northern Africa,Tunisia,DJE,TN,DTTJ,Medenine,Djerba-Zarzis International Airport,33.875,10.7755
Africa,Northern Africa,Tunisia,SFA,TN,DTTX,Sfax,Sfax-Thyna International Airport,34.718,10.691
Africa,Southern Africa,Namibia,WDH,,FYWH,Khomas,Hosea Kutako International Airport,-22.4799,17.4709
Africa,Southern Africa,South Africa,CPT,ZA,FACT,Western Cape,Cape Town International Airport,-33.9648,18.6017
Africa,Southern Africa,South Africa,DUR,ZA,FALE,Kwazulu-Natal,King Shaka International Airport,-29.6144,31.1197
Africa,Southern Africa,South Africa,JNB,ZA,FAOR,Gauteng,O. R. Tambo International Airport,-26.1392,28.246
Africa,Western Africa,Burkina Faso,OUA,BF,DFFD,Kadiogo,Ouagadougou Airport,12.3532,-1.51242
Africa,Western Africa,Cape Verde,SID,CV,GVAC,Sal,Amilcar Cabral International Airport,16.7414,-22.9494
Africa,Western Africa,Cape Verde,BVC,CV,GVBA,Boa Vista,Aristides Pereira International Airport (Rabil Airport),16.1365,-22.8889
Africa,Western Africa,Cape Verde,RAI,CV,GVNP,Ribeira Grande de Santiago,Nelson Mandela International Airport,14.9245,-23.4935
Africa,Western Africa,Ghana,ACC,GH,DGAA,Greater Accra,Kotoka International Airport,5.60519,-0.166786
Africa,Western Africa,Guinea-Bissau,OXB,GW,GGOV,Bissau,Osvaldo Vieira International Airport,11.8948,-15.6537
Africa,Western Africa,Ivory Coast,ABJ,CI,DIAP,Abidjan,Port Bouet Airport (Felix Houphouet Boigny Int'l),5.26139,-3.92629
Africa,Western Africa,Mauritania,NKC,MR,GQNO,Nouakchott Nord,Nouakchott-Oumtounsy International Airport,18.31,-15.9697
Africa,Western Africa,Nigeria,ABV,NG,DNAA,Abuja Federal Capital Territory,Nnamdi Azikiwe International Airport,9.00679,7.26317
Africa,Western Africa,Nigeria,KAN,NG,DNKN,Kano,Mallam Aminu Kano International Airport,12.0476,8.52462
Africa,Western Africa,Nigeria,LOS,NG,DNMM,Lagos,Murtala Muhammed International Airport,6.57737,3.32116
Africa,Western Africa,Senegal,DSS,SN,GOBD,Thies,Blaise Diagne International Airport,14.67,-17.0733
Africa,Western Africa,Togo,LFW,TG,DXXX,Maritime,Lome-Tokoin Airport (Gnassingbe Eyadema Int'l),6.16561,1.25451
Americas,Caribbean,Barbados,BGI,BB,TBPB,Christ Church,Grantley Adams International Airport,13.0746,-59.4925
Americas,Caribbean,Cayman Islands,GCM,KY,MWCR,Cayman Islands,Owen Roberts International Airport,19.2928,-81.3577
Americas,Caribbean,Cuba,HAV,CU,MUHA,La Habana,Jose Marti International Airport,22.9892,-82.4091
Americas,Caribbean,Dominican Republic,LRM,OM,MDLR,Zufar,La Romana International Airport (Casa de Campo International Airport),18.4507,-68.9118
Americas,Caribbean,Dominican Republic,PUJ,DO,MDPC,La Altagracia,Punta Cana International Airport,18.5674,-68.3634
Americas,Caribbean,Dominican Republic,SDQ,DO,MDSD,Monte Plata,Las Americas International Airport,18.4297,-69.6689
Americas,Caribbean,Grenada,GND,GD,TGPY,Saint George,Maurice Bishop International Airport,12.0042,-61.7862
Americas,Caribbean,Guadeloupe,PTP,GP,TFFR,Guadeloupe,Pointe-a-Pitre International Airport (Le Raizet Airport),16.2653,-61.5318
Americas,Caribbean,Haiti,CAP,HT,MTCH,Nord,Hugo Chavez International Airport,19.733,-72.1947
Americas,Caribbean,Puerto Rico,SJU,PR,TJSJ,Carolina,Luis Munoz Marin International Airport,18.4394,-66.0018
Americas,Caribbean,Sint Maarten,SXM,SX,TNCM,Sint Maarten (Dutch Part),Princess Juliana International Airport,18.041,-63.1089
Americas,Caribbean,The Bahamas,NAS,BS,MYNN,New Providence,Lynden Pindling International Airport,25.039,-77.4662
Americas,Caribbean,Trinidad and Tobago,POS,TT,TTPP,Port of Spain,Piarco International Airport,10.5954,-61.3372
Americas,Caribbean,U.S. Virgin Islands,STT,VI,TIST,"Virgin Islands, U.S.",Cyril E. King Airport,18.3373,-64.9734
Americas,Caribbean,U.S. Virgin Islands,STX,VI,TISX,"Virgin Islands, U.S.",Henry E. Rohlsen Airport,17.7019,-64.7986
Americas,Central America,Costa Rica,LIR,CR,MRLB,Guanacaste,Daniel Oduber Quiros International Airport,10.5933,-85.5444
Americas,Central America,Costa Rica,SJO,CR,MROC,Alajuela,Juan Santamaria International Airport,9.99386,-84.2088
Americas,Central America,El Salvador,SAL,SV,MSLP,San Salvador,El Salvador International Airport Saint Óscar Arnulfo Romero y Galdámez,13.4408,-89.0556
Americas,Central America,Guatemala,GUA,GT,MGGT,Guatemala,La Aurora International Airport,14.5817,-90.5267
Americas,Central America,Panama,PTY,PA,MPTO,Panama,Tocumen International Airport,9.07136,-79.3835
Americas,North America,Bermuda,BDA,BM,TXKF,Hamilton,L.F. Wade International Airport,32.364,-64.6787
Americas,North America,Canada,YEG,CA,CYEG,Alberta,Edmonton International Airport,53.31,-113.579
Americas,North America,Canada,YHM,CA,CYHM,Ontario,John C. Munro Hamilton International Airport,43.1736,-79.935
Americas,North America,Canada,YHZ,CA,CYHZ,Nova Scotia,Halifax Stanfield International Airport,44.8808,-63.5086
Americas,North America,Canada,YOW,CA,CYOW,Ontario,Ottawa Macdonald-Cartier International Airport,45.3225,-75.6692
Americas,North America,Canada,YQB,CA,CYQB,Quebec,Quebec City Jean Lesage International Airport,46.7911,-71.3933
Americas,North America,Canada,YQX,CA,CYQX,Newfoundland and Labrador,Gander International Airport / CFB Gander,48.9369,-54.5681
Americas,North America,Canada,YSJ,CA,CYSJ,New Brunswick,Saint John Airport,45.3161,-65.8903
Americas,North America,Canada,YUL,CA,CYUL,Quebec,Montréal-Pierre Elliott Trudeau International Airport,45.4657,-73.7455
Americas,North America,Canada,YVR,CA,CYVR,British Columbia,Vancouver International Airport,49.1939,-123.184
Americas,North America,Canada,YXU,CA,CYXU,Ontario,London International Airport,43.0356,-81.1539
Americas,North America,Canada,YYC,CA,CYYC,Alberta,Calgary International Airport,51.1139,-114.02
Americas,North America,Canada,YYG,CA,CYYG,Prince Edward Island,Charlottetown Airport,46.29,-63.1211
Americas,North America,Canada,YYT,CA,CYYT,Newfoundland and Labrador,St. John's International Airport,47.6186,-52.7519
Americas,North America,Canada,YYZ,CA,CYYZ,Ontario,Toronto Pearson International Airport,43.6797,-79.6227
Americas,North America,Greenland,UAK,GL,BGBW,Kommune Kujalleq,Narsarsuaq Airport,61.1605,-45.426
Americas,North America,Greenland,GOH,GL,BGGH,Kommuneqarfik Sermersooq,Nuuk Airport,64.1909,-51.6781
Americas,North America,Greenland,JAV,GL,BGJN,Avannaata Kommunia,Ilulissat Airport,69.2432,-51.0571
Americas,North America,Greenland,SFJ,GL,BGSF,Qeqqata Kommunia,Kangerlussuaq Airport,67.0122,-50.7116
Americas,North America,Mexico,GDL,MX,MMGL,Jalisco,Guadalajara International Airport (Miguel Hidalgo y Costilla Int'l),20.5218,-103.311
Americas,North America,Mexico,MEX,MX,MMMX,Mexico,Mexico City International Airport,19.4363,-99.0721
Americas,North America,Mexico,MTY,MX,MMMY,Nuevo Leon,General Mariano Escobedo International Airport,25.7785,-100.107
Americas,North America,Mexico,SJD,MX,MMSD,Baja California Sur,Los Cabos International Airport,23.1518,-109.721
Americas,North America,Mexico,NLU,MX,MMSM,Mexico,Felipe Ángeles International Airport,19.7553,-99.0164
Americas,North America,Mexico,TQO,MX,MMTL,Quintana Roo,Tulum Felipe Carrillo Puerto Airport,20.1661,-87.6592
Americas,North America,Mexico,TLC,MX,MMTO,Mexico,Licenciado Adolfo Lopez Mateos International Airport,19.3371,-99.566
Americas,North America,Mexico,CUN,MX,MMUN,Quintana Roo,Cancun International Airport,21.0365,-86.8771
Americas,North America,Mexico,VER,MX,MMVR,Veracruz de Ignacio de la Llave,General Heriberto Jara International Airport,19.1459,-96.1873
Americas,North America,Saint Pierre and Miquelon,FSP,PM,LFVP,Saint Pierre and Miquelon,Saint-Pierre Airport,46.7629,-56.1731
Americas,North America,United States,ACY,US,KACY,New Jersey,Atlantic City International Airport,39.4576,-74.5772
Americas,North America,United States,ALB,US,KALB,New York,Albany International Airport,42.7483,-73.8017
Americas,North America,United States,ATL,US,KATL,Georgia,Hartsfield-Jackson Atlanta International Airport,33.6367,-84.4281
Americas,North America,United States,ATW,US,KATW,Wisconsin,Appleton International Airport,44.2581,-88.5191
Americas,North America,United States,AUS,US,KAUS,Texas,Austin-Bergstrom International Airport,30.1945,-97.6699
Americas,North America,United States,AVP,US,KAVP,Pennsylvania,Wilkes-Barre/Scranton International Airport,41.3385,-75.7234
Americas,North America,United States,BDL,US,KBDL,Connecticut,Bradley International Airport,41.9392,-72.6833
Americas,North America,United States,BFI,US,KBFI,Washington,Boeing Field/King County International Airport,47.53,-122.302
Americas,North America,United States,BGR,US,KBGR,Maine,Bangor International Airport,44.8074,-68.8281
Americas,North America,United States,BHM,US,KBHM,Alabama,Birmingham-Shuttlesworth International Airport,33.5629,-86.7535
Americas,North America,United States,BNA,US,KBNA,Tennessee,Nashville International Airport,36.1245,-86.6782
Americas,North America,United States,BOI,US,KBOI,Idaho,Boise Air Terminal (Gowen Field),43.5644,-116.223
Americas,North America,United States,BOS,US,KBOS,Massachusetts,Logan International Airport,42.3643,-71.0052
Americas,North America,United States,BUF,US,KBUF,New York,Buffalo Niagara International Airport,42.9405,-78.7322
Americas,North America,United States,BWI,US,KBWI,Maryland,Baltimore/Washington International Airport,39.1753,-76.6683
Americas,North America,United States,CHS,US,KCHS,South Carolina,Charleston International Airport / Charleston Air Force Base,32.8986,-80.0405
Americas,North America,United States,CLE,US,KCLE,Ohio,Cleveland Hopkins International Airport,41.4117,-81.8498
Americas,North America,United States,CLT,US,KCLT,North Carolina,Charlotte Douglas International Airport,35.214,-80.9431
Americas,North America,United States,CMH,US,KCMH,Ohio,John Glenn Columbus International Airport,39.998,-82.8919
Americas,North America,United States,CVG,US,KCVG,Kentucky,Cincinnati/Northern Kentucky International Airport,39.0488,-84.6678
Americas,North America,United States,DAL,US,KDAL,Texas,Dallas Love Field,32.8471,-96.8518
Americas,North America,United States,DAY,US,KDAY,Ohio,Dayton International Airport,39.9024,-84.2194
Americas,North America,United States,DCA,US,KDCA,Virginia,Ronald Reagan Washington National Airport,38.8522,-77.0378
Americas,North America,United States,DEN,US,KDEN,Colorado,Denver International Airport,39.8617,-104.673
Americas,North America,United States,DFW,US,KDFW,Texas,Dallas/Fort Worth International Airport,32.8968,-97.038
Americas,North America,United States,DLH,US,KDLH,Minnesota,Duluth International Airport,46.8421,-92.1936
Americas,North America,United States,DSM,US,KDSM,Iowa,Des Moines International Airport,41.534,-93.6631
Americas,North America,United States,DTW,US,KDTW,Michigan,Detroit Metro Wayne County Airport,42.2125,-83.3533
Americas,North America,United States,ERI,US,KERI,Pennsylvania,Erie International Airport (Tom Ridge Field),42.0831,-80.1739
Americas,North America,United States,EWR,US,KEWR,New Jersey,Newark Liberty International Airport,40.6925,-74.1686
Americas,North America,United States,EYW,US,KEYW,Florida,Key West International Airport,24.5561,-81.7596
Americas,North America,United States,FLL,US,KFLL,Florida,Fort Lauderdale-Hollywood International Airport,26.0726,-80.1527
Americas,North America,United States,GRB,US,KGRB,Wisconsin,Austin Straubel International Airport,44.4851,-88.1296
Americas,North America,United States,GRR,US,KGRR,Michigan,Gerald R. Ford International Airport,42.8808,-85.5228
Americas,North America,United States,GSO,US,KGSO,North Carolina,Piedmont Triad International Airport,36.0978,-79.9373
Americas,North America,United States,GSP,US,KGSP,South Carolina,Greenville-Spartanburg International Airport,34.8957,-82.2189
Americas,North America,United States,HOU,US,KHOU,Texas,William P. Hobby Airport,29.6454,-95.2789
Americas,North America,United States,HSV,US,KHSV,Alabama,Huntsville International Airport (Carl T. Jones Field),34.6372,-86.7751
Americas,North America,United States,IAD,US,KIAD,Virginia,Washington Dulles International Airport,38.9445,-77.4558
Americas,North America,United States,IAH,US,KIAH,Texas,George Bush Intercontinental Airport,29.9844,-95.3414
Americas,North America,United States,ILM,US,KILM,North Carolina,Wilmington International Airport,34.2706,-77.9026
Americas,North America,United States,IND,US,KIND,Indiana,Indianapolis International Airport,39.7173,-86.2944
Americas,North America,United States,INL,US,KINL,Minnesota,Falls International Airport,48.5662,-93.4031
Americas,North America,United States,JAN,US,KJAN,Mississippi,Jackson-Evers International Airport,32.3112,-90.0759
Americas,North America,United States,JAX,US,KJAX,Florida,Jacksonville International Airport,30.4941,-81.6879
Americas,North America,United States,JFK,US,KJFK,New York,John F. Kennedy International Airport,40.6397,-73.7789
Americas,North America,United States,LAS,US,KLAS,Nevada,Harry Reid International Airport,36.0801,-115.152
Americas,North America,United States,LAX,US,KLAX,California,Los Angeles International Airport,33.9425,-118.408
Americas,North America,United States,LGA,US,KLGA,New York,LaGuardia Airport,40.775,-73.875
Americas,North America,United States,LIT,US,KLIT,Arkansas,Clinton National Airport (Adams Field),34.7294,-92.2243
Americas,North America,United States,MAF,US,KMAF,Texas,Midland International Air and Space Port,31.9425,-102.202
Americas,North America,United States,MCI,US,KMCI,Missouri,Kansas City International Airport,39.2976,-94.7139
Americas,North America,United States,MCO,US,KMCO,Florida,Orlando International Airport,28.4294,-81.309
Americas,North America,United States,MDT,US,KMDT,Pennsylvania,Harrisburg International Airport,40.1935,-76.7634
Americas,North America,United States,MDW,US,KMDW,Illinois,Chicago Midway International Airport,41.7861,-87.7525
Americas,North America,United States,MEM,US,KMEM,Tennessee,Memphis International Airport,35.0424,-89.9767
Americas,North America,United States,MIA,US,KMIA,Florida,Miami International Airport,25.7932,-80.2906
Americas,North America,United States,MKE,US,KMKE,Wisconsin,General Mitchell International Airport,42.9472,-87.8966
Americas,North America,United States,MLB,US,KMLB,Florida,Orlando Melbourne International Airport,28.1028,-80.6453
Americas,North America,United States,MSN,US,KMSN,Wisconsin,Dane County Regional Airport (Truax Field),43.1399,-89.3375
Americas,North America,United States,MSP,US,KMSP,Minnesota,Minneapolis-Saint Paul International Airport (Wold-Chamberlain Field),44.882,-93.2218
Americas,North America,United States,MSY,US,KMSY,Louisiana,Louis Armstrong New Orleans International Airport,29.9934,-90.258
Americas,North America,United States,OAK,US,KOAK,California,Oakland International Airport,37.7213,-122.221
Americas,North America,United States,OKC,US,KOKC,Oklahoma,Will Rogers World Airport,35.3931,-97.6007
Americas,North America,United States,ONT,US,KONT,California,Ontario International Airport,34.056,-117.601
Americas,North America,United States,ORD,US,KORD,Illinois,Chicago O'Hare International Airport,41.9786,-87.9047
Americas,North America,United States,ORF,US,KORF,Virginia,Norfolk International Airport,36.8946,-76.2012
Americas,North America,United States,PAE,US,KPAE,Washington,Paine Field (Snohomish County Airport),47.9063,-122.282
Americas,North America,United States,PBI,US,KPBI,Florida,Palm Beach International Airport,26.6832,-80.0956
Americas,North America,United States,PDX,US,KPDX,Oregon,Portland International Airport,45.5887,-122.598
Americas,North America,United States,PHL,US,KPHL,Pennsylvania,Philadelphia International Airport,39.8719,-75.2411
Americas,North America,United States,PHX,US,KPHX,Arizona,Phoenix Sky Harbor International Airport,33.4343,-112.012
Americas,North America,United States,PIT,US,KPIT,Pennsylvania,Pittsburgh International Airport,40.4915,-80.2329
Americas,North America,United States,PSP,US,KPSP,California,Palm Springs International Airport,33.8297,-116.507
Americas,North America,United States,PVD,US,KPVD,Rhode Island,Theodore Francis Green State Airport,41.7326,-71.4204
Americas,North America,United States,PWM,US,KPWM,Maine,Portland International Jetport,43.6462,-70.3093
Americas,North America,United States,RDU,US,KRDU,North Carolina,Raleigh-Durham International Airport,35.8776,-78.7875
Americas,North America,United States,RFD,US,KRFD,Illinois,Chicago Rockford International Airport,42.1953,-89.0972
Americas,North America,United States,RIC,US,KRIC,Virginia,Richmond International Airport,37.5052,-77.3197
Americas,North America,United States,ROC,US,KROC,New York,Greater Rochester International Airport,43.1189,-77.6724
Americas,North America,United States,RST,US,KRST,Minnesota,Rochester International Airport,43.9083,-92.5
Americas,North America,United States,RSW,US,KRSW,Florida,Southwest Florida International Airport,26.5362,-81.7552
Americas,North America,United States,SAN,US,KSAN,California,San Diego International Airport,32.7336,-117.19
Americas,North America,United States,SAT,US,KSAT,Texas,San Antonio International Airport,29.5337,-98.4698
Americas,North America,United States,SAV,US,KSAV,Georgia,Savannah/Hilton Head International Airport,32.1276,-81.2021
Americas,North America,United States,SBD,US,KSBD,California,San Bernardino International Airport,34.0954,-117.235
Americas,North America,United States,SBM,US,KSBM,Wisconsin,Sheboygan County Memorial Airport,43.7696,-87.8514
Americas,North America,United States,SDF,US,KSDF,Kentucky,Louisville International Airport (Standiford Field),38.1744,-85.736
Americas,North America,United States,SEA,US,KSEA,Washington,Seattle-Tacoma International Airport,47.449,-122.309
Americas,North America,United States,SFO,US,KSFO,California,San Francisco International Airport,37.619,-122.375
Americas,North America,United States,SJC,US,KSJC,California,San Jose International Airport,37.3626,-121.929
Americas,North America,United States,SLC,US,KSLC,Utah,Salt Lake City International Airport,40.7884,-111.978
Americas,North America,United States,SNA,US,KSNA,California,John Wayne Airport (Orange County Airport),33.6757,-117.868
Americas,North America,United States,SRQ,US,KSRQ,Florida,Sarasota-Bradenton International Airport,27.3954,-82.5544
Americas,North America,United States,STL,US,KSTL,Missouri,Lambert-St. Louis International Airport,38.7487,-90.37
Americas,North America,United States,SWF,US,KSWF,New York,New York Stewart International Airport,41.5042,-74.1047
Americas,North America,United States,SYR,US,KSYR,New York,Syracuse Hancock International Airport,43.1112,-76.1063
Americas,North America,United States,TLH,US,KTLH,Florida,Tallahassee International Airport,30.3965,-84.3503
Americas,North America,United States,TPA,US,KTPA,Florida,Tampa International Airport,27.9755,-82.5332
Americas,North America,United States,TUL,US,KTUL,Oklahoma,Tulsa International Airport,36.1984,-95.8881
Americas,North America,United States,TUS,US,KTUS,Arizona,Tucson International Airport,32.1161,-110.941
Americas,North America,United States,TYS,US,KTYS,Tennessee,McGhee Tyson Airport,35.811,-83.994
Americas,North America,United States,FAI,US,PAFA,Alaska,Fairbanks International Airport,64.8151,-147.856
Americas,North America,United States,ANC,US,PANC,Alaska,Ted Stevens Anchorage International Airport,61.1744,-149.996
Americas,North America,United States,KOA,US,PHKO,Hawaii,Kona International Airport at Keahole,19.7388,-156.046
Americas,North America,United States,HNL,US,PHNL,Hawaii,Daniel K. Inouye International Airport,21.3206,-157.924
Americas,South America,Argentina,AEP,AR,SABE,Buenos Aires,Aeroparque Internacional Jorge Newbery,-34.5589,-58.4164
Americas,South America,Argentina,EZE,AR,SAEZ,Buenos Aires,Ministro Pistarini International Airport,-34.8222,-58.5358
Americas,South America,Argentina,MDZ,AR,SAME,Mendoza,Gov. Francisco Gabrielli International Airport (El Plumerillo),-32.8317,-68.7929
Americas,South America,Argentina,TUC,AR,SANT,Tucuman,Teniente General Benjamin Matienzo International Airport,-26.8409,-65.1049
Americas,South America,Bolivia,CBB,BO,SLCB,Cochabamba,Jorge Wilstermann International Airport,-17.4211,-66.1771
Americas,South America,Bolivia,VVI,BO,SLVR,Santa Cruz,Viru Viru International Airport,-17.6448,-63.1354
Americas,South America,Brazil,BEL,BR,SBBE,Para,Val de Cans International Airport,-1.37925,-48.4763
Americas,South America,Brazil,BSB,BR,SBBR,Distrito Federal,Brasilia International Airport (Presidente J. Kubitschek Int'l Airport),-15.8692,-47.9208
Americas,South America,Brazil,CNF,BR,SBCF,Minas Gerais,Tancredo Neves International Airport,-19.6336,-43.9686
Americas,South America,Brazil,FOR,BR,SBFZ,Ceara,Pinto Martins - Fortaleza International Airport,-3.77628,-38.5326
Americas,South America,Brazil,GIG,BR,SBGL,Rio de Janeiro,Galeao-Antonio Carlos Jobim International Airport,-22.81,-43.2506
Americas,South America,Brazil,GYN,BR,SBGO,Goias,Santa Genoveva Airport,-16.632,-49.2207
Americas,South America,Brazil,GRU,BR,SBGR,Sao Paulo,Guarulhos International Airport,-23.4322,-46.4692
Americas,South America,Brazil,VCP,BR,SBKP,Sao Paulo,Viracopos-Campinas International Airport,-23.0081,-47.1344
Americas,South America,Brazil,POA,BR,SBPA,Rio Grande do Sul,Salgado Filho International Airport,-29.9944,-51.1714
Americas,South America,Brazil,REC,BR,SBRF,Pernambuco,Recife/Guararapes-Gilberto Freyre International Airport,-8.12649,-34.9236
Americas,South America,Brazil,SSA,BR,SBSV,Bahia,Deputado Luis Eduardo Magalhaes International Airport,-12.9086,-38.3225
Americas,South America,Chile,SCL,CL,SCEL,Region Metropolitana de Santiago,Arturo Merino Benítez International Airport,-33.3928,-70.7856
Americas,South America,Chile,PMC,CL,SCTE,Los Lagos,El Tepual Airport,-41.4389,-73.094
Americas,South America,Colombia,BOG,CO,SKBO,Distrito Capital de Bogota,El Dorado International Airport,4.70159,-74.1469
Americas,South America,Colombia,CTG,CO,SKCG,Bolivar,Rafael Nunez International Airport,10.4424,-75.513
Americas,South America,Ecuador,GYE,EC,SEGU,Guayas,Jose Joaquin de Olmedo International Airport,-2.15742,-79.8836
Americas,South America,Ecuador,UIO,EC,SEQM,Pichincha,Mariscal Sucre International Airport,-0.129167,-78.3575
Americas,South America,French Guiana,CAY,GF,SOCA,Guyane,Cayenne - Felix Eboue Airport,4.81981,-52.3604
Americas,South America,Paraguay,ASU,PY,SGAS,Central,Silvio Pettirossi International Airport,-25.24,-57.52
Americas,South America,Peru,LIM,PE,SPJC,El Callao,Jorge Chavez International Airport,-12.0219,-77.1143
Americas,South America,Suriname,PBM,SR,SMJP,Para,Johan Adolf Pengel International Airport,5.45283,-55.1878
Americas,South America,Uruguay,MVD,UY,SUMU,Montevideo,Carrasco Gral. Cesareo L. Berisso International Airport,-34.8384,-56.0308
Americas,South America,Venezuela,VLN,VE,SVVA,Carabobo,Arturo Michelena International Airport,10.1497,-67.9284
Asia,Central Asia,Kazakhstan,ALA,KZ,UAAA,Almaty,Almaty International Airport,43.3521,77.0405
Asia,Central Asia,Kazakhstan,NQZ,KZ,UACC,Astana,Nursultan Nazarbayev International Airport,51.0222,71.4669
Asia,Central Asia,Kazakhstan,CIT,KZ,UAII,Ongtustik Qazaqstan oblysy,Shymkent International Airport,42.3642,69.4789
Asia,Central Asia,Kazakhstan,GUW,KZ,UATG,Atyrau oblysy,Atyrau Airport,47.1219,51.8214
Asia,Central Asia,Kazakhstan,KSN,KZ,UAUU,Qostanay oblysy,Kostanay Airport,53.2069,63.5503
Asia,Central Asia,Kyrgyzstan,,DE,EDAY,Brandenburg,Strausberg,52.5799,13.9156
Asia,Central Asia,Kyrgyzstan,,NL,EHSE,Noord-Brabant,Breda International Airport,51.5549,4.5526
Asia,Central Asia,Kyrgyzstan,,NL,EHTE,Gelderland,Teuge International Airport,52.242,6.0518
Asia,Central Asia,Kyrgyzstan,,ES,LESL,Illes Balears,San Luis Aerodrome,39.862222,4.258333
Asia,Central Asia,Kyrgyzstan,,CH,LSGC,Neuchâtel,Les Eplatures Airport,47.083889,6.792778
Asia,Central Asia,Kyrgyzstan,,CH,LSGE,Fribourg,Ecuvillens Airfield,46.7548,7.0762
Asia,Central Asia,Kyrgyzstan,,CH,LSGL,Lausanne,Lausanne-Blécherette Airport,46.5452,6.6166
Asia,Central Asia,Kyrgyzstan,,CH,LSMP,Vaud,Payerne Air Base,46.843333,6.915
Asia,Central Asia,Kyrgyzstan,,CH,LSZG,Solothurn,Grenchen Airport,47.181389,7.416944
Asia,Central Asia,Kyrgyzstan,,CH,LSZM,Glarus,Mollis Airport,47.07835,9.06466
Asia,Central Asia,Tajikistan,DYU,TJ,UTDD,Dushanbe,Dushanbe International Airport,38.5433,68.825
Asia,Central Asia,Turkmenistan,CRZ,TM,UTAV,Lebap,Turkmenabat Airport,39.0833,63.6133
Asia,Central Asia,Uzbekistan,NMA,UZ,UTFN,Namangan,Namangan Airport,40.9846,71.5567
Asia,Central Asia,Uzbekistan,NVI,UZ,UTSA,Navoiy,Navoi International Airport,40.1172,65.1708
Asia,Central Asia,Uzbekistan,TAS,UZ,UTTT,Toshkent,Tashkent International Airport,41.2579,69.2812
Asia,Eastern Asia,China,PEK,CN,ZBAA,Beijing,Beijing Capital International Airport,40.0725,116.598
Asia,Eastern Asia,China,PKX,CN,ZBAD,Beijing,Daxing International Airport,39.5101,116.4101
Asia,Eastern Asia,China,TSN,CN,ZBTJ,Tianjin,Tianjin Binhai International Airport,39.1244,117.346
Asia,Eastern Asia,China,CAN,CN,ZGGG,Guangdong,Guangzhou Baiyun International Airport,23.3924,113.299
Asia,Eastern Asia,China,SZX,CN,ZGSZ,Guangdong,Shenzhen Bao'an International Airport,22.6393,113.811
Asia,Eastern Asia,China,CGO,CN,ZHCC,Henan,Zhengzhou Xinzheng International Airport,34.5197,113.841
Asia,Eastern Asia,China,TNA,CN,ZSJN,Shandong,Jinan Yaoqiang International Airport,36.8572,117.216
Asia,Eastern Asia,China,PVG,CN,ZSPD,Shanghai,Shanghai Pudong International Airport,31.1434,121.805
Asia,Eastern Asia,China,WNZ,CN,ZSWZ,Zhejiang,Wenzhou Longwan International Airport,27.9122,120.852
Asia,Eastern Asia,China,CKG,CN,ZUCK,Chongqing,Chongqing Jiangbei International Airport,29.7192,106.642
Asia,Eastern Asia,China,TFU,CN,ZUTF,Sichuan,Chengdu Tianfu International Airport,30.319,104.445
Asia,Eastern Asia,China,CTU,CN,ZUUU,Sichuan,Chengdu Shuangliu International Airport,30.5785,103.947
Asia,Eastern Asia,China,URC,CN,ZWWW,Xinjiang,Urumqi Diwopu International Airport,43.9071,87.4742
Asia,Eastern Asia,Hong Kong,HKG,HK,VHHH,Hong Kong,Hong Kong International Airport (Chek Lap Kok Airport),22.3089,113.915
Asia,Eastern Asia,Japan,NRT,JP,RJAA,Tokyo,Narita International Airport,35.7653,140.386
Asia,Eastern Asia,Japan,KIX,JP,RJBB,Osaka,Kansai International Airport,34.4305,135.23
Asia,Eastern Asia,Japan,CTS,JP,RJCC,Hokkaido,New Chitose Airport,42.7876,141.6772
Asia,Eastern Asia,Japan,HKD,JP,RJCH,Hokkaido,Hakodate Airport,41.77,140.822
Asia,Eastern Asia,Japan,NGO,JP,RJGG,Aichi,Chubu Centrair International Airport,34.8584,136.805
Asia,Eastern Asia,Japan,HND,JP,RJTT,Tokyo,Haneda Airport,35.5533,139.781
Asia,Eastern Asia,Macau,MFM,MO,VMMC,Macau,Macau International Airport,22.1496,113.592
Asia,Eastern Asia,Mongolia,UBN,MN,ZMCK,Ulaanbaatar,Chinggis Khaan International Airport,47.6516,106.822
Asia,Eastern Asia,South Korea,CJU,KR,RKPC,Jeju-teukbyeoljachido,Jeju International Airport,33.5113,126.493
Asia,Eastern Asia,South Korea,PUS,KR,RKPK,Busan-gwangyeoksi,Gimhae International Airport,35.1795,128.938
Asia,Eastern Asia,South Korea,ICN,KR,RKSI,Gyeonggi-do,Incheon International Airport,37.4633,126.44
Asia,Eastern Asia,South Korea,GMP,KR,RKSS,Gyeonggi-do,Seoul Gimpo International Airport,37.5655,126.8011
Asia,Eastern Asia,Taiwan,TPE,TW,RCTP,Taoyuan,Taiwan Taoyuan International Airport,25.0777,121.233
Asia,Southeast Asia,Indonesia,DPS,ID,WADD,Bali,Ngurah Rai International Airport,-8.74817,115.167
Asia,Southeast Asia,Indonesia,CGK,ID,WIII,Banten,Soekarno–Hatta International Airport,-6.12556,106.656
Asia,Southeast Asia,Malaysia,KUL,MY,WMKK,Selangor,Kuala Lumpur International Airport,2.74558,101.71
Asia,Southeast Asia,Myanmar,RGN,MM,VYYY,Yangon,Yangon International Airport,16.9073,96.1332
Asia,Southeast Asia,Philippines,MNL,PH,RPLL,National Capital Region,Ninoy Aquino International Airport / Villamor Air Base,14.5086,121.02
Asia,Southeast Asia,Philippines,CEB,PH,RPVM,Cebu,Mactan-Cebu International Airport,10.3075,123.979
Asia,Southeast Asia,Singapore,XSP,SG,WSSL,Singapore,Seletar Airport,1.41695,103.868
Asia,Southeast Asia,Singapore,SIN,SG,WSSS,Singapore,Singapore Changi Airport,1.35019,103.994
Asia,Southeast Asia,Thailand,DMK,TH,VTBD,Krung Thep Maha Nakhon,Don Mueang International Airport,13.9126,100.607
Asia,Southeast Asia,Thailand,BKK,TH,VTBS,Krung Thep Maha Nakhon,Suvarnabhumi Airport,13.6811,100.747
Asia,Southeast Asia,Thailand,HKT,TH,VTSP,Phuket,Phuket International Airport,8.1132,98.3169
Asia,Southeast Asia,Vietnam,,DE,EDAY,Brandenburg,Strausberg,52.5799,13.9156
Asia,Southeast Asia,Vietnam,,NL,EHSE,Noord-Brabant,Breda International Airport,51.5549,4.5526
Asia,Southeast Asia,Vietnam,,NL,EHTE,Gelderland,Teuge International Airport,52.242,6.0518
Asia,Southeast Asia,Vietnam,,ES,LESL,Illes Balears,San Luis Aerodrome,39.862222,4.258333
Asia,Southeast Asia,Vietnam,,CH,LSGC,Neuchâtel,Les Eplatures Airport,47.083889,6.792778
Asia,Southeast Asia,Vietnam,,CH,LSGE,Fribourg,Ecuvillens Airfield,46.7548,7.0762
Asia,Southeast Asia,Vietnam,,CH,LSGL,Lausanne,Lausanne-Blécherette Airport,46.5452,6.6166
Asia,Southeast Asia,Vietnam,,CH,LSMP,Vaud,Payerne Air Base,46.843333,6.915
Asia,Southeast Asia,Vietnam,,CH,LSZG,Solothurn,Grenchen Airport,47.181389,7.416944
Asia,Southeast Asia,Vietnam,,CH,LSZM,Glarus,Mollis Airport,47.07835,9.06466
Asia,Southeast Asia,Vietnam,CXR,VN,VVCR,Khanh Hoa,Cam Ranh International Airport,11.9982,109.219
Asia,Southeast Asia,Vietnam,HAN,VN,VVNB,Ha Noi,Noi Bai International Airport,21.2212,105.807
Asia,Southeast Asia,Vietnam,SGN,VN,VVTS,Ho Chi Minh,Tan Son Nhat International Airport,10.8188,106.652
Asia,Southern Asia,Bangladesh,DAC,BD,VGHS,Dhaka,Hazrat Shahjalal International Airport,23.8433,90.3978
Asia,Southern Asia,Bangladesh,ZYL,BD,VGSY,Sylhet,Osmani International Airport,24.9632,91.8668
Asia,Southern Asia,India,AMD,IN,VAAH,Gujarat,Sardar Vallabhbhai Patel International Airport,23.0772,72.6347
Asia,Southern Asia,India,BOM,IN,VABB,Maharashtra,Chhatrapati Shivaji International Airport,19.0887,72.8679
Asia,Southern Asia,India,NAG,IN,VANP,Maharashtra,Dr. Babasaheb Ambedkar International Airport,21.0922,79.0472
Asia,Southern Asia,India,DEL,IN,VIDP,Delhi,Indira Gandhi International Airport,28.5665,77.1031
Asia,Southern Asia,India,BLR,IN,VOBL,Karnataka,Kempegowda International Airport,13.1979,77.7063
Asia,Southern Asia,India,CCJ,IN,VOCL,Kerala,Calicut International Airport,11.1368,75.9553
Asia,Southern Asia,India,HYD,IN,VOHS,Telangana,Rajiv Gandhi International Airport,17.2313,78.4299
Asia,Southern Asia,India,MAA,IN,VOMM,Tamil Nadu,Chennai International Airport,12.99,80.1693
Asia,Southern Asia,India,TRV,IN,VOTV,Kerala,Trivandrum International Airport,8.48212,76.9201
Asia,Southern Asia,Maldives,MLE,MV,VRMM,Kaafu,Velana International Airport,4.19183,73.5291
Asia,Southern Asia,Pakistan,ISB,PK,OPIS,Islamabad,Islamabad International Airport,33.5607,72.8516
Asia,Southern Asia,Pakistan,KHI,PK,OPKC,Sindh,Jinnah International Airport,24.9065,67.1608
Asia,Southern Asia,Pakistan,LHE,PK,OPLA,Punjab,Allama Iqbal International Airport,31.5216,74.4036
Asia,Southern Asia,Sri Lanka,CMB,LK,VCBI,Western Province,Bandaranaike International Airport,7.18076,79.8841
Asia,Southwest Asia and the Middle East,Afghanistan,KBL,AF,OAKB,Kabul,Kabul International Airport,34.5658,69.2131
Asia,Southwest Asia and the Middle East,Armenia,LWN,AM,UDSG,Sirak,Gyumri Shirak Airport,40.7504,43.8593
Asia,Southwest Asia and the Middle East,Armenia,EVN,AM,UDYZ,Erevan,Zvartnots International Airport,40.1473,44.3959
Asia,Southwest Asia and the Middle East,Azerbaijan,GYD,AZ,UBBB,Baki,Heydar Aliyev International Airport,40.4675,50.0467
Asia,Southwest Asia and the Middle East,Azerbaijan,GBB,AZ,UBBQ,Qabala,Qabala International Airport,40.8267,47.7125
Asia,Southwest Asia and the Middle East,Bahrain,BAH,BH,OBBI,Al Muharraq,Bahrain International Airport,26.2708,50.6336
Asia,Southwest Asia and the Middle East,Cyprus,LCA,CY,LCLK,Larnaka,Larnaca International Airport,34.8751,33.6249
Asia,Southwest Asia and the Middle East,Cyprus,PFO,CY,LCPH,Pafos,Paphos International Airport,34.718,32.4857
Asia,Southwest Asia and the Middle East,Georgia,KUT,GE,UGKO,Imereti,David the Builder Kutaisi International Airport,42.1767,42.4826
Asia,Southwest Asia and the Middle East,Georgia,BUS,GE,UGSB,Ajaria,Batumi International Airport (Alexander Kartveli Batumi Int'l Airport),41.6103,41.5997
Asia,Southwest Asia and the Middle East,Georgia,TBS,GE,UGTB,Tbilisi,Tbilisi International Airport,41.6692,44.9547
Asia,Southwest Asia and the Middle East,Iran,IKA,IR,OIIE,Tehran,Imam Khomeini International Airport,35.4161,51.1522
Asia,Southwest Asia and the Middle East,Iran,THR,IR,OIII,Tehran,Mehrabad International Airport,35.6892,51.3134
Asia,Southwest Asia and the Middle East,Iran,TBZ,IR,OITT,Azarbayjan-e Sharqi,Tabriz International Airport,38.1339,46.235
Asia,Southwest Asia and the Middle East,Iraq,BGW,IQ,ORBI,Baghdad,Baghdad International Airport,33.2625,44.2346
Asia,Southwest Asia and the Middle East,Iraq,EBL,IQ,ORER,Arbil,Erbil International Airport,36.2376,43.9632
Asia,Southwest Asia and the Middle East,Iraq,BSR,IQ,ORMM,Al Basrah,Basra International Airport,30.5491,47.6621
Asia,Southwest Asia and the Middle East,Israel,TLV,IL,LLBG,Tel Aviv,Ben Gurion Airport,32.0114,34.8867
Asia,Southwest Asia and the Middle East,Jordan,AMM,JO,OJAI,Madaba,Queen Alia International Airport,31.7226,35.9932
Asia,Southwest Asia and the Middle East,Jordan,AQJ,JO,OJAQ,Al 'Aqabah,King Hussein International Airport,29.6116,35.0181
Asia,Southwest Asia and the Middle East,Kuwait,KWI,KW,OKKK,Al Farwaniyah,Kuwait International Airport,29.2266,47.9689
Asia,Southwest Asia and the Middle East,Lebanon,BEY,LB,OLBA,Beyrouth,Beirut-Rafic Hariri International Airport / Beirut Air Base,33.8209,35.4884
Asia,Southwest Asia and the Middle East,Oman,MCT,OM,OOMS,Ad Dakhiliyah,Muscat International Airport,23.5933,58.2844
Asia,Southwest Asia and the Middle East,Oman,SLL,OM,OOSA,Zufar,Salalah International Airport,17.0387,54.0913
Asia,Southwest Asia and the Middle East,Qatar,DOH,QA,OTHH,Ad Dawhah,Hamad International Airport,25.2731,51.6081
Asia,Southwest Asia and the Middle East,Saudi Arabia,DMM,SA,OEDF,Ash Sharqiyah,King Fahd International Airport,26.4712,49.7979
Asia,Southwest Asia and the Middle East,Saudi Arabia,JED,SA,OEJN,Makkah al Mukarramah,King Abdulaziz International Airport,21.6796,39.1565
Asia,Southwest Asia and the Middle East,Saudi Arabia,MED,SA,OEMA,Al Madinah al Munawwarah,Prince Mohammad bin Abdulaziz Airport,24.5534,39.7051
Asia,Southwest Asia and the Middle East,Saudi Arabia,NUM,SA,OENN,Tabuk,Neom Bay Airport,27.9276,35.2887
Asia,Southwest Asia and the Middle East,Saudi Arabia,RUH,SA,OERK,Ar Riyad,King Khalid International Airport,24.9576,46.6988
Asia,Southwest Asia and the Middle East,Saudi Arabia,TUU,SA,OETB,Tabuk,Tabuk Regional Airport,28.3654,36.6189
Asia,Southwest Asia and the Middle East,Saudi Arabia,TIF,SA,OETF,Makkah al Mukarramah,Ta'if Regional Airport,21.483,40.5434
Asia,Southwest Asia and the Middle East,Syria,ALP,SY,OSAP,Halab,Aleppo International Airport,36.1807,37.2244
Asia,Southwest Asia and the Middle East,Syria,DAM,SY,OSDI,Dimashq,Damascus International Airport,33.4115,36.5156
Asia,Southwest Asia and the Middle East,Turkey,ESB,TR,LTAC,Ankara,Ankara Esenboğa Airport,40.1281,32.995
Asia,Southwest Asia and the Middle East,Turkey,AYT,TR,LTAI,Antalya,Antalya Airport,36.8987,30.8005
Asia,Southwest Asia and the Middle East,Turkey,GZT,TR,LTAJ,Gaziantep,Gaziantep Oguzeli International Airport,36.9472,37.4787
Asia,Southwest Asia and the Middle East,Turkey,KYA,TR,LTAN,Konya,Konya Airport,37.979,32.5619
Asia,Southwest Asia and the Middle East,Turkey,ONQ,TR,LTAS,Zonguldak,Zonguldak Airport,41.5064,32.0886
Asia,Southwest Asia and the Middle East,Turkey,ASR,TR,LTAU,Kayseri,Erkilet International Airport,38.7704,35.4954
Asia,Southwest Asia and the Middle East,Turkey,NAV,TR,LTAZ,Nevsehir,Nevsehir Kapadokya Air,38.7719,34.5345
Asia,Southwest Asia and the Middle East,Turkey,ADB,TR,LTBJ,Izmir,Izmir Adnan Menderes Airport,38.2916,27.1487
Asia,Southwest Asia and the Middle East,Turkey,YEI,TR,LTBR,Bursa,Yenisehir Airport,40.2552,29.5626
Asia,Southwest Asia and the Middle East,Turkey,DLM,TR,LTBS,Mugla,Dalaman Airport,36.7131,28.7925
Asia,Southwest Asia and the Middle East,Turkey,KZR,TR,LTBZ,Kutahya,Zafer Airport,39.1131,30.1281
Asia,Southwest Asia and the Middle East,Turkey,DIY,TR,LTCC,Diyarbakir,Diyarbakir Airport,37.8939,40.201
Asia,Southwest Asia and the Middle East,Turkey,TZX,TR,LTCG,Trabzon,Trabzon Airport,40.9951,39.7897
Asia,Southwest Asia and the Middle East,Turkey,BJV,TR,LTFE,Mugla,Milas-Bodrum Airport,37.2506,27.6643
Asia,Southwest Asia and the Middle East,Turkey,SZF,TR,LTFH,Samsun,Samsun-Carsamba Airport,41.2545,36.5671
Asia,Southwest Asia and the Middle East,Turkey,SAW,TR,LTFJ,Istanbul,Sabiha Gokcen International Airport,40.8986,29.3092
Asia,Southwest Asia and the Middle East,Turkey,IST,TR,LTFM,Istanbul,Istanbul Ataturk Airport,41.2753,28.7519
Asia,Southwest Asia and the Middle East,United Arab Emirates,AUH,AE,OMAA,Abu Zaby,Abu Dhabi International Airport,24.433,54.6511
Asia,Southwest Asia and the Middle East,United Arab Emirates,AAN,AE,OMAL,Abu Zaby,Al Ain International Airport,24.2617,55.6092
Asia,Southwest Asia and the Middle East,United Arab Emirates,DXB,AE,OMDB,Dubayy,Dubai International Airport,25.2528,55.3644
Asia,Southwest Asia and the Middle East,United Arab Emirates,DWC,AE,OMDW,Dubayy,Al Maktoum International Airport,24.8964,55.1614
Asia,Southwest Asia and the Middle East,United Arab Emirates,SHJ,AE,OMSJ,Ash Shariqah,Sharjah International Airport,25.3286,55.5172
Europe,Central Europe,Austria,GRZ,AT,LOWG,Steiermark,Graz Airport,46.9911,15.4396
Europe,Central Europe,Austria,INN,AT,LOWI,Tirol,Innsbruck Airport (Kranebitten Airport),47.2602,11.344
Europe,Central Europe,Austria,KLU,AT,LOWK,Karnten,Klagenfurt Airport,46.6425,14.3377
Europe,Central Europe,Austria,LNZ,AT,LOWL,Oberosterreich,Linz Airport (Blue Danube Airport),48.2332,14.1875
Europe,Central Europe,Austria,SZG,AT,LOWS,Salzburg,Salzburg Airport,47.7933,13.0043
Europe,Central Europe,Austria,VIE,AT,LOWW,Niederosterreich,Vienna International Airport,48.1103,16.5697
Europe,Central Europe,Czech Republic,KLV,CZ,LKKV,Karlovarsky kraj,Karlovy Vary Airport,50.203,12.915
Europe,Central Europe,Czech Republic,OSR,CZ,LKMT,Moravskoslezsky kraj,Leos Janacek Airport,49.6963,18.1111
Europe,Central Europe,Czech Republic,PED,CZ,LKPD,Pardubicky kraj,Pardubice Airport,50.0134,15.7386
Europe,Central Europe,Czech Republic,PRG,CZ,LKPR,Stredocesky kraj,Vaclav Havel Airport Prague,50.1008,14.26
Europe,Central Europe,Czech Republic,BRQ,CZ,LKTB,Jihomoravsky kraj,Brno-Turany Airport,49.1513,16.6944
Europe,Central Europe,Germany,BER,DE,EDDB,Brandenburg,Berlin Brandenburg Airport,52.3514,13.4939
Europe,Central Europe,Germany,FRA,DE,EDDF,Hessen,Frankfurt Airport,50.0333,8.57056
Europe,Central Europe,Germany,HAM,DE,EDDH,Hamburg,Hamburg Airport,53.6304,9.98823
Europe,Central Europe,Germany,CGN,DE,EDDK,Nordrhein-Westfalen,Cologne Bonn Airport,50.8659,7.14274
Europe,Central Europe,Germany,DUS,DE,EDDL,Nordrhein-Westfalen,Dusseldorf Airport,51.2895,6.76678
Europe,Central Europe,Germany,MUC,DE,EDDM,Bayern,Munich Airport,48.3538,11.7861
Europe,Central Europe,Germany,NUE,DE,EDDN,Bayern,Nuremberg Airport,49.4987,11.0781
Europe,Central Europe,Germany,LEJ,DE,EDDP,Sachsen,Leipzig/Halle Airport,51.4239,12.2364
Europe,Central Europe,Germany,STR,DE,EDDS,Baden-Wurttemberg,Stuttgart Airport,48.6899,9.22196
Europe,Central Europe,Germany,HAJ,DE,EDDV,Niedersachsen,Hannover Airport,52.4611,9.68508
Europe,Central Europe,Germany,BRE,DE,EDDW,Bremen,Bremen Airport,53.0475,8.78667
Europe,Central Europe,Germany,HHN,DE,EDFH,Rheinland-Pfalz,Frankfurt-Hahn Airport,49.9487,7.26389
Europe,Central Europe,Germany,LBC,DE,EDHL,Schleswig-Holstein,Lubeck Airport,53.8054,10.7192
Europe,Central Europe,Germany,FMM,DE,EDJA,Bayern,Memmingen Airport,47.9888,10.2395
Europe,Central Europe,Germany,NRN,DE,EDLV,Nordrhein-Westfalen,Weeze Airport (Niederrhein Airport),51.6024,6.14217
Europe,Central Europe,Germany,DTM,DE,EDLW,Nordrhein-Westfalen,Dortmund Airport,51.5183,7.61224
Europe,Central Europe,Germany,FDH,DE,EDNY,Baden-Wurttemberg,Friedrichshafen Airport (Bodensee Airport),47.6713,9.51149
Europe,Central Europe,Germany,FKB,DE,EDSB,Baden-Wurttemberg,Karlsruhe/Baden-Baden Airport,48.7794,8.0805
Europe,Central Europe,Hungary,BUD,HU,LHBP,Budapest,Budapest Ferenc Liszt International Airport,47.4298,19.2611
Europe,Central Europe,Hungary,DEB,HU,LHDC,Hajdu-Bihar,Debrecen International Airport,47.4889,21.6153
Europe,Central Europe,Poland,BZG,PL,EPBY,Kujawsko-pomorskie,Bydgoszcz Ignacy Jan Paderewski Airport,53.0968,17.9777
Europe,Central Europe,Poland,GDN,PL,EPGD,Pomorskie,Gdansk Lech Walesa Airport,54.3776,18.4662
Europe,Central Europe,Poland,KRK,PL,EPKK,Malopolskie,John Paul II International Airport Krakow-Balice,50.0777,19.7848
Europe,Central Europe,Poland,KTW,PL,EPKT,Slaskie,Katowice International Airport,50.4743,19.08
Europe,Central Europe,Poland,LUZ,PL,EPLB,Lubelskie,Lublin Airport,51.2403,22.7136
Europe,Central Europe,Poland,LCJ,PL,EPLL,Lodzkie,Lodz Wladyslaw Reymont Airport,51.7219,19.3981
Europe,Central Europe,Poland,WMI,PL,EPMO,Mazowieckie,Warsaw Modlin Airport,52.4511,20.6518
Europe,Central Europe,Poland,POZ,PL,EPPO,Wielkopolskie,Poznań–Ławica Henryk Wieniawski Airport,52.421,16.8263
Europe,Central Europe,Poland,RZE,PL,EPRZ,Podlaskie,Rzeszow-Jasionka Airport,50.11,22.019
Europe,Central Europe,Poland,SZZ,PL,EPSC,Zachodniopomorskie,Solidarity Szczecin-Goleniow Airport,53.5847,14.9022
Europe,Central Europe,Poland,SZY,PL,EPSY,Warminsko-mazurskie,Olsztyn-Mazury Regional Airport,53.4819,20.9377
Europe,Central Europe,Poland,WAW,PL,EPWA,Mazowieckie,Warsaw Chopin Airport,52.1657,20.9671
Europe,Central Europe,Poland,WRO,PL,EPWR,Dolnoslaskie,Copernicus Airport Wroclaw,51.1027,16.8858
Europe,Central Europe,Slovakia,BTS,SK,LZIB,Bratislavsky kraj,M. R. Stefanik Airport,48.1702,17.2127
Europe,Central Europe,Slovakia,KSC,SK,LZKZ,Kosicky kraj,Kosice International Airport,48.6631,21.2411
Europe,Central Europe,Slovakia,TAT,SK,LZTT,Presovsky kraj,Poprad-Tatry Airport,49.0736,20.2411
Europe,Central Europe,Switzerland,BSL,CH,LFSB,Basel-City,EuroAirport Basel Mulhouse Freiburg,47.59,7.52916
Europe,Central Europe,Switzerland,GVA,CH,LSGG,Geneve,Geneva Airport,46.2381,6.10895
Europe,Central Europe,Switzerland,LUG,CH,LSZA,Ticino,Lugano Airport,46.0043,8.91058
Europe,Central Europe,Switzerland,BRN,CH,LSZB,Bern,Bern Airport,46.9141,7.49715
Europe,Central Europe,Switzerland,ZRH,CH,LSZH,Zurich,Zurich Airport,47.4647,8.54917
Europe,Central Europe,Switzerland,ACH,CH,LSZR,Sankt Gallen,St. Gallen-Altenrhein Airport,47.485,9.56077
Europe,Eastern Europe,Albania,TIA,IR,LATI,Azarbayjan-e Gharbi,Tirana International Airport,41.4147,19.7206
Europe,Eastern Europe,Belarus,MSQ,BY,UMMS,Minskaya voblasts',Minsk National Airport,53.8825,28.0307
Europe,Eastern Europe,Bosnia and Herzegovina,BNX,BA,LQBK,Republika Srpska,Banja Luka International Airport,44.9414,17.2975
Europe,Eastern Europe,Bosnia and Herzegovina,OMO,BA,LQMO,Federacija Bosne i Hercegovine,Mostar Airport,43.2829,17.8459
Europe,Eastern Europe,Bosnia and Herzegovina,SJJ,BA,LQSA,Federacija Bosne i Hercegovine,Sarajevo International Airport,43.8246,18.3315
Europe,Eastern Europe,Bosnia and Herzegovina,TZL,BA,LQTZ,Federacija Bosne i Hercegovine,Tuzla International Airport,44.4587,18.7248
Europe,Eastern Europe,Bulgaria,BOJ,BG,LBBG,Burgas,Burgas Airport,42.5696,27.5152
Europe,Eastern Europe,Bulgaria,PDV,BG,LBPD,Plovdiv,Plovdiv Airport,42.0678,24.8508
Europe,Eastern Europe,Bulgaria,SOF,BG,LBSF,Sofia,Sofia Airport,42.6967,23.4114
Europe,Eastern Europe,Bulgaria,VAR,BG,LBWN,Varna,Varna Airport,43.2321,27.8251
Europe,Eastern Europe,Kosovo,PRN,XK,BKPR,Pristina,Pristina Adem Jashari Airport,42.5745,21.0294
Europe,Eastern Europe,Moldova,RMO,MD,LUKK,Chisinau,Chisinau International Airport,46.9277,28.931
Europe,Eastern Europe,Montenegro,TGD,ME,LYPG,Podgorica,Podgorica Airport,42.3594,19.2519
Europe,Eastern Europe,Montenegro,TIV,ME,LYTV,Tivat,Tivat Airport,42.4047,18.7233
Europe,Eastern Europe,North Macedonia,OHD,MK,LWOH,Ohrid,Ohrid St. Paul the Apostle Airport,41.18,20.7423
Europe,Eastern Europe,North Macedonia,SKP,MK,LWSK,Skopje,Skopje Alexander the Great Airport,41.9616,21.6214
Europe,Eastern Europe,Romania,BCM,RO,LRBC,Bacau,Bacau International Airport,46.5219,26.9103
Europe,Eastern Europe,Romania,BAY,RO,LRBM,Maramures,Baia Mare Airport,47.6606,23.4673
Europe,Eastern Europe,Romania,BBU,RO,LRBS,Bucuresti,Aurel Vlaicu International Airport,44.496,26.0814
Europe,Eastern Europe,Romania,GHV,RO,LRBV,Brasov,Brasov Airport,45.6942,25.5172
Europe,Eastern Europe,Romania,CND,RO,LRCK,Constanta,Mihail Kogalniceanu International Airport,44.3622,28.4883
Europe,Eastern Europe,Romania,CLJ,RO,LRCL,Cluj,Cluj-Napoca International Airport,46.7852,23.6862
Europe,Eastern Europe,Romania,IAS,RO,LRIA,Iasi,Iasi International Airport,47.1785,27.6206
Europe,Eastern Europe,Romania,OMR,RO,LROD,Bihor,Oradea International Airport,47.0253,21.9025
Europe,Eastern Europe,Romania,OTP,RO,LROP,Ilfov,Bucharest Henri Coandă International Airport,44.5711,26.085
Europe,Eastern Europe,Romania,SBZ,RO,LRSB,Sibiu,Sibiu International Airport,45.7856,24.0913
Europe,Eastern Europe,Romania,SCV,RO,LRSV,Suceava,Suceava International Airport (Stefan cel Mare Int'l),47.6875,26.3541
Europe,Eastern Europe,Romania,TSR,RO,LRTR,Timis,Timisoara Traian Vuia International Airport,45.8099,21.3379
Europe,Eastern Europe,Russia,ARH,RU,ULAA,Arkhangel'skaya oblast',Talagi Airport,64.6003,40.7167
Europe,Eastern Europe,Russia,LED,RU,ULLI,Leningradskaya oblast',Pulkovo Airport,59.8003,30.2625
Europe,Eastern Europe,Russia,KGD,RU,UMKK,Kaliningradskaya oblast',Khrabrovo Airport,54.89,20.5926
Europe,Eastern Europe,Russia,KJA,RU,UNKL,Krasnoyarskiy kray,Yemelyanovo International Airport,56.1729,92.4933
Europe,Eastern Europe,Russia,KRR,RU,URKK,Krasnodarskiy kray,Krasnodar International Airport (Pashkovsky Airport),45.0347,39.1705
Europe,Eastern Europe,Russia,GRV,RU,URMG,Chechenskaya Respublika,Grozny Airport,43.3883,45.6986
Europe,Eastern Europe,Russia,AER,RU,URSS,Krasnodarskiy kray,Sochi International Airport,43.4499,39.9566
Europe,Eastern Europe,Russia,VOG,RU,URWW,Vologodskaya oblast',Volgograd International Airport,48.7825,44.3455
Europe,Eastern Europe,Russia,PEE,RU,USPP,Permskiy kray,Perm International Airport (Bolshoye Savino Airport),57.9145,56.0212
Europe,Eastern Europe,Russia,SVX,RU,USSS,Sverdlovskaya oblast',Koltsovo International Airport,56.7431,60.8027
Europe,Eastern Europe,Russia,ZIA,RU,UUBW,Moskva,Ramenskoye Airport (Zhukovsky Airport),55.5533,38.15
Europe,Eastern Europe,Russia,DME,RU,UUDD,Moskovskaya Oblast,Domodedovo Airport,55.4102,37.902
Europe,Eastern Europe,Russia,SVO,RU,UUEE,Moskovskaya oblast,Sheremetyevo Alexander S. Pushkin International Airport,55.9728,37.4147
Europe,Eastern Europe,Russia,VKO,RU,UUWW,Moskva,Vnukovo International Airport,55.5979,37.2709
Europe,Eastern Europe,Russia,GOJ,RU,UWGG,Nizhegorodskaya oblast',Nizhny Novgorod International Airport (Strigino Airport),56.2301,43.784
Europe,Eastern Europe,Russia,UFA,RU,UWUU,"Bashkortostan, Respublika",Ufa International Airport,54.5575,55.8744
Europe,Eastern Europe,Russia,KUF,RU,UWWW,Samarskaya oblast',Kurumoch International Airport,53.5049,50.1643
Europe,Eastern Europe,Serbia,BEG,RS,LYBE,Beograd,Belgrade Nikola Tesla Airport,44.8184,20.3091
Europe,Eastern Europe,Serbia,INI,RS,LYNI,Nisavski okrug,Nis Constantine the Great Airport,43.3373,21.8537
Europe,Nordic Region,Denmark,AAR,DK,EKAH,Midtjylland,Aarhus Airport,56.3,10.619
Europe,Nordic Region,Denmark,BLL,DK,EKBI,Syddanmark,Billund Airport,55.7403,9.15178
Europe,Nordic Region,Denmark,CPH,DK,EKCH,Hovedstaden,Copenhagen Airport,55.6179,12.656
Europe,Nordic Region,Denmark,AAL,DK,EKYT,Nordjylland,Aalborg Airport,57.0928,9.84924
Europe,Nordic Region,Estonia,TLL,EE,EETN,Harjumaa,Tallinn Airport (Lennart Meri Tallinn Airport),59.4133,24.8328
Europe,Nordic Region,Faroe Islands,FAE,FK,EKVG,Falkland Islands (Malvinas),Vagar Airport,62.0636,-7.27722
Europe,Nordic Region,Finland,HEL,FI,EFHK,Uusimaa,Helsinki Airport (Helsinki-Vantaa Airport),60.3172,24.9633
Europe,Nordic Region,Finland,KTT,FI,EFKT,Lappi,Kittila Airport,67.701,24.8468
Europe,Nordic Region,Finland,LPP,FI,EFLP,Etela-Karjala,Lappeenranta Airport,61.0446,28.1447
Europe,Nordic Region,Finland,MHQ,FI,EFMA,Varsinais-Suomi,Mariehamn Airport,60.1222,19.8982
Europe,Nordic Region,Finland,OUL,FI,EFOU,Pohjois-Pohjanmaa,Oulu Airport,64.9301,25.3546
Europe,Nordic Region,Finland,RVN,FI,EFRO,Lappi,Rovaniemi Airport,66.5648,25.8304
Europe,Nordic Region,Finland,TMP,FI,EFTP,Pirkanmaa,Tampere-Pirkkala Airport,61.4141,23.6044
Europe,Nordic Region,Finland,TKU,FI,EFTU,Varsinais-Suomi,Turku Airport,60.5141,22.2628
Europe,Nordic Region,Iceland,AEY,IS,BIAR,Nordurland eystra,Akureyri Airport,65.66,-18.0727
Europe,Nordic Region,Iceland,EGS,IS,BIEG,Nordurland eystra,Egilsstaoir Airport,65.2833,-14.4014
Europe,Nordic Region,Iceland,KEF,IS,BIKF,Sudurnes,Keflavík International Airport,63.985,-22.6056
Europe,Nordic Region,Iceland,RKV,IS,BIRK,Hofudborgarsvaedi,Reykjavík Airport,64.13,-21.9406
Europe,Nordic Region,Latvia,RIX,LV,EVRA,Riga,Riga International Airport,56.9236,23.9711
Europe,Nordic Region,Lithuania,KUN,LT,EYKA,Kauno apskritis,Kaunas International Airport,54.9639,24.0848
Europe,Nordic Region,Lithuania,PLQ,LT,EYPA,Klaipedos apskritis,Palanga International Airport,55.9732,21.0939
Europe,Nordic Region,Lithuania,VNO,LT,EYVI,-,Vilnius Airport,54.6341,25.2858
Europe,Nordic Region,Norway,AES,NO,ENAL,More og Romsdal,Alesund Airport,62.5625,6.1197
Europe,Nordic Region,Norway,BOO,NO,ENBO,Nordland,Bodo Airport,67.2692,14.3653
Europe,Nordic Region,Norway,BGO,NO,ENBR,Hordaland,Bergen Airport,60.2934,5.21814
Europe,Nordic Region,Norway,KRS,NO,ENCN,Vest-Agder,Kristiansand Airport,58.2042,8.08537
Europe,Nordic Region,Norway,OSL,NO,ENGM,Akershus,Oslo Airport,60.1939,11.1004
Europe,Nordic Region,Norway,HAU,NO,ENHD,Rogaland,Haugesund Airport,59.3453,5.20836
Europe,Nordic Region,Norway,KSU,NO,ENKB,More og Romsdal,Kristiansund Airport,63.1118,7.82452
Europe,Nordic Region,Norway,TOS,NO,ENTC,Troms,Tromse Airport,69.6833,18.9189
Europe,Nordic Region,Norway,TRF,NO,ENTO,Vestfold,Sandefjord Airport,59.1867,10.2586
Europe,Nordic Region,Norway,TRD,NO,ENVA,Nord-Trondelag,Trondheim Airport,63.4578,10.924
Europe,Nordic Region,Norway,SVG,NO,ENZV,Rogaland,Stavanger Airport,58.8767,5.63778
Europe,Nordic Region,Sweden,GOT,SE,ESGG,Vastra Gotalands lan,Goteborg Landvetter Airport,57.6628,12.2798
Europe,Nordic Region,Sweden,NYO,SE,ESKN,Sodermanlands lan,Stockholm Skavsta Airport,58.7886,16.9122
Europe,Nordic Region,Sweden,MMX,SE,ESMS,Skane lan,Malmo Airport,55.5346,13.3704
Europe,Nordic Region,Sweden,VXO,SE,ESMX,Kronobergs lan,Vaxjo Smaland Airport,56.9291,14.728
Europe,Nordic Region,Sweden,SDL,SE,ESNN,Vasternorrlands lan,Sundsvall-Timra Airport (Midlanda Airport),62.5281,17.4439
Europe,Nordic Region,Sweden,UME,SE,ESNU,Vasterbottens lan,Umea Airport,63.7918,20.2828
Europe,Nordic Region,Sweden,OSD,SE,ESNZ,Jamtlands lan,Are Ostersund Airport,63.1944,14.5003
Europe,Nordic Region,Sweden,LLA,SE,ESPA,Norrbottens lan,Lulea Airport (Kallax Airport),65.5438,22.122
Europe,Nordic Region,Sweden,ARN,SE,ESSA,Stockholms lan,Stockholm Arlanda Airport,59.6519,17.9186
Europe,Nordic Region,Sweden,BMA,SE,ESSB,Stockholms lan,Stockholm Bromma Airport,59.3556,17.9436
Europe,Nordic Region,Sweden,NRK,SE,ESSP,Ostergotlands lan,Norrkoping Airport,58.5863,16.2506
Europe,Nordic Region,Sweden,VBY,SE,ESSV,Gotlands lan,Visby Airport,57.6628,18.3462
Europe,Southern Europe,Croatia,DBV,HR,LDDU,Dubrovacko-neretvanska zupanija,Dubrovnik Airport,42.5614,18.2682
Europe,Southern Europe,Croatia,LSZ,HR,LDLO,Primorsko-goranska zupanija,Losinj Airport,44.5658,14.3931
Europe,Southern Europe,Croatia,PUY,HR,LDPL,Istarska zupanija,Pula Airport,44.8935,13.9222
Europe,Southern Europe,Croatia,RJK,HR,LDRI,Primorsko-goranska zupanija,Rijeka Airport,45.2169,14.5703
Europe,Southern Europe,Croatia,SPU,HR,LDSP,Splitsko-dalmatinska zupanija,Split Airport,43.5389,16.298
Europe,Southern Europe,Croatia,ZAG,HR,LDZA,Grad Zagreb,Zagreb Airport,45.7429,16.0688
Europe,Southern Europe,Croatia,ZAD,HR,LDZD,Zadarska zupanija,Zadar Airport,44.1083,15.3467
Europe,Southern Europe,Greece,ATH,GR,LGAV,Attiki,Athens International Airport (Eleftherios Venizelos Airport),37.9364,23.9445
Europe,Southern Europe,Greece,JKH,GR,LGHI,Voreio Aigaio,Chios Island National Airport,38.3432,26.1406
Europe,Southern Europe,Greece,HER,GR,LGIR,Kriti,Heraklion International Airport (Nikos Kazantzakis Airport),35.3397,25.1803
Europe,Southern Europe,Greece,EFL,GR,LGKF,Ionia Nisia,Kefalonia International Airport,38.1201,20.5005
Europe,Southern Europe,Greece,KLX,GR,LGKL,Peloponnisos,Kalamata International Airport,37.0683,22.0255
Europe,Southern Europe,Greece,KGS,GR,LGKO,Notio Aigaio,Kos Island International Airport,36.7933,27.0917
Europe,Southern Europe,Greece,AOK,GR,LGKP,Notio Aigaio,Karpathos Island National Airport,35.4214,27.146
Europe,Southern Europe,Greece,CFU,GR,LGKR,Ionia Nisia,Corfu International Airport (Ioannis Kapodistrias Int'l Airport),39.6019,19.9117
Europe,Southern Europe,Greece,KVA,GR,LGKV,Anatoliki Makedonia kai Thraki,Kavala International Airport (Alexander the Great Airport),40.9133,24.6192
Europe,Southern Europe,Greece,JMK,GR,LGMK,Notio Aigaio,Mykonos Island National Airport,37.4351,25.3481
Europe,Southern Europe,Greece,MJT,GR,LGMT,Voreio Aigaio,Mytilene International Airport,39.0567,26.5983
Europe,Southern Europe,Greece,PVK,GR,LGPZ,Ionia Nisia,Aktion National Airport,38.9255,20.7653
Europe,Southern Europe,Greece,RHO,GR,LGRP,Notio Aigaio,Rhodes International Airport,36.4054,28.0862
Europe,Southern Europe,Greece,CHQ,GR,LGSA,Kriti,Chania International Airport,35.5317,24.1497
Europe,Southern Europe,Greece,JSI,GR,LGSK,Thessalia,Skiathos Island National Airport,39.1771,23.5037
Europe,Southern Europe,Greece,SMI,GR,LGSM,Voreio Aigaio,Samos International Airport,37.69,26.9117
Europe,Southern Europe,Greece,JTR,GR,LGSR,Notio Aigaio,Santorini (Thira) National Airport,36.3992,25.4793
Europe,Southern Europe,Greece,SKG,GR,LGTS,Kentriki Makedonia,Thessaloniki Airport,40.5197,22.9709
Europe,Southern Europe,Greece,ZTH,GR,LGZA,Ionia Nisia,Zakynthos International Airport (Dionysios SolomosAirport),37.7509,20.8843
Europe,Southern Europe,Italy,BRI,IT,LIBD,Puglia,Bari Karol Wojtyla Airport,41.1389,16.7606
Europe,Southern Europe,Italy,PSR,IT,LIBP,Abruzzo,Abruzzo Airport,42.4317,14.1811
Europe,Southern Europe,Italy,BDS,IT,LIBR,Puglia,Brindisi - Salento Airport,40.6576,17.947
Europe,Southern Europe,Italy,SUF,IT,LICA,Calabria,Lamezia Terme International Airport,38.9054,16.2423
Europe,Southern Europe,Italy,CTA,IT,LICC,Sicilia,Catania-Fontanarossa Airport,37.4668,15.0664
Europe,Southern Europe,Italy,PMO,IT,LICJ,Sicilia,Falcone-Borsellino Airport (Punta Raisi Airport),38.176,13.091
Europe,Southern Europe,Italy,TPS,IT,LICT,Sicilia,Vincenzo Florio Airport,37.9114,12.488
Europe,Southern Europe,Italy,AHO,IT,LIEA,Sardegna,Alghero-Fertilia Airport,40.6321,8.29077
Europe,Southern Europe,Italy,CAG,IT,LIEE,Sardegna,Cagliari Elmas Airport,39.2515,9.05428
Europe,Southern Europe,Italy,OLB,IT,LIEO,Sardegna,Olbia Costa Smeralda Airport,40.8987,9.51763
Europe,Southern Europe,Italy,MXP,IT,LIMC,Lombardia,Milan-Malpensa Airport,45.6306,8.72811
Europe,Southern Europe,Italy,BGY,IT,LIME,Lombardia,Milan Bergamo Airport,45.66546,9.69948
Europe,Southern Europe,Italy,TRN,IT,LIMF,Piemonte,Turin Airport (Caselle Airport),45.2008,7.64963
Europe,Southern Europe,Italy,GOA,IT,LIMJ,Liguria,Genoa Cristoforo Colombo Airport,44.4133,8.8375
Europe,Southern Europe,Italy,LIN,IT,LIML,Lombardia,Milan-Linate Airport,45.4494,9.2783
Europe,Southern Europe,Italy,PMF,IT,LIMP,Emilia-Romagna,Giuseppe Verdi Parma International Airport,44.82122,10.2974
Europe,Southern Europe,Italy,CUF,IT,LIMZ,Piemonte,Cuneo International Airport,44.547,7.62322
Europe,Southern Europe,Italy,BLQ,IT,LIPE,Emilia-Romagna,Bologna Guglielmo Marconi Airport,44.5354,11.2887
Europe,Southern Europe,Italy,VBS,IT,LIPO,Lombardia,Brescia Airport (Gabriele D'Annunzio Airport),45.4289,10.3306
Europe,Southern Europe,Italy,TRS,IT,LIPQ,Friuli-Venezia Giulia,Trieste - Friuli Venezia Giulia Airport,45.8275,13.4722
Europe,Southern Europe,Italy,RMI,IT,LIPR,Emilia-Romagna,Federico Fellini International Airport,44.0203,12.6117
Europe,Southern Europe,Italy,VRN,IT,LIPX,Veneto,Verona Villafranca Airport,45.3957,10.8885
Europe,Southern Europe,Italy,AOI,IT,LIPY,Marche,Ancona Falconara Airport,43.6163,13.3623
Europe,Southern Europe,Italy,VCE,IT,LIPZ,Veneto,Venice Marco Polo Airport,45.5053,12.3519
Europe,Southern Europe,Italy,CIA,IT,LIRA,Lazio,Rome-Ciampino International Airport,41.7991,12.5929
Europe,Southern Europe,Italy,FCO,IT,LIRF,Lazio,Rome–Fiumicino International Airport,41.8003,12.2389
Europe,Southern Europe,Italy,QSR,IT,LIRI,Campania,Salerno Costa d'Amalfi Airport (Pontecagnano Airport),40.6204,14.9113
Europe,Southern Europe,Italy,NAP,IT,LIRN,Campania,Naples International Airport,40.886,14.2908
Europe,Southern Europe,Italy,PSA,IT,LIRP,Toscana,Pisa International Airport (Galileo Galilei Airport),43.6839,10.3927
Europe,Southern Europe,Italy,FLR,IT,LIRQ,Toscana,Florence Airport,43.81,11.2051
Europe,Southern Europe,Italy,PEG,IT,LIRZ,Umbria,Perugia San Francesco d'Assisi - Umbria International Airport,43.0959,12.5132
Europe,Southern Europe,Malta,MLA,MT,LMML,Luqa,Malta International Airport (Luqa Airport),35.8575,14.4775
Europe,Southern Europe,Portugal,BYJ,PT,LPBJ,Beja,Beja Airport,38.0789,-7.9324
Europe,Southern Europe,Portugal,FAO,PT,LPFR,Faro,Faro Airport,37.0144,-7.96591
Europe,Southern Europe,Portugal,TER,PT,LPLA,Regiao Autonoma dos Acores,Lajes Field,38.7618,-27.0908
Europe,Southern Europe,Portugal,FNC,PT,LPMA,Regiao Autonoma da Madeira,Madeira Airport,32.6979,-16.7745
Europe,Southern Europe,Portugal,PDL,PT,LPPD,Regiao Autonoma dos Acores,Joao Paulo II Airport,37.7412,-25.6979
Europe,Southern Europe,Portugal,OPO,PT,LPPR,Porto,Francisco Sá Carneiro Airport,41.2356,-8.67806
Europe,Southern Europe,Portugal,PXO,PT,LPPS,Regiao Autonoma da Madeira,Porto Santo Airport,33.0734,-16.35
Europe,Southern Europe,Portugal,LIS,PT,LPPT,Lisboa,Lisbon Portela Airport,38.7813,-9.13592
Europe,Southern Europe,Slovenia,LJU,SI,LJLJ,Cerklje na Gorenjskem,Ljubljana Joze Pucnik Airport (Brnik Airport),46.2237,14.4576
Europe,Southern Europe,Slovenia,POW,SI,LJPZ,Piran,Portoroz Airport,45.4734,13.615
Europe,Southern Europe,Spain,FUE,ES,GCFV,Canarias,Fuerteventura Airport,28.4527,-13.8638
Europe,Southern Europe,Spain,SPC,ES,GCLA,Canarias,La Palma Airport,28.6265,-17.7556
Europe,Southern Europe,Spain,LPA,ES,GCLP,Canarias,Gran Canaria Airport,27.9319,-15.3866
Europe,Southern Europe,Spain,ACE,ES,GCRR,Canarias,Lanzarote Airport,28.9455,-13.6052
Europe,Southern Europe,Spain,TFS,ES,GCTS,Canarias,Tenerife South Airport,28.046,-16.5728
Europe,Southern Europe,Spain,TFN,ES,GCXO,Canarias,Tenerife North Airport,28.4847,-16.3439
Europe,Southern Europe,Spain,ALC,ES,LEAL,"Valenciana, Comunidad",Alicante-Elche Airport,38.2822,-0.558156
Europe,Southern Europe,Spain,LEI,ES,LEAM,Andalucia,Almeria Airport,36.8439,-2.3701
Europe,Southern Europe,Spain,OVD,ES,LEAS,"Asturias, Principado de",Asturias Airport (Oviedo Airport),43.5636,-6.03462
Europe,Southern Europe,Spain,BIO,ES,LEBB,Pais Vasco,Bilbao Airport,43.3011,-2.91061
Europe,Southern Europe,Spain,BCN,ES,LEBL,Catalunya,Barcelona El Prat Airport,41.2971,2.07846
Europe,Southern Europe,Spain,CDT,ES,LECH,"Valenciana, Comunidad",Castellon-Costa Azahar Airport,40.2139,0.073333
Europe,Southern Europe,Spain,LCG,ES,LECO,Galicia,A Coruna Airport,43.3021,-8.37726
Europe,Southern Europe,Spain,ILD,ES,LEDA,Catalunya,Lleida-Alguaire Airport,41.7282,0.535023
Europe,Southern Europe,Spain,GRO,ES,LEGE,Catalunya,Girona-Costa Brava Airport,41.901,2.76055
Europe,Southern Europe,Spain,GRX,ES,LEGR,Andalucia,Federico Garcia Lorca Airport (Granada Jaen Airport),37.1887,-3.77736
Europe,Southern Europe,Spain,HSK,ES,LEHC,Aragon,Huesca-Pirineos Airport,42.0761,-0.316667
Europe,Southern Europe,Spain,IBZ,ES,LEIB,Illes Balears,Ibiza Airport,38.8729,1.37312
Europe,Southern Europe,Spain,XRY,ES,LEJR,Andalucia,Jerez Airport (La Parra Airport),36.7446,-6.06011
Europe,Southern Europe,Spain,MAD,ES,LEMD,"Madrid, Comunidad de",Adolfo Suarez Madrid-Barajas Airport,40.4719,-3.56264
Europe,Southern Europe,Spain,AGP,ES,LEMG,Andalucia,Malaga Airport,36.6749,-4.49911
Europe,Southern Europe,Spain,MAH,ES,LEMH,Illes Balears,Menorca Airport (Mahon Airport),39.8626,4.21865
Europe,Southern Europe,Spain,RMU,ES,LEMI,"Murcia, Region de",Region de Murcia International Airport,37.803,-1.125
Europe,Southern Europe,Spain,PMI,ES,LEPA,Illes Balears,Palma de Mallorca Airport,39.5517,2.73881
Europe,Southern Europe,Spain,PNA,ES,LEPP,"Navarra, Comunidad Foral de",Pamplona Airport,42.77,-1.64633
Europe,Southern Europe,Spain,REU,ES,LERS,Catalunya,Reus Airport,41.1474,1.16717
Europe,Southern Europe,Spain,SCQ,ES,LEST,Galicia,Santiago de Compostela Airport,42.8963,-8.41514
Europe,Southern Europe,Spain,VLC,ES,LEVC,"Valenciana, Comunidad",Valencia Airport,39.4893,-0.481625
Europe,Southern Europe,Spain,VLL,ES,LEVD,Castilla y Leon,Valladolid Airport,41.7061,-4.85194
Europe,Southern Europe,Spain,VIT,ES,LEVT,Pais Vasco,Vitoria Airport,42.8828,-2.72447
Europe,Southern Europe,Spain,VGO,ES,LEVX,Galicia,Vigo-Peinador Airport,42.2318,-8.62677
Europe,Southern Europe,Spain,SDR,ES,LEXJ,Cantabria,Santander Airport,43.4271,-3.82001
Europe,Southern Europe,Spain,ZAZ,ES,LEZG,Aragon,Zaragoza Airport,41.6662,-1.04155
Europe,Southern Europe,Spain,SVQ,ES,LEZL,Andalucia,Seville Airport,37.418,-5.89311
Europe,United Kingdom,England,BHX,GB,EGBB,England,Birmingham Airport,52.4539,-1.74803
Europe,United Kingdom,England,MAN,GB,EGCC,England,Manchester Airport,53.3537,-2.27495
Europe,United Kingdom,England,BRS,GB,EGGD,England,Bristol Airport,51.3827,-2.71909
Europe,United Kingdom,England,LPL,GB,EGGP,England,Liverpool John Lennon Airport,53.3336,-2.84972
Europe,United Kingdom,England,LTN,GB,EGGW,England,London Luton Airport,51.8747,-0.368333
Europe,United Kingdom,England,BOH,GB,EGHH,England,Bournemouth Airport,50.78,-1.8425
Europe,United Kingdom,England,SOU,GB,EGHI,England,Southampton Airport,50.9503,-1.3568
Europe,United Kingdom,England,NQY,GB,EGHQ,England,Cornwall Airport Newquay,50.4406,-4.99541
Europe,United Kingdom,England,LGW,GB,EGKK,England,Gatwick Airport,51.1481,-0.190278
Europe,United Kingdom,England,LCY,GB,EGLC,England,London City Airport,51.5053,0.055278
Europe,United Kingdom,England,LHR,GB,EGLL,England,Heathrow Airport,51.4775,-0.461389
Europe,United Kingdom,England,SEN,GB,EGMC,England,London Southend Airport,51.5703,0.693333
Europe,United Kingdom,England,HUY,GB,EGNJ,England,Humberside Airport,53.5744,-0.350833
Europe,United Kingdom,England,LBA,GB,EGNM,England,Leeds Bradford Airport,53.8659,-1.66057
Europe,United Kingdom,England,NCL,GB,EGNT,England,Newcastle Airport,55.0375,-1.69167
Europe,United Kingdom,England,MME,GB,EGNV,England,Teesside International Airport,54.5092,-1.42941
Europe,United Kingdom,England,EMA,GB,EGNX,England,East Midlands Airport,52.8311,-1.32806
Europe,United Kingdom,England,NWI,GB,EGSH,England,Norwich International Airport,52.6758,1.28278
Europe,United Kingdom,England,STN,GB,EGSS,England,London Stansted Airport,51.885,0.235
Europe,United Kingdom,England,EXT,GB,EGTE,England,Exeter International Airport,50.7344,-3.41389
Europe,United Kingdom,Northern Ireland,BFS,GB,EGAA,Northern Ireland,Belfast International Airport,54.6575,-6.21583
Europe,United Kingdom,Northern Ireland,BHD,GB,EGAC,Northern Ireland,George Best Belfast City Airport,54.6181,-5.8725
Europe,United Kingdom,Northern Ireland,LDY,GB,EGAE,Northern Ireland,City of Derry Airport,55.0428,-7.16111
Europe,United Kingdom,Scotland,ABZ,GB,EGPD,Scotland,Aberdeen Airport,57.2019,-2.19778
Europe,United Kingdom,Scotland,INV,GB,EGPE,Scotland,Inverness Airport,57.5425,-4.0475
Europe,United Kingdom,Scotland,GLA,GB,EGPF,Scotland,Glasgow Airport,55.8719,-4.43306
Europe,United Kingdom,Scotland,EDI,GB,EGPH,Scotland,Edinburgh Airport,55.95,-3.3725
Europe,United Kingdom,Scotland,PIK,GB,EGPK,Scotland,Glasgow Prestwick Airport,55.5094,-4.58667
Europe,United Kingdom,Wales,CWL,GB,EGFF,Wales,Cardiff Airport,51.3967,-3.34333
Europe,Western Europe,Belgium,ANR,BE,EBAW,Antwerpen,Antwerp International Airport,51.1894,4.46028
Europe,Western Europe,Belgium,BRU,BE,EBBR,Brussels Hoofdstedelijk Gewest,Brussels Airport (Zaventem Airport),50.9014,4.48444
Europe,Western Europe,Belgium,CRL,BE,EBCI,Hainaut,Brussels South Charleroi Airport,50.4592,4.45382
Europe,Western Europe,Belgium,LGG,BE,EBLG,Liege,Liege Airport,50.6374,5.44322
Europe,Western Europe,Belgium,OST,BE,EBOS,West-Vlaanderen,Ostend-Bruges International Airport,51.1989,2.86222
Europe,Western Europe,France,BOD,FR,LFBD,Nouvelle-Aquitaine,Bordeaux-Merignac Airport,44.8283,-0.715556
Europe,Western Europe,France,EGC,FR,LFBE,Nouvelle-Aquitaine,Bergerac Dordogne Perigord Airport,44.8253,0.518611
Europe,Western Europe,France,LRH,FR,LFBH,Nouvelle-Aquitaine,La Rochelle - Ile de Re Airport,46.1792,-1.19528
Europe,Western Europe,France,LIG,FR,LFBL,Nouvelle-Aquitaine,Limoges - Bellegarde Airport,45.8628,1.17944
Europe,Western Europe,France,TLS,FR,LFBO,Occitanie,Toulouse-Blagnac Airport,43.6291,1.36382
Europe,Western Europe,France,BIQ,FR,LFBZ,Nouvelle-Aquitaine,Biarritz Pays Basque Airport,43.4683,-1.53111
Europe,Western Europe,France,RDZ,FR,LFCR,Occitanie,Rodez-Marcillac Airport,44.4079,2.48267
Europe,Western Europe,France,BIA,FR,LFKB,Corse,Bastia - Poretta Airport,42.5527,9.48373
Europe,Western Europe,France,FSC,FR,LFKF,Corse,Figari-Sud Corse Airport,41.5006,9.09778
Europe,Western Europe,France,AJA,FR,LFKJ,Corse,Ajaccio Napoleon Bonaparte Airport,41.9236,8.80292
Europe,Western Europe,France,CMF,FR,LFLB,Auvergne-Rhone-Alpes,Chambery-Savoie Airport,45.6381,5.88023
Europe,Western Europe,France,LYS,FR,LFLL,Auvergne-Rhone-Alpes,Lyon-Saint-Exupery Airport,45.7256,5.08111
Europe,Western Europe,France,GNB,FR,LFLS,Auvergne-Rhone-Alpes,Grenoble-Isere Airport,45.3629,5.32937
Europe,Western Europe,France,EBU,FR,LFMH,Auvergne-Rhone-Alpes,Saint-Etienne-Boutheon Airport,45.5406,4.29639
Europe,Western Europe,France,CCF,FR,LFMK,Occitanie,Carcassonne Airport,43.216,2.30632
Europe,Western Europe,France,MRS,FR,LFML,Provence-Alpes-Cote-d'Azur,Marseille Provence Airport,43.4393,5.22142
Europe,Western Europe,France,NCE,FR,LFMN,Provence-Alpes-Cote-d'Azur,Nice Cote d'Azur Airport,43.6584,7.21587
Europe,Western Europe,France,PGF,FR,LFMP,Occitanie,Perpignan-Rivesaltes Airport,42.7404,2.87067
Europe,Western Europe,France,BZR,FR,LFMU,Occitanie,Beziers Cap d'Agde Airport,43.3235,3.3539
Europe,Western Europe,France,BVA,FR,LFOB,Hauts-de-France,Beauvais–Tillé Airport,49.45444,2.11277
Europe,Western Europe,France,XCR,FR,LFOK,Grand-Est,Chalons Vatry Airport,48.7806,4.1883
Europe,Western Europe,France,TUF,FR,LFOT,Centre-Val de Loire,Tours Val de Loire Airport,47.4322,0.727606
Europe,Western Europe,France,CDG,FR,LFPG,Ile-de-France,Paris Charles de Gaulle Airport,49.0097,2.54778
Europe,Western Europe,France,ORY,FR,LFPO,Ile-de-France,Aéroport de Paris-Orly,48.7231,2.35944
Europe,Western Europe,France,LIL,FR,LFQQ,Hauts-de-France,Lille Airport (Lille-Lesquin Airport),50.5633,3.08689
Europe,Western Europe,France,BES,FR,LFRB,Bretagne,Brest Bretagne Airport,48.4479,-4.41854
Europe,Western Europe,France,DNR,FR,LFRD,Bretagne,Dinard-Pleurtuit-Saint-Malo Airport,48.5877,-2.07996
Europe,Western Europe,France,NTE,FR,LFRS,Pays-de-la-Loire,Nantes Atlantique Airport,47.1532,-1.61073
Europe,Western Europe,France,BSL,CH,LFSB,Basel-City,EuroAirport Basel Mulhouse Freiburg,47.59,7.52916
Europe,Western Europe,France,SXB,FR,LFST,Grand-Est,Strasbourg Airport,48.5383,7.62823
Europe,Western Europe,France,TLN,FR,LFTH,Provence-Alpes-Cote-d'Azur,Toulon-Hyeres Airport (Hyeres Le Palyvestre Airport),43.0973,6.14603
Europe,Western Europe,France,FNI,FR,LFTW,Occitanie,Nimes-Ales-Camargue-Cevennes Airport (Garons Airport),43.7574,4.41635
Europe,Western Europe,Gibraltar,GIB,GI,LXGB,Gibraltar,Gibraltar International Airport (North Front Airport),36.1512,-5.34966
Europe,Western Europe,Ireland,ORK,IE,EICK,Cork,Cork Airport,51.8413,-8.49111
Europe,Western Europe,Ireland,DUB,IE,EIDW,Dublin,Dublin Airport,53.4213,-6.27007
Europe,Western Europe,Ireland,NOC,IE,EIKN,Mayo,Ireland West Airport Knock,53.9103,-8.81849
Europe,Western Europe,Ireland,KIR,IE,EIKY,Kerry,Kerry Airport (Farranfore Airport),52.1809,-9.52378
Europe,Western Europe,Ireland,SNN,IE,EINN,Clare,Shannon Airport,52.702,-8.92482
Europe,Western Europe,Isle of Man,IOM,GB,EGNS,England,Isle of Man Airport,54.0833,-4.62333
Europe,Western Europe,Jersey,JER,JE,EGJJ,Jersey,Jersey Airport,49.2081,-2.19528
Europe,Western Europe,Luxembourg,LUX,LU,ELLX,Luxembourg,Luxembourg Findel Airport,49.6233,6.20444
Europe,Western Europe,Netherlands,AMS,NL,EHAM,Noord-Holland,Amsterdam Airport Schiphol,52.3086,4.76389
Europe,Western Europe,Netherlands,MST,NL,EHBK,Limburg,Maastricht Aachen Airport,50.9117,5.77014
Europe,Western Europe,Netherlands,EIN,NL,EHEH,Noord-Brabant,Eindhoven Airport,51.4501,5.37453
Europe,Western Europe,Netherlands,GRQ,NL,EHGG,Drenthe,Groningen Airport Eelde,53.1197,6.57944
Europe,Western Europe,Netherlands,RTM,NL,EHRD,Zuid-Holland,Rotterdam The Hague Airport,51.9569,4.43722
