,request,nb_of_pages_already_retrieved,total_flights,page.totalPages
0,afklm_api_data_collection_arrivalCity=AAL&departureCity=AMS&endRange=2025-10-14T23_59_59Z&startRange=2025-05-15T09_00_00Z,1,602,7
1,afklm_api_data_collection_arrivalCity=AAL&departureCity=CPH&endRange=2025-10-14T23_59_59Z&startRange=2025-05-15T09_00_00Z,1,789,8
2,afklm_api_data_collection_arrivalCity=AAR&departureCity=CPH&endRange=2025-10-14T23_59_59Z&startRange=2025-05-15T09_00_00Z,1,443,5
3,afklm_api_data_collection_arrivalCity=ABZ&departureCity=AMS&endRange=2025-10-14T23_59_59Z&startRange=2025-05-15T09_00_00Z,1,763,8
4,afklm_api_data_collection_arrivalCity=ABZ&departureCity=BGO&endRange=2025-10-14T23_59_59Z&startRange=2025-05-15T09_00_00Z,1,131,2
5,afklm_api_data_collection_arrivalCity=ACE&departureCity=AMS&endRange=2025-10-14T23_59_59Z&startRange=2025-05-15T09_00_00Z,1,108,2
6,afklm_api_data_collection_arrivalCity=AES&departureCity=AMS&endRange=2025-10-14T23_59_59Z&startRange=2025-05-15T09_00_00Z,1,306,4
7,afklm_api_data_collection_arrivalCity=AES&departureCity=BGO&endRange=2025-10-14T23_59_59Z&startRange=2025-05-15T09_00_00Z,1,448,5
8,afklm_api_data_collection_arrivalCity=AES&departureCity=OSL&endRange=2025-10-14T23_59_59Z&startRange=2025-05-15T09_00_00Z,1,376,4
9,afklm_api_data_collection_arrivalCity=AES&departureCity=TRD&endRange=2025-10-14T23_59_59Z&startRange=2025-05-15T09_00_00Z,1,165,2
10,afklm_api_data_collection_arrivalCity=AGP&departureCity=AMS&endRange=2025-10-14T23_59_59Z&startRange=2025-05-15T09_00_00Z,1,1591,16
11,afklm_api_data_collection_arrivalCity=AJA&departureCity=LYS&endRange=2025-10-14T23_59_59Z&startRange=2025-05-15T09_00_00Z,1,158,2
12,afklm_api_data_collection_arrivalCity=AJA&departureCity=MRS&endRange=2025-10-14T23_59_59Z&startRange=2025-05-15T09_00_00Z,1,483,5
13,afklm_api_data_collection_arrivalCity=AJA&departureCity=NCE&endRange=2025-10-14T23_59_59Z&startRange=2025-05-15T09_00_00Z,1,466,5
14,afklm_api_data_collection_arrivalCity=ALC&departureCity=AMS&endRange=2025-10-14T23_59_59Z&startRange=2025-05-15T09_00_00Z,1,905,10
15,afklm_api_data_collection_arrivalCity=AMS&departureCity=AAL&endRange=2025-10-14T23_59_59Z&startRange=2025-05-15T09_00_00Z,1,600,6
16,afklm_api_data_collection_arrivalCity=AMS&departureCity=ABZ&endRange=2025-10-14T23_59_59Z&startRange=2025-05-15T09_00_00Z,1,761,8
17,afklm_api_data_collection_arrivalCity=AMS&departureCity=ACE&endRange=2025-10-14T23_59_59Z&startRange=2025-05-15T09_00_00Z,1,109,2
18,afklm_api_data_collection_arrivalCity=AMS&departureCity=AES&endRange=2025-10-14T23_59_59Z&startRange=2025-05-15T09_00_00Z,1,305,4
19,afklm_api_data_collection_arrivalCity=AMS&departureCity=AGP&endRange=2025-10-14T23_59_59Z&startRange=2025-05-15T09_00_00Z,1,1633,17
20,afklm_api_data_collection_arrivalCity=AMS&departureCity=ALC&endRange=2025-10-14T23_59_59Z&startRange=2025-05-15T09_00_00Z,1,915,10
21,afklm_api_data_collection_arrivalCity=AMS&departureCity=AMS&endRange=2025-10-14T23_59_59Z&startRange=2025-05-15T09_00_00Z,1,1737,18
22,afklm_api_data_collection_arrivalCity=AMS&departureCity=AOK&endRange=2025-10-14T23_59_59Z&startRange=2025-05-15T09_00_00Z,1,108,2
23,afklm_api_data_collection_arrivalCity=AMS&departureCity=ATH&endRange=2025-10-14T23_59_59Z&startRange=2025-05-15T09_00_00Z,1,917,10
24,afklm_api_data_collection_arrivalCity=AMS&departureCity=BCN&endRange=2025-10-14T23_59_59Z&startRange=2025-05-15T09_00_00Z,1,2341,24
25,afklm_api_data_collection_arrivalCity=AMS&departureCity=BEG&endRange=2025-10-14T23_59_59Z&startRange=2025-05-15T09_00_00Z,1,499,5
26,afklm_api_data_collection_arrivalCity=AMS&departureCity=BER&endRange=2025-10-14T23_59_59Z&startRange=2025-05-15T09_00_00Z,1,1246,13
27,afklm_api_data_collection_arrivalCity=AMS&departureCity=BFS&endRange=2025-10-14T23_59_59Z&startRange=2025-05-15T09_00_00Z,1,410,5
28,afklm_api_data_collection_arrivalCity=AMS&departureCity=BGO&endRange=2025-10-14T23_59_59Z&startRange=2025-05-15T09_00_00Z,1,619,7
29,afklm_api_data_collection_arrivalCity=AMS&departureCity=BHX&endRange=2025-10-14T23_59_59Z&startRange=2025-05-15T09_00_00Z,1,949,10
30,afklm_api_data_collection_arrivalCity=AMS&departureCity=BIO&endRange=2025-10-14T23_59_59Z&startRange=2025-05-15T09_00_00Z,1,589,6
31,afklm_api_data_collection_arrivalCity=AMS&departureCity=BLL&endRange=2025-10-14T23_59_59Z&startRange=2025-05-15T09_00_00Z,1,833,9
32,afklm_api_data_collection_arrivalCity=AMS&departureCity=BLQ&endRange=2025-10-14T23_59_59Z&startRange=2025-05-15T09_00_00Z,1,553,6
33,afklm_api_data_collection_arrivalCity=AMS&departureCity=BOD&endRange=2025-10-14T23_59_59Z&startRange=2025-05-15T09_00_00Z,1,508,6
34,afklm_api_data_collection_arrivalCity=AMS&departureCity=BRE&endRange=2025-10-14T23_59_59Z&startRange=2025-05-15T09_00_00Z,1,586,6
35,afklm_api_data_collection_arrivalCity=AMS&departureCity=BRI&endRange=2025-10-14T23_59_59Z&startRange=2025-05-15T09_00_00Z,1,189,2
36,afklm_api_data_collection_arrivalCity=AMS&departureCity=BRS&endRange=2025-10-14T23_59_59Z&startRange=2025-05-15T09_00_00Z,1,981,10
37,afklm_api_data_collection_arrivalCity=AMS&departureCity=BRU&endRange=2025-10-14T23_59_59Z&startRange=2025-05-15T09_00_00Z,1,602,7
38,afklm_api_data_collection_arrivalCity=AMS&departureCity=BUD&endRange=2025-10-14T23_59_59Z&startRange=2025-05-15T09_00_00Z,1,766,8
39,afklm_api_data_collection_arrivalCity=AMS&departureCity=CFU&endRange=2025-10-14T23_59_59Z&startRange=2025-05-15T09_00_00Z,1,186,2
40,afklm_api_data_collection_arrivalCity=AMS&departureCity=CHQ&endRange=2025-10-14T23_59_59Z&startRange=2025-05-15T09_00_00Z,1,133,2
41,afklm_api_data_collection_arrivalCity=AMS&departureCity=CPH&endRange=2025-10-14T23_59_59Z&startRange=2025-05-15T09_00_00Z,1,2008,21
42,afklm_api_data_collection_arrivalCity=AMS&departureCity=CTA&endRange=2025-10-14T23_59_59Z&startRange=2025-05-15T09_00_00Z,1,257,3
43,afklm_api_data_collection_arrivalCity=AMS&departureCity=CWL&endRange=2025-10-14T23_59_59Z&startRange=2025-05-15T09_00_00Z,1,473,5
44,afklm_api_data_collection_arrivalCity=AMS&departureCity=DBV&endRange=2025-10-14T23_59_59Z&startRange=2025-05-15T09_00_00Z,1,228,3
45,afklm_api_data_collection_arrivalCity=AMS&departureCity=DUB&endRange=2025-10-14T23_59_59Z&startRange=2025-05-15T09_00_00Z,1,2056,21
46,afklm_api_data_collection_arrivalCity=AMS&departureCity=DUS&endRange=2025-10-14T23_59_59Z&startRange=2025-05-15T09_00_00Z,1,762,8
47,afklm_api_data_collection_arrivalCity=AMS&departureCity=EDI&endRange=2025-10-14T23_59_59Z&startRange=2025-05-15T09_00_00Z,1,1120,12
48,afklm_api_data_collection_arrivalCity=AMS&departureCity=EFL&endRange=2025-10-14T23_59_59Z&startRange=2025-05-15T09_00_00Z,1,113,2
49,afklm_api_data_collection_arrivalCity=AMS&departureCity=EXT&endRange=2025-10-14T23_59_59Z&startRange=2025-05-15T09_00_00Z,1,153,2
50,afklm_api_data_collection_arrivalCity=AMS&departureCity=FAO&endRange=2025-10-14T23_59_59Z&startRange=2025-05-15T09_00_00Z,1,534,6
51,afklm_api_data_collection_arrivalCity=AMS&departureCity=FLR&endRange=2025-10-14T23_59_59Z&startRange=2025-05-15T09_00_00Z,1,761,8
52,afklm_api_data_collection_arrivalCity=AMS&departureCity=FNC&endRange=2025-10-14T23_59_59Z&startRange=2025-05-15T09_00_00Z,1,248,3
53,afklm_api_data_collection_arrivalCity=AMS&departureCity=FRA&endRange=2025-10-14T23_59_59Z&startRange=2025-05-15T09_00_00Z,1,1730,18
54,afklm_api_data_collection_arrivalCity=AMS&departureCity=FUE&endRange=2025-10-14T23_59_59Z&startRange=2025-05-15T09_00_00Z,1,163,2
55,afklm_api_data_collection_arrivalCity=AMS&departureCity=GDN&endRange=2025-10-14T23_59_59Z&startRange=2025-05-15T09_00_00Z,1,591,6
56,afklm_api_data_collection_arrivalCity=AMS&departureCity=GLA&endRange=2025-10-14T23_59_59Z&startRange=2025-05-15T09_00_00Z,1,724,8
57,afklm_api_data_collection_arrivalCity=AMS&departureCity=GOA&endRange=2025-10-14T23_59_59Z&startRange=2025-05-15T09_00_00Z,1,347,4
58,afklm_api_data_collection_arrivalCity=AMS&departureCity=GOT&endRange=2025-10-14T23_59_59Z&startRange=2025-05-15T09_00_00Z,1,762,8
59,afklm_api_data_collection_arrivalCity=AMS&departureCity=GRO&endRange=2025-10-14T23_59_59Z&startRange=2025-05-15T09_00_00Z,1,141,2
60,afklm_api_data_collection_arrivalCity=AMS&departureCity=GVA&endRange=2025-10-14T23_59_59Z&startRange=2025-05-15T09_00_00Z,1,1061,11
61,afklm_api_data_collection_arrivalCity=AMS&departureCity=HAJ&endRange=2025-10-14T23_59_59Z&startRange=2025-05-15T09_00_00Z,1,537,6
62,afklm_api_data_collection_arrivalCity=AMS&departureCity=HAM&endRange=2025-10-14T23_59_59Z&startRange=2025-05-15T09_00_00Z,1,766,8
63,afklm_api_data_collection_arrivalCity=AMS&departureCity=HEL&endRange=2025-10-14T23_59_59Z&startRange=2025-05-15T09_00_00Z,1,765,8
64,afklm_api_data_collection_arrivalCity=AMS&departureCity=HER&endRange=2025-10-14T23_59_59Z&startRange=2025-05-15T09_00_00Z,1,539,6
65,afklm_api_data_collection_arrivalCity=AMS&departureCity=HUY&endRange=2025-10-14T23_59_59Z&startRange=2025-05-15T09_00_00Z,1,457,5
66,afklm_api_data_collection_arrivalCity=AMS&departureCity=IBZ&endRange=2025-10-14T23_59_59Z&startRange=2025-05-15T09_00_00Z,1,734,8
67,afklm_api_data_collection_arrivalCity=AMS&departureCity=INV&endRange=2025-10-14T23_59_59Z&startRange=2025-05-15T09_00_00Z,1,375,4
68,afklm_api_data_collection_arrivalCity=AMS&departureCity=KGS&endRange=2025-10-14T23_59_59Z&startRange=2025-05-15T09_00_00Z,1,367,4
69,afklm_api_data_collection_arrivalCity=AMS&departureCity=KRK&endRange=2025-10-14T23_59_59Z&startRange=2025-05-15T09_00_00Z,1,806,9
70,afklm_api_data_collection_arrivalCity=AMS&departureCity=KRS&endRange=2025-10-14T23_59_59Z&startRange=2025-05-15T09_00_00Z,1,384,4
71,afklm_api_data_collection_arrivalCity=AMS&departureCity=LBA&endRange=2025-10-14T23_59_59Z&startRange=2025-05-15T09_00_00Z,1,456,5
72,afklm_api_data_collection_arrivalCity=AMS&departureCity=LIS&endRange=2025-10-14T23_59_59Z&startRange=2025-05-15T09_00_00Z,1,1429,15
73,afklm_api_data_collection_arrivalCity=AMS&departureCity=LJU&endRange=2025-10-14T23_59_59Z&startRange=2025-05-15T09_00_00Z,1,232,3
74,afklm_api_data_collection_arrivalCity=AMS&departureCity=LPA&endRange=2025-10-14T23_59_59Z&startRange=2025-05-15T09_00_00Z,1,448,5
75,afklm_api_data_collection_arrivalCity=AMS&departureCity=LPL&endRange=2025-10-14T23_59_59Z&startRange=2025-05-15T09_00_00Z,1,133,2
76,afklm_api_data_collection_arrivalCity=AMS&departureCity=LUX&endRange=2025-10-14T23_59_59Z&startRange=2025-05-15T09_00_00Z,1,518,6
77,afklm_api_data_collection_arrivalCity=AMS&departureCity=LYS&endRange=2025-10-14T23_59_59Z&startRange=2025-05-15T09_00_00Z,1,1068,11
78,afklm_api_data_collection_arrivalCity=AMS&departureCity=MAD&endRange=2025-10-14T23_59_59Z&startRange=2025-05-15T09_00_00Z,1,1693,17
79,afklm_api_data_collection_arrivalCity=AMS&departureCity=MAN&endRange=2025-10-14T23_59_59Z&startRange=2025-05-15T09_00_00Z,1,1631,17
80,afklm_api_data_collection_arrivalCity=AMS&departureCity=MJT&endRange=2025-10-14T23_59_59Z&startRange=2025-05-15T09_00_00Z,1,126,2
81,afklm_api_data_collection_arrivalCity=AMS&departureCity=MLA&endRange=2025-10-14T23_59_59Z&startRange=2025-05-15T09_00_00Z,1,269,3
82,afklm_api_data_collection_arrivalCity=AMS&departureCity=MME&endRange=2025-10-14T23_59_59Z&startRange=2025-05-15T09_00_00Z,1,374,4
83,afklm_api_data_collection_arrivalCity=AMS&departureCity=MRS&endRange=2025-10-14T23_59_59Z&startRange=2025-05-15T09_00_00Z,1,457,5
84,afklm_api_data_collection_arrivalCity=AMS&departureCity=MUC&endRange=2025-10-14T23_59_59Z&startRange=2025-05-15T09_00_00Z,1,1709,18
85,afklm_api_data_collection_arrivalCity=AMS&departureCity=NAP&endRange=2025-10-14T23_59_59Z&startRange=2025-05-15T09_00_00Z,1,380,4
86,afklm_api_data_collection_arrivalCity=AMS&departureCity=NCE&endRange=2025-10-14T23_59_59Z&startRange=2025-05-15T09_00_00Z,1,858,9
87,afklm_api_data_collection_arrivalCity=AMS&departureCity=NCL&endRange=2025-10-14T23_59_59Z&startRange=2025-05-15T09_00_00Z,1,815,9
88,afklm_api_data_collection_arrivalCity=AMS&departureCity=NTE&endRange=2025-10-14T23_59_59Z&startRange=2025-05-15T09_00_00Z,1,457,5
89,afklm_api_data_collection_arrivalCity=AMS&departureCity=NUE&endRange=2025-10-14T23_59_59Z&startRange=2025-05-15T09_00_00Z,1,649,7
90,afklm_api_data_collection_arrivalCity=AMS&departureCity=NWI&endRange=2025-10-14T23_59_59Z&startRange=2025-05-15T09_00_00Z,1,606,7
91,afklm_api_data_collection_arrivalCity=AMS&departureCity=OLB&endRange=2025-10-14T23_59_59Z&startRange=2025-05-15T09_00_00Z,1,227,3
92,afklm_api_data_collection_arrivalCity=AMS&departureCity=OPO&endRange=2025-10-14T23_59_59Z&startRange=2025-05-15T09_00_00Z,1,802,9
93,afklm_api_data_collection_arrivalCity=AMS&departureCity=ORK&endRange=2025-10-14T23_59_59Z&startRange=2025-05-15T09_00_00Z,1,352,4
94,afklm_api_data_collection_arrivalCity=AMS&departureCity=OSL&endRange=2025-10-14T23_59_59Z&startRange=2025-05-15T09_00_00Z,1,1384,14
95,afklm_api_data_collection_arrivalCity=AMS&departureCity=PMI&endRange=2025-10-14T23_59_59Z&startRange=2025-05-15T09_00_00Z,1,988,10
96,afklm_api_data_collection_arrivalCity=AMS&departureCity=POZ&endRange=2025-10-14T23_59_59Z&startRange=2025-05-15T09_00_00Z,1,303,4
97,afklm_api_data_collection_arrivalCity=AMS&departureCity=PRG&endRange=2025-10-14T23_59_59Z&startRange=2025-05-15T09_00_00Z,1,1106,12
98,afklm_api_data_collection_arrivalCity=AMS&departureCity=PSA&endRange=2025-10-14T23_59_59Z&startRange=2025-05-15T09_00_00Z,1,229,3
99,afklm_api_data_collection_arrivalCity=AMS&departureCity=PVK&endRange=2025-10-14T23_59_59Z&startRange=2025-05-15T09_00_00Z,1,248,3
100,afklm_api_data_collection_arrivalCity=AMS&departureCity=RHO&endRange=2025-10-14T23_59_59Z&startRange=2025-05-15T09_00_00Z,1,362,4
101,afklm_api_data_collection_arrivalCity=AMS&departureCity=RIX&endRange=2025-10-14T23_59_59Z&startRange=2025-05-15T09_00_00Z,1,457,5
102,afklm_api_data_collection_arrivalCity=AMS&departureCity=SKG&endRange=2025-10-14T23_59_59Z&startRange=2025-05-15T09_00_00Z,1,223,3
103,afklm_api_data_collection_arrivalCity=AMS&departureCity=SMI&endRange=2025-10-14T23_59_59Z&startRange=2025-05-15T09_00_00Z,1,213,3
104,afklm_api_data_collection_arrivalCity=AMS&departureCity=SOF&endRange=2025-10-14T23_59_59Z&startRange=2025-05-15T09_00_00Z,1,155,2
105,afklm_api_data_collection_arrivalCity=AMS&departureCity=SOU&endRange=2025-10-14T23_59_59Z&startRange=2025-05-15T09_00_00Z,1,489,5
106,afklm_api_data_collection_arrivalCity=AMS&departureCity=SPU&endRange=2025-10-14T23_59_59Z&startRange=2025-05-15T09_00_00Z,1,586,6
107,afklm_api_data_collection_arrivalCity=AMS&departureCity=STR&endRange=2025-10-14T23_59_59Z&startRange=2025-05-15T09_00_00Z,1,761,8
108,afklm_api_data_collection_arrivalCity=AMS&departureCity=SVG&endRange=2025-10-14T23_59_59Z&startRange=2025-05-15T09_00_00Z,1,795,8
109,afklm_api_data_collection_arrivalCity=AMS&departureCity=SVQ&endRange=2025-10-14T23_59_59Z&startRange=2025-05-15T09_00_00Z,1,183,2
110,afklm_api_data_collection_arrivalCity=AMS&departureCity=TIA&endRange=2025-10-14T23_59_59Z&startRange=2025-05-15T09_00_00Z,1,121,2
111,afklm_api_data_collection_arrivalCity=AMS&departureCity=TLL&endRange=2025-10-14T23_59_59Z&startRange=2025-05-15T09_00_00Z,1,305,4
112,afklm_api_data_collection_arrivalCity=AMS&departureCity=TLS&endRange=2025-10-14T23_59_59Z&startRange=2025-05-15T09_00_00Z,1,541,6
113,afklm_api_data_collection_arrivalCity=AMS&departureCity=TRD&endRange=2025-10-14T23_59_59Z&startRange=2025-05-15T09_00_00Z,1,458,5
114,afklm_api_data_collection_arrivalCity=AMS&departureCity=TRN&endRange=2025-10-14T23_59_59Z&startRange=2025-05-15T09_00_00Z,1,305,4
115,afklm_api_data_collection_arrivalCity=AMS&departureCity=VCE&endRange=2025-10-14T23_59_59Z&startRange=2025-05-15T09_00_00Z,1,583,6
116,afklm_api_data_collection_arrivalCity=AMS&departureCity=VIE&endRange=2025-10-14T23_59_59Z&startRange=2025-05-15T09_00_00Z,1,1295,13
117,afklm_api_data_collection_arrivalCity=AMS&departureCity=VLC&endRange=2025-10-14T23_59_59Z&startRange=2025-05-15T09_00_00Z,1,915,10
118,afklm_api_data_collection_arrivalCity=AMS&departureCity=VNO&endRange=2025-10-14T23_59_59Z&startRange=2025-05-15T09_00_00Z,1,307,4
119,afklm_api_data_collection_arrivalCity=AMS&departureCity=VRN&endRange=2025-10-14T23_59_59Z&startRange=2025-05-15T09_00_00Z,1,171,2
120,afklm_api_data_collection_arrivalCity=AMS&departureCity=WAW&endRange=2025-10-14T23_59_59Z&startRange=2025-05-15T09_00_00Z,1,1221,13
121,afklm_api_data_collection_arrivalCity=AMS&departureCity=WRO&endRange=2025-10-14T23_59_59Z&startRange=2025-05-15T09_00_00Z,1,304,4
122,afklm_api_data_collection_arrivalCity=AMS&departureCity=ZAG&endRange=2025-10-14T23_59_59Z&startRange=2025-05-15T09_00_00Z,1,457,5
123,afklm_api_data_collection_arrivalCity=AMS&departureCity=ZRH&endRange=2025-10-14T23_59_59Z&startRange=2025-05-15T09_00_00Z,1,1565,16
124,afklm_api_data_collection_arrivalCity=AMS&departureCity=ZTH&endRange=2025-10-14T23_59_59Z&startRange=2025-05-15T09_00_00Z,1,489,5
125,afklm_api_data_collection_arrivalCity=AMS&endRange=2025-08-07T23_59_59Z&startRange=2025-08-01T23_59_59Z,43,4396,44
170,afklm_api_data_collection_arrivalCity=AOK&departureCity=AMS&endRange=2025-10-14T23_59_59Z&startRange=2025-05-15T09_00_00Z,1,105,2
171,afklm_api_data_collection_arrivalCity=DXB,0,1,1
172,afklm_api_data_collection_arrivalCity=LON&endRange=2025-08-07T23_59_59Z&startRange=2025-08-01T23_59_59Z,5,591,6
179,afklm_api_data_collection_arrivalCity=MAD&endRange=2025-08-07T23_59_59Z&startRange=2025-08-01T23_59_59Z,3,373,4
184,afklm_api_data_collection_arrivalCity=PAR&endRange=2025-08-07T23_59_59Z&startRange=2025-08-01T23_59_59Z,63,6317,64
249,afklm_api_data_collection_departureCity=AMS&endRange=2025-08-07T23_59_59Z&startRange=2025-08-01T23_59_59Z,43,4374,44
294,afklm_api_data_collection_departureCity=DXB,0,41,1
295,afklm_api_data_collection_departureCity=LON&endRange=2025-08-07T23_59_59Z&startRange=2025-08-01T23_59_59Z,5,572,6
302,afklm_api_data_collection_departureCity=MAD&endRange=2025-08-07T23_59_59Z&startRange=2025-08-01T23_59_59Z,3,395,4
307,afklm_api_data_collection_departureCity=PAR&endRange=2025-08-07T23_59_59Z&startRange=2025-08-01T23_59_59Z,63,6332,64
372,afklm_api_data_collection_destination=PMI&origin=MAD&endRange=2025-08-07T23_59_59Z&startRange=2025-08-01T23_59_59Z,0,33,1
374,afklm_api_data_collection_endRange=2025-07-23T23_59_59Z&startRange=2025-07-21T09_00_00Z,11,28944,290
385,afklm_api_data_collection_endRange=2025-08-23T23_59_59Z&startRange=2025-08-21T09_00_00Z,279,27920,280
666,afklm_api_data_collection_endRange=2025-08-26T23_59_59Z&startRange=2025-08-25T09_00_00Z,175,17539,176
843,afklm_api_data_collection_endRange=2025-08-28T23_59_59Z&startRange=2025-08-27T09_00_00Z,6,17911,180
