iata_departure,iata_arrival
IBZ,AMS
HER,AMS
LPA,AMS
ATH,AMS
SOF,AMS
TRD,AMS
BGO,AMS
GOT,AMS
HEL,AMS
CPH,AMS
BLL,AMS
WAW,AMS
WRO,AMS
PRG,AMS
OTP,AMS
MAD,AMS
LIS,AMS
VCE,AMS
BLQ,AMS
BER,AMS
HAJ,AMS
STR,AMS
NUE,AMS
ZAG,AMS
BEG,AMS
LUX,AMS
SVG,AMS
KRS,AMS
AGP,AMS
BRU,AMS
HAM,AMS
LYS,AMS
GOA,AMS
BRE,AMS
BSL,AMS
GDN,AMS
BUD,AMS
NTE,AMS
BCN,AMS
VLC,AMS
TRN,AMS
DUS,AMS
AAL,AMS
TLL,AMS
AES,AMS
OSL,AMS
ARN,AMS
POZ,AMS
BOD,AMS
TLS,AMS
MRS,AMS
NCE,AMS
FCO,AMS
FLR,AMS
SPU,AMS
KRK,AMS
LIN,AMS
RIX,AMS
VNO,AMS
BIO,AMS
MAN,AMS
DUB,AMS
EDI,AMS
GLA,AMS
NCL,AMS
MME,AMS
BHX,AMS
NWI,AMS
ALC,AMS
ABZ,AMS
SOU,AMS
LGW,AMS
FRA,AMS
MUC,AMS
LHR,AMS
GRO,AMS
BRS,AMS
HUY,AMS
CWL,AMS
CAG,AMS
ZTH,AMS
SZG,AMS
LBA,AMS
OPO,AMS
KEF,AMS
CDG,AMS
ZRH,AMS
TFS,AMS
GVA,AMS
INV,AMS
NAP,AMS
OLB,AMS
PVK,AMS
PMI,AMS
LJU,AMS
FAO,AMS
MXP,AMS
CTA,AMS
KGS,AMS
DBV,AMS
CHQ,AMS
MAH,AMS
MLA,AMS
AOK,AMS
LTN,AMS
ORK,AMS
VIE,AMS
AMS,AMS
RHO,AMS
PSA,AMS
PLQ,AMS
STN,AMS
GRX,AMS
VRN,AMS
BFS,AMS
PDL,AMS
FUE,AMS
BIQ,AMS
LCY,AMS
EXT,AMS
BHD,AMS
LPL,AMS
FNC,AMS
SKG,AMS
ORY,AMS
SVQ,AMS
BRI,AMS
BOJ,AMS
SKP,AMS
RMO,AMS
SMI,AMS
KLX,AMS
OHD,AMS
EFL,AMS
JMK,AMS
MJT,AMS
JTR,AMS
SEN,AMS
CFU,AMS
TIA,AMS
PMO,AMS
OVD,AMS
ACE,AMS
PUY,AMS
SCQ,AMS
INN,AMS
AEY,AMS
NCE,LHR
AMS,LCY
AMS,LGW
CDG,LGW
AMS,LHR
LIN,LCY
LDY,LHR
CDG,LHR
FCO,LCY
AMS,LTN
CDG,LTN
IOM,LHR
ORY,LHR
ORY,LGW
AMS,STN
CDG,SEN
AMS,SEN
CDG,MAD
AMS,MAD
LPA,MAD
ORY,MAD
PMI,MAD
TFN,MAD
BIO,MAD
LCG,MAD
VGO,MAD
IBZ,MAD
BCN,MAD
ATH,MAD
OPO,MAD
VCE,MAD
VLC,MAD
ACE,MAD
FCO,MAD
LIS,MAD
ALC,MAD
MXP,MAD
ZRH,MAD
ATH,CDG
KEF,CDG
ATH,ORY
CHQ,ORY
OTP,CDG
HEL,CDG
AGP,CDG
HER,CDG
VCE,CDG
MAD,CDG
HAJ,CDG
ARN,CDG
HAM,CDG
MRS,CDG
BOD,CDG
MLA,CDG
AJA,ORY
BIA,ORY
FCO,CDG
WAW,CDG
OSL,CDG
GOT,CDG
NCE,CDG
TLS,CDG
VIE,ORY
LIS,ORY
DUB,ORY
BCN,ORY
PMI,CDG
FLR,CDG
BIA,CDG
OPO,ORY
AJA,CDG
LIS,CDG
BRI,ORY
SCQ,CDG
GVA,CDG
LHR,CDG
LIN,CDG
IBZ,ORY
TGD,ORY
PMO,CDG
MUC,CDG
TRN,CDG
BCN,CDG
TLS,ORY
PMI,ORY
FSC,CDG
LGW,ORY
FRA,CDG
ZRH,CDG
TFS,ORY
KEF,ORY
BEG,CDG
AGP,ORY
SVQ,CDG
BIO,CDG
BER,ORY
FAO,ORY
FCO,ORY
AMS,CDG
BIO,ORY
SKG,CDG
MAD,ORY
LTN,CDG
FLR,ORY
BIQ,CDG
LUX,CDG
BRU,CDG
MAN,CDG
DUB,CDG
LPA,CDG
EDI,CDG
SNN,CDG
CPH,CDG
PGF,ORY
GLA,CDG
SPU,CDG
KRK,CDG
NCE,ORY
ZAG,CDG
TLN,ORY
REU,ORY
CFU,CDG
DBV,ORY
LGW,CDG
ORY,ORY
TIA,ORY
VLC,ORY
BLQ,CDG
OLB,ORY
BER,CDG
SOF,ORY
BLL,CDG
CTA,CDG
BSL,CDG
FSC,ORY
IBZ,CDG
JMK,ORY
JSI,ORY
OPO,CDG
OLB,CDG
LYS,CDG
TIV,ORY
BRI,CDG
NAP,ORY
DUS,CDG
VLC,CDG
NTE,CDG
FNC,CDG
BDS,ORY
PUF,CDG
ALC,ORY
ACE,CDG
PMO,ORY
WAW,ORY
BHX,CDG
FNC,ORY
TRN,ORY
MLA,ORY
BES,CDG
KLX,ORY
RHO,CDG
DBV,CDG
MXP,CDG
CDG,CDG
BGO,CDG
MAH,ORY
PRG,CDG
LJU,CDG
CAG,CDG
VIE,CDG
JTR,CDG
JMK,CDG
NAP,CDG
BUD,CDG
RMO,CDG
BIQ,ORY
RHO,ORY
NCL,CDG
HER,ORY
LIN,ORY
PUF,ORY
SVQ,ORY
BUD,ORY
MXP,ORY
LBA,CDG
SVG,CDG
VRN,CDG
CFU,ORY
LPL,CDG
ORK,CDG
TFS,CDG
TOS,CDG
RIX,CDG
SOU,ORY
CAG,ORY
SPU,ORY
MAH,CDG
MRS,ORY
VNO,CDG
LHR,ORY
TLL,CDG
BRS,CDG
SEN,CDG
KRK,ORY
JTR,ORY
PRG,ORY
ZTH,ORY
RDZ,ORY
BFS,CDG
SKG,ORY
FAO,CDG
CTA,ORY
VCE,ORY
PSA,ORY
LPA,ORY
STR,CDG
GVA,ORY
VRN,ORY
SOF,CDG
NUE,CDG
LJU,ORY
PDL,CDG
FAE,CDG
FUE,CDG
QSR,ORY
AHO,ORY
GOA,ORY
JER,CDG
ARN,ORY
TLL,ORY
RMO,ORY
OSL,ORY
CPH,ORY
OVD,ORY
AMS,ORY
ACE,ORY
FUE,ORY
TGD,CDG
EDI,ORY
SUF,ORY
KGS,ORY
AOI,ORY
TIA,CDG
KGS,CDG
SKP,ORY
VAR,CDG
PRN,CDG
EFL,ORY
PVK,ORY
VOL,ORY
AMS,ZTH
AMS,JMK
AMS,IBZ
AMS,AGP
AMS,EFL
AMS,PVK
AMS,SMI
AMS,CFU
AMS,VRN
AMS,OHD
AMS,BCN
AMS,VLC
AMS,LPA
AMS,TFS
AMS,GRO
AMS,LIS
AMS,HER
AMS,FNC
AMS,KLX
AMS,ALC
AMS,VIE
AMS,OSL
AMS,ARN
AMS,PRG
AMS,HAM
AMS,DUS
AMS,GVA
AMS,FAO
AMS,WAW
AMS,ZRH
AMS,BER
AMS,DBV
AMS,FCO
AMS,GOT
AMS,CPH
AMS,MUC
AMS,TIA
AMS,EDI
AMS,PUY
AMS,ATH
AMS,DUB
AMS,LYS
AMS,GLA
AMS,MAN
AMS,STR
AMS,FRA
AMS,ABZ
AMS,BHX
AMS,NAP
AMS,BSL
AMS,SVG
AMS,BOD
AMS,BGO
AMS,BLL
AMS,LIN
AMS,NCL
AMS,NUE
AMS,BLQ
AMS,ZAG
AMS,KRK
AMS,BUD
AMS,VCE
AMS,GOA
AMS,OTP
AMS,LJU
AMS,MLA
AMS,HEL
AMS,ORK
AMS,WRO
AMS,POZ
AMS,PSA
AMS,PMI
AMS,AAL
AMS,KEF
AMS,SPU
AMS,CTA
AMS,BRS
AMS,MAH
AMS,BRE
AMS,NWI
AMS,BRU
AMS,OPO
AMS,RIX
AMS,CAG
AMS,TRD
AMS,BIQ
AMS,INV
AMS,TLS
AMS,NCE
AMS,BIO
AMS,SOU
AMS,MRS
AMS,FLR
AMS,AES
AMS,NTE
AMS,CHQ
AMS,BOJ
AMS,RHO
AMS,KRS
AMS,GDN
AMS,EXT
AMS,BHD
AMS,CWL
AMS,LUX
AMS,TLL
AMS,VNO
AMS,BFS
AMS,SKG
AMS,LBA
AMS,HAJ
AMS,HUY
AMS,SVQ
AMS,SKP
AMS,BRI
AMS,PLQ
AMS,LPL
AMS,BEG
AMS,TRN
AMS,MXP
AMS,MME
AMS,KGS
AMS,RMO
AMS,SOF
AMS,MJT
AMS,OLB
AMS,PMO
AMS,GRX
AMS,AOK
AMS,ACE
AMS,OVD
AMS,FUE
AMS,SCQ
AMS,INN
AMS,JTR
AMS,AEY
AMS,SZG
AMS,PDL
LHR,LDY
LHR,NCE
LCY,LIN
LHR,IOM
MAD,BIO
MAD,LCG
MAD,VGO
MAD,TFN
MAD,IBZ
MAD,PMI
MAD,LPA
MAD,BCN
MAD,OPO
MAD,VLC
MAD,VCE
MAD,ACE
MAD,FCO
MAD,ATH
MAD,LIS
MAD,ALC
MAD,MXP
MAD,ZRH
ORY,AGP
ORY,ACE
ORY,LIS
CDG,FAO
ORY,NAP
CDG,FCO
ORY,TFS
ORY,FUE
CDG,CTA
ORY,BDS
ORY,ZTH
ORY,ALC
ORY,FCO
ORY,VLC
ORY,MAH
ORY,OPO
ORY,BCN
CDG,FSC
CDG,BER
ORY,DUB
CDG,SPU
CDG,MUC
CDG,VCE
CDG,TLS
CDG,ZRH
ORY,TLS
ORY,FSC
CDG,NCE
CDG,KRK
ORY,NCE
ORY,ARN
CDG,OPO
CDG,WAW
CDG,VIE
CDG,BRI
CDG,LIS
ORY,SUF
CDG,KEF
ORY,LPA
ORY,IBZ
CDG,FLR
CDG,BCN
CDG,MRS
ORY,OVD
CDG,LIN
CDG,RHO
CDG,OLB
ORY,AJA
CDG,HEL
ORY,OLB
CDG,FRA
ORY,KGS
ORY,TIV
ORY,CTA
ORY,EDI
CDG,HAM
CDG,NCL
CDG,EDI
ORY,KRK
CDG,ARN
ORY,BER
CDG,GVA
CDG,LUX
ORY,PMO
ORY,PMI
CDG,BUD
CDG,LYS
ORY,MLA
ORY,FAO
CDG,OSL
CDG,CPH
CDG,BIQ
CDG,VLC
CDG,HAJ
CDG,GOT
CDG,BLQ
CDG,MXP
CDG,NTE
CDG,BEG
CDG,BHX
CDG,BES
CDG,DUB
CDG,MAN
CDG,IBZ
CDG,BOD
CDG,TRN
CDG,ATH
CDG,BRS
ORY,CHQ
ORY,KEF
CDG,SCQ
CDG,ACE
CDG,CFU
CDG,FNC
ORY,SOF
ORY,JMK
CDG,HER
ORY,JSI
ORY,TIA
ORY,DBV
ORY,BIA
ORY,BRI
ORY,FNC
CDG,MLA
ORY,REU
CDG,BLL
ORY,KLX
ORY,RHO
CDG,BSL
ORY,PGF
CDG,JTR
CDG,JMK
ORY,HER
CDG,PUF
CDG,BRU
CDG,DUS
CDG,DBV
CDG,OTP
CDG,BGO
CDG,BIO
CDG,AGP
ORY,MRS
CDG,NAP
CDG,CAG
ORY,BIO
CDG,LJU
ORY,BUD
ORY,SVQ
CDG,TFS
ORY,FLR
CDG,PRG
CDG,SVQ
CDG,SOF
CDG,TOS
ORY,BIQ
CDG,GLA
ORY,CFU
ORY,LIN
CDG,SNN
CDG,SKG
ORY,ATH
CDG,VRN
CDG,PMI
CDG,LPA
CDG,ZAG
CDG,ORK
CDG,AJA
ORY,JTR
CDG,PMO
CDG,MAH
ORY,CAG
ORY,SPU
ORY,TLN
ORY,TRN
ORY,WAW
ORY,SOU
ORY,PRG
ORY,SKG
ORY,PUF
ORY,MXP
CDG,LBA
CDG,SVG
CDG,RMO
CDG,LPL
ORY,PSA
ORY,VCE
CDG,RIX
ORY,EFL
CDG,STR
CDG,VNO
CDG,NUE
ORY,RDZ
CDG,TLL
CDG,BFS
CDG,FUE
ORY,LJU
ORY,QSR
ORY,GVA
ORY,AHO
ORY,TGD
ORY,GOA
CDG,VAR
ORY,VRN
CDG,FAE
CDG,PDL
CDG,JER
ORY,TLL
ORY,RMO
ORY,OSL
ORY,CPH
ORY,VIE
CDG,TGD
ORY,AOI
EMA,BHX
ORY,SKP
CDG,TIA
CDG,PRN
ORY,PVK
ORY,VOL
CDG,BIA
CDG,KGS
KEF,CPH
KSU,BGO
CPH,VNO
PMO,LIN
FCO,PMO
CPH,TRD
CPH,KRS
KEF,OSL
FCO,BIA
BOO,TRD
ATH,FCO
FLR,FCO
LED,SVO
BIA,FCO
BLQ,FCO
ARN,OSL
TOS,BGO
AHO,LIN
CPH,FAE
BGO,AES
SUF,FCO
TRS,FCO
TRN,FCO
VCE,FCO
BDS,FCO
CPH,TRF
NCE,FCO
NAP,FCO
BRI,FCO
ARN,TOS
GOA,FCO
BRI,LIN
PMI,BIO
DUS,LIN
SUJ,OTP
LYS,PMO
LYS,BES
CTA,FCO
OSL,AES
OSL,TOS
LYS,BOD
CPH,AAR
CPH,BGO
LYS,AGP
LYS,NTE
ARN,VBY
SOF,FCO
LIN,NAP
TRD,OSL
TKU,ARN
BCN,PMI
NAP,LIN
TRS,LIN
SOF,OTP
ARN,LLA
CPH,SVG
ARN,UME
BGO,BOO
AAL,CPH
KRS,BGO
CTA,LIN
PMO,FCO
BOO,OSL
AES,BGO
KTT,HEL
LIN,CTA
FCO,CTA
ARN,MMX
CPH,TLL
SVG,OSL
LIN,PMO
OSL,KRS
CPH,HEL
SVG,BGO
NCE,BIA
FCO,TIA
LIN,FCO
RMO,OTP
TRF,BGO
TLS,BIA
LYS,BEG
FCO,IBZ
FCO,BDS
AAR,CPH
NCE,AJA
MRS,FSC
CPH,CPH
FAE,CPH
AGP,LYS
GOT,BGO
KAO,HEL
BGO,OSL
NCE,FSC
LIN,SUF
FCO,NAP
FCO,FLR
UME,ARN
MMX,ARN
SVG,CPH
ABZ,BGO
VNO,CPH
TLL,ARN
HEL,CPH
AES,CPH
PMI,BCN
TOS,OSL
BIA,MRS
TOS,ARN
TRD,CPH
TOS,TRD
AJA,CRL
BIA,CRL
ARN,HEL
AHO,FCO
OSL,TRD
BGO,TRD
AJA,FCO
ZRH,FCO
ARN,CPH
KEF,FAE
OSL,BOO
BIA,TLS
TIA,FCO
LIN,BRI
TRD,ARN
VBY,ARN
LYS,AJA
VAA,HEL
KUO,HEL
RIX,VNO
OTP,TSR
TOS,BOO
FSC,MRS
BGO,SVG
IBZ,FCO
OTP,SKG
VOG,SVO
SVG,TRF
ARN,VAA
ARN,TKU
SUF,LIN
HEL,ARN
VAR,ORY
LYS,OPO
MRS,BIA
HER,LYS
CPH,TOS
TRD,AES
PMI,FCO
OSL,BGO
FCO,AJA
LIN,PMI
FCO,AHO
RIX,PLQ
BEG,SKG
CPH,AAL
RVN,HEL
FCO,NCE
FCO,TRN
CLJ,OTP
CRL,BIA
FCO,SUF
FCO,BLQ
FCO,VCE
BEG,SOF
BEG,TIA
BEG,SKP
ARN,TRD
TLS,AJA
CRL,AJA
NCE,NCE
RIX,HEL
LYS,CHQ
TSR,OTP
IAS,OTP
FCO,GOA
FCO,BRI
LLA,ARN
BEG,TIV
VAA,ARN
BEG,SJJ
BEG,TGD
AES,TRD
CPH,PLQ
TLL,HEL
ARN,TLL
OSL,SVG
OSL,HAU
OSL,KSU
BGO,TRF
BGO,KRS
SKG,OTP
KRS,OSL
ARN,SDL
ARN,OSD
BES,LYS
RIX,TLL
TMP,RIX
BGO,TOS
OUL,HEL
ARN,GOT
AMS,SPC
BGO,CPH
KRS,CPH
LIN,BDS
TLL,CPH
TRF,CPH
LYS,PMI
TRD,TOS
LIN,BRU
RHO,FCO
TRD,BGO
ARN,VNO
TRD,BOO
BGO,HAU
AJA,NCE
SOF,BEG
TIA,BEG
SKG,BEG
SJJ,BEG
SKP,BEG
FSC,NCE
OPO,LYS
TGD,BEG
TIV,BEG
FCO,FRA
BOD,LYS
VAR,SOF
HAU,OSL
KSU,OSL
PLQ,CPH
AJA,LYS
PMI,LIN
TOS,CPH
OSD,ARN
SDL,ARN
HAU,BGO
AJA,MRS
OSL,AAL
OTP,RMO
OTP,OMR
BIA,NCE
LYS,TIA
TRF,SVG
FCO,LIN
VNO,ARN
FCO,MLA
OTP,SOF
OSL,AAR
BGO,KSU
PMI,LYS
OTP,IAS
LYS,TLS
LYS,NCE
FCO,TRS
OTP,CLJ
BDS,LIN
AES,OSL
LIN,AHO
MRS,AJA
LYS,BIA
LIN,MAH
LYS,FAO
BGO,ABZ
HEL,TLL
FRA,FCO
CDG,AHO
NTE,LYS
NCE,LYS
ARN,BGO
TLS,LYS
HEL,OUL
MLA,FCO
HEL,RIX
TIA,LYS
BIA,LYS
SOF,BOJ
MAH,LIN
FAE,BLL
MLA,LYS
LYS,BIQ
HEL,RVN
OTP,SCV
AHO,CDG
BOJ,SOF
FAO,LYS
FCO,ATH
AMS,CGN
RIX,TMP
FAE,EDI
SOF,VAR
HEL,KUO
HEL,TAY
HEL,VAA
LYS,MLA
SPC,AMS
BEG,VAR
BEG,OHD
TAY,HEL
VAR,BEG
OHD,BEG
SCV,OTP
BIQ,LYS
PLQ,RIX
LYS,ATH
HEL,KTT
LYS,RHO
SVO,VOG
FSC,TLS
OSL,ARN
TLL,RIX
VNO,RIX
LYS,FNC
BOO,BGO
FCO,BRU
TLS,FSC
BIQ,FSC
FCO,LGW
RHO,LYS
CPH,ARN
HAM,LIN
GOT,ARN
FSC,LYS
BRU,FCO
AJA,BOD
AJA,PUF
FNC,LYS
LGW,FCO
BOD,FSC
LYS,FSC
BOD,AJA
AJA,TLS
BRU,LIN
CPH,KEF
FSC,BOD
FCO,EFL
OSL,KEF
FCO,GVA
MAD,FRA
GVA,FCO
EFL,FCO
FSC,BIQ
MAD,BRU
FCO,BCN
LYS,HER
BLL,FAE
OTP,BUD
EDI,FAE
LIN,IBZ
CHQ,LYS
FCO,RHO
BER,BER
CDG,ORY
BUD,OTP
BRU,MAD
FRA,MAD
IBZ,LIN
AER,OVB
RHO,LIN
BGO,GOT
LIN,HAM
NCE,OTP
BEG,LYS
BCN,FCO
BGO,ARN
CPH,AES
ORY,VAR
FCO,ZRH
HAM,HAM
OMR,OTP
ACE,NTE
SVO,LED
OTP,BEG
HER,LIN
FCO,PMI
BEG,OTP
LYS,JTR
FCO,CFU
FAE,BGO
OTP,ATH
SVO,KUF
FCO,MUC
CFU,FCO
ATH,OTP
JTR,LYS
LIG,LYS
KUF,SVO
MUC,FCO
LYS,LIG
HER,FCO
LIN,HER
LYS,MRS
OTP,NCE
LIN,DUS
OSL,FAE
