continent,airport,totalFlights,totalPages,page_per_day,page_per_day_cum_sum
Americas,ATL,794471.0,8167.0,54.446666666666665,54.446666666666665
Americas,DTW,331318.0,3453.0,23.02,77.46666666666667
Americas,MSP,313402.0,3254.0,21.69333333333333,99.16
Americas,JFK,253136.0,2649.0,17.66,116.82
Europe,CDG,246545.0,2777.0,18.513333333333332,135.33333333333331
Europe,AMS,240005.0,2699.0,17.993333333333332,153.32666666666665
Americas,SLC,167620.0,1743.0,11.62,164.94666666666666
Americas,SEA,136394.0,1417.0,9.446666666666667,174.39333333333332
Americas,LAX,126902.0,1332.0,8.88,183.2733333333333
Europe,ORY,120805.0,1385.0,9.233333333333333,192.50666666666663
Americas,BOS,120686.0,1274.0,8.493333333333334,200.99999999999997
Americas,LAS,56751.0,588.0,3.92,204.91999999999996
Americas,SFO,56712.0,595.0,3.966666666666667,208.88666666666663
Americas,ORD,51296.0,534.0,3.56,212.44666666666663
Americas,MEX,50914.0,554.0,3.6933333333333334,216.13999999999996
Americas,MCO,50254.0,522.0,3.48,219.61999999999995
Americas,PHX,39276.0,408.0,2.72,222.33999999999995
Americas,LGA,38395.0,399.0,2.66,224.99999999999994
Americas,CVG,37638.0,396.0,2.64,227.63999999999993
Americas,SAN,35821.0,375.0,2.5,230.13999999999993
Americas,DEN,33620.0,347.0,2.3133333333333335,232.45333333333326
Americas,RDU,33281.0,351.0,2.34,234.79333333333327
Americas,DCA,33017.0,339.0,2.26,237.05333333333326
Europe,FCO,31964.0,371.0,2.473333333333333,239.52666666666659
Americas,YYZ,29994.0,326.0,2.1733333333333333,241.69999999999993
Americas,PDX,28985.0,303.0,2.02,243.71999999999994
Americas,BNA,28702.0,298.0,1.9866666666666666,245.70666666666662
Europe,LHR,28358.0,323.0,2.1533333333333333,247.85999999999996
Asia,PVG,28178.0,334.0,2.2266666666666666,250.08666666666662
Americas,AUS,28130.0,299.0,1.9933333333333334,252.07999999999996
Americas,CLE,27844.0,287.0,1.9133333333333333,253.99333333333328
Americas,CLT,27647.0,290.0,1.9333333333333333,255.92666666666662
Americas,MCI,25710.0,265.0,1.7666666666666666,257.69333333333327
Americas,TPA,25623.0,270.0,1.8,259.4933333333333
Americas,FLL,24946.0,258.0,1.72,261.2133333333333
Americas,DFW,24565.0,257.0,1.7133333333333334,262.9266666666666
Americas,PHL,24328.0,254.0,1.6933333333333334,264.61999999999995
Asia,AUH,23820.0,275.0,1.8333333333333333,266.45333333333326
Americas,EWR,23537.0,253.0,1.6866666666666668,268.13999999999993
Americas,IND,23472.0,248.0,1.6533333333333333,269.79333333333324
Americas,IAD,22698.0,243.0,1.62,271.41333333333324
Americas,MIA,21495.0,231.0,1.54,272.95333333333326
Americas,MKE,21161.0,221.0,1.4733333333333334,274.4266666666666
Americas,PIT,20900.0,217.0,1.4466666666666668,275.8733333333333
Americas,CMH,20020.0,210.0,1.4,277.27333333333326
Americas,RIC,19764.0,207.0,1.38,278.65333333333325
Americas,IAH,19708.0,209.0,1.3933333333333333,280.04666666666657
Europe,CPH,19590.0,225.0,1.5,281.54666666666657
Europe,MAD,19566.0,228.0,1.52,283.06666666666655
Americas,STL,18785.0,194.0,1.2933333333333332,284.3599999999999
Asia,SIN,18607.0,213.0,1.42,285.7799999999999
Europe,ARN,17911.0,200.0,1.3333333333333333,287.11333333333323
Americas,PTY,17490.0,210.0,1.4,288.5133333333332
Asia,HAN,17190.0,188.0,1.2533333333333334,289.76666666666654
Asia,SGN,17182.0,192.0,1.28,291.0466666666665
Americas,MEM,17060.0,179.0,1.1933333333333334,292.23999999999984
Americas,JAX,16993.0,175.0,1.1666666666666667,293.4066666666665
Americas,SNA,16923.0,178.0,1.1866666666666668,294.5933333333332
Europe,OSL,16627.0,180.0,1.2,295.7933333333332
Europe,LIN,16527.0,192.0,1.28,297.07333333333315
Americas,GRU,15921.0,185.0,1.2333333333333334,298.3066666666665
Americas,BUF,15859.0,165.0,1.1,299.4066666666665
Americas,BWI,15806.0,166.0,1.1066666666666667,300.5133333333332
Europe,NCE,15593.0,171.0,1.14,301.6533333333332
Americas,MSN,15368.0,158.0,1.0533333333333332,302.70666666666654
Africa,NBO,15249.0,184.0,1.2266666666666666,303.9333333333332
Americas,SAT,15114.0,160.0,1.0666666666666667,304.9999999999999
Americas,ORF,14982.0,156.0,1.04,306.0399999999999
Asia,RUH,14941.0,185.0,1.2333333333333334,307.27333333333326
Americas,CHS,14934.0,155.0,1.0333333333333334,308.3066666666666
Americas,BDL,14897.0,155.0,1.0333333333333334,309.34
Americas,YVR,14743.0,163.0,1.0866666666666667,310.4266666666666
Americas,SJC,14604.0,156.0,1.04,311.46666666666664
Europe,BCN,14324.0,156.0,1.04,312.50666666666666
Africa,ALG,13871.0,145.0,0.9666666666666667,313.4733333333333
Americas,SAV,13483.0,143.0,0.9533333333333334,314.4266666666666
Asia,KUL,13476.0,157.0,1.0466666666666666,315.4733333333333
Americas,GRR,13312.0,138.0,0.92,316.3933333333333
Americas,SMF,13290.0,143.0,0.9533333333333334,317.34666666666664
Americas,PBI,13036.0,140.0,0.9333333333333333,318.28
Americas,TYS,12759.0,130.0,0.8666666666666667,319.14666666666665
Americas,MSY,12494.0,133.0,0.8866666666666667,320.0333333333333
Americas,GEG,12397.0,131.0,0.8733333333333333,320.90666666666664
Asia,HND,12161.0,138.0,0.92,321.82666666666665
Asia,JED,11995.0,150.0,1.0,322.82666666666665
Americas,BOI,11827.0,123.0,0.82,323.64666666666665
Americas,ONT,11625.0,121.0,0.8066666666666666,324.4533333333333
Americas,RSW,11428.0,119.0,0.7933333333333333,325.24666666666667
Europe,LYS,11278.0,150.0,1.0,326.24666666666667
Asia,XMN,11202.0,141.0,0.94,327.18666666666667
Asia,PKX,10855.0,137.0,0.9133333333333333,328.1
Americas,YYC,10767.0,124.0,0.8266666666666667,328.9266666666667
Americas,BHM,10712.0,112.0,0.7466666666666667,329.67333333333335
Americas,SDF,10682.0,112.0,0.7466666666666667,330.42
Asia,IST,10537.0,117.0,0.78,331.2
Americas,OMA,10380.0,108.0,0.72,331.92
Asia,CGK,10297.0,119.0,0.7933333333333333,332.71333333333337
Europe,BGO,10263.0,120.0,0.8,333.5133333333334
Americas,AEP,10031.0,117.0,0.78,334.29333333333335
Americas,YUL,10012.0,113.0,0.7533333333333333,335.0466666666667
Europe,LIS,9853.0,105.0,0.7,335.74666666666667
Africa,TUN,9755.0,104.0,0.6933333333333334,336.44
Asia,XIY,9742.0,120.0,0.8,337.24
Asia,ICN,9562.0,118.0,0.7866666666666666,338.0266666666667
Americas,GSP,9469.0,98.0,0.6533333333333333,338.68
Oceania,SYD,9295.0,115.0,0.7666666666666667,339.44666666666666
Africa,CMN,9291.0,98.0,0.6533333333333333,340.09999999999997
Americas,GIG,8987.0,110.0,0.7333333333333333,340.8333333333333
Asia,DEL,8802.0,104.0,0.6933333333333334,341.52666666666664
Americas,HSV,8767.0,91.0,0.6066666666666667,342.1333333333333
Asia,SHA,8527.0,105.0,0.7,342.8333333333333
Asia,BKK,8474.0,105.0,0.7,343.5333333333333
Europe,DUB,8356.0,90.0,0.6,344.1333333333333
Europe,HEL,8353.0,99.0,0.66,344.79333333333335
Europe,TLS,8108.0,88.0,0.5866666666666667,345.38
Americas,GSO,8048.0,84.0,0.56,345.94
Europe,OTP,7912.0,96.0,0.64,346.58
Americas,ROC,7851.0,84.0,0.56,347.14
Americas,PNS,7814.0,80.0,0.5333333333333333,347.67333333333335
Europe,FRA,7705.0,85.0,0.5666666666666667,348.24
Africa,RAK,7688.0,85.0,0.5666666666666667,348.8066666666667
Americas,SYR,7617.0,81.0,0.54,349.3466666666667
Europe,MRS,7601.0,81.0,0.54,349.8866666666667
Europe,ATH,7598.0,87.0,0.58,350.4666666666667
Americas,PWM,7399.0,78.0,0.52,350.9866666666667
Americas,CUN,7326.0,81.0,0.54,351.5266666666667
Asia,CAN,7322.0,89.0,0.5933333333333334,352.12
Americas,TLH,7282.0,74.0,0.49333333333333335,352.61333333333334
Europe,PMI,7098.0,82.0,0.5466666666666666,353.16
Europe,MUC,7044.0,77.0,0.5133333333333333,353.67333333333335
Americas,DSM,6962.0,73.0,0.4866666666666667,354.16
Americas,CAE,6954.0,72.0,0.48,354.64000000000004
Americas,JAN,6938.0,70.0,0.4666666666666667,355.1066666666667
Europe,TRD,6832.0,78.0,0.52,355.62666666666667
Asia,BLR,6822.0,84.0,0.56,356.18666666666667
Asia,DXB,6795.0,75.0,0.5,356.68666666666667
Asia,DPS,6697.0,79.0,0.5266666666666666,357.2133333333333
Europe,MAN,6672.0,75.0,0.5,357.7133333333333
Americas,MYR,6657.0,70.0,0.4666666666666667,358.17999999999995
Americas,SRQ,6427.0,69.0,0.46,358.63999999999993
Americas,ANC,6355.0,69.0,0.46,359.0999999999999
Europe,BER,6272.0,66.0,0.44,359.5399999999999
Americas,MTY,6109.0,65.0,0.43333333333333335,359.97333333333324
Europe,AGP,6085.0,66.0,0.44,360.41333333333324
Europe,OPO,6022.0,66.0,0.44,360.85333333333324
Europe,BEG,5785.0,70.0,0.4666666666666667,361.3199999999999
Asia,KMG,5757.0,70.0,0.4666666666666667,361.7866666666665
Europe,VCE,5710.0,65.0,0.43333333333333335,362.21999999999986
Americas,TUL,5676.0,58.0,0.38666666666666666,362.6066666666665
Asia,TLV,5645.0,61.0,0.4066666666666667,363.0133333333332
Europe,ZRH,5631.0,58.0,0.38666666666666666,363.39999999999986
Americas,TUS,5603.0,62.0,0.41333333333333333,363.8133333333332
Asia,FOC,5589.0,71.0,0.47333333333333333,364.2866666666666
Americas,YEG,5565.0,68.0,0.4533333333333333,364.7399999999999
Asia,BOM,5547.0,69.0,0.46,365.1999999999999
Europe,MXP,5498.0,63.0,0.42,365.6199999999999
Asia,DAD,5482.0,58.0,0.38666666666666666,366.00666666666655
Europe,NAP,5473.0,61.0,0.4066666666666667,366.41333333333324
Europe,FLR,5383.0,59.0,0.3933333333333333,366.80666666666656
Americas,HOU,5336.0,56.0,0.37333333333333335,367.1799999999999
Europe,VIE,5322.0,56.0,0.37333333333333335,367.5533333333332
Americas,DAL,5282.0,54.0,0.36,367.91333333333324
Americas,SJO,5222.0,58.0,0.38666666666666666,368.2999999999999
Europe,CTA,5217.0,59.0,0.3933333333333333,368.6933333333332
Africa,DJE,5206.0,56.0,0.37333333333333335,369.06666666666655
Europe,EDI,5189.0,60.0,0.4,369.4666666666665
Asia,HGH,5121.0,61.0,0.4066666666666667,369.8733333333332
Americas,MDW,5016.0,54.0,0.36,370.23333333333323
Americas,ILM,5010.0,52.0,0.3466666666666667,370.5799999999999
Asia,TPE,4942.0,65.0,0.43333333333333335,371.01333333333326
Asia,SAW,4894.0,54.0,0.36,371.3733333333333
Americas,ECP,4866.0,52.0,0.3466666666666667,371.71999999999997
Americas,LIT,4836.0,50.0,0.3333333333333333,372.0533333333333
Asia,NKG,4834.0,64.0,0.4266666666666667,372.47999999999996
Europe,WAW,4734.0,50.0,0.3333333333333333,372.8133333333333
Europe,PMO,4693.0,51.0,0.34,373.15333333333325
Europe,AJA,4676.0,55.0,0.36666666666666664,373.5199999999999
Europe,SVG,4661.0,52.0,0.3466666666666667,373.8666666666666
Europe,GVA,4637.0,50.0,0.3333333333333333,374.19999999999993
Europe,PRG,4630.0,50.0,0.3333333333333333,374.53333333333325
Americas,OKC,4616.0,49.0,0.32666666666666666,374.8599999999999
Americas,GPT,4558.0,46.0,0.30666666666666664,375.1666666666666
Africa,CAI,4483.0,52.0,0.3466666666666667,375.51333333333326
Americas,DAY,4398.0,46.0,0.30666666666666664,375.81999999999994
Asia,PEK,4330.0,49.0,0.32666666666666666,376.1466666666666
Americas,ALB,4315.0,47.0,0.31333333333333335,376.4599999999999
Oceania,MEL,4296.0,51.0,0.34,376.7999999999999
Europe,BIA,4292.0,50.0,0.3333333333333333,377.1333333333332
Africa,RBA,4250.0,48.0,0.32,377.4533333333332
Americas,GRB,4116.0,45.0,0.3,377.7533333333332
Americas,ATW,4112.0,45.0,0.3,378.0533333333332
Europe,VLC,4070.0,46.0,0.30666666666666664,378.3599999999999
Africa,ORN,4056.0,47.0,0.31333333333333335,378.67333333333323
Europe,BSL,4008.0,44.0,0.29333333333333333,378.9666666666666
Asia,DMM,3999.0,46.0,0.30666666666666664,379.27333333333326
Europe,KEF,3988.0,48.0,0.32,379.59333333333325
Europe,RIX,3934.0,45.0,0.3,379.89333333333326
Americas,ABQ,3922.0,42.0,0.28,380.17333333333323
Americas,GDL,3899.0,42.0,0.28,380.4533333333332
Europe,IBZ,3865.0,46.0,0.30666666666666664,380.7599999999999
Asia,HRB,3718.0,46.0,0.30666666666666664,381.06666666666655
Europe,BOD,3706.0,45.0,0.3,381.36666666666656
Africa,MBA,3705.0,41.0,0.2733333333333333,381.6399999999999
Europe,LGW,3688.0,45.0,0.3,381.9399999999999
Europe,BOO,3648.0,40.0,0.26666666666666666,382.20666666666654
Americas,EYW,3638.0,38.0,0.25333333333333335,382.45999999999987
Asia,DOH,3635.0,38.0,0.25333333333333335,382.7133333333332
Europe,LCY,3589.0,39.0,0.26,382.9733333333332
Asia,HKG,3560.0,46.0,0.30666666666666664,383.27999999999986
Americas,SSA,3471.0,44.0,0.29333333333333333,383.5733333333332
Europe,TLL,3403.0,44.0,0.29333333333333333,383.86666666666656
Europe,BIO,3400.0,39.0,0.26,384.12666666666655
Asia,TAO,3399.0,45.0,0.3,384.42666666666656
Americas,MLB,3388.0,36.0,0.24,384.6666666666666
Asia,WUH,3370.0,44.0,0.29333333333333333,384.9599999999999
Americas,PVD,3321.0,36.0,0.24,385.19999999999993
Americas,YWG,3311.0,39.0,0.26,385.4599999999999
Europe,BHX,3299.0,34.0,0.22666666666666666,385.6866666666666
Europe,BRI,3295.0,35.0,0.23333333333333334,385.91999999999996
Europe,ALC,3220.0,36.0,0.24,386.15999999999997
Asia,TYN,3196.0,42.0,0.28,386.43999999999994
Europe,HER,3152.0,39.0,0.26,386.69999999999993
Europe,HAM,3149.0,35.0,0.23333333333333334,386.9333333333333
Americas,FDF,3111.0,40.0,0.26666666666666666,387.19999999999993
Europe,DUS,3105.0,34.0,0.22666666666666666,387.4266666666666
Americas,PTP,3082.0,36.0,0.24,387.66666666666663
Americas,SJU,3073.0,36.0,0.24,387.90666666666664
Europe,TOS,3061.0,36.0,0.24,388.14666666666665
Europe,BLQ,3029.0,34.0,0.22666666666666666,388.37333333333333
Africa,AGA,3019.0,33.0,0.22,388.59333333333336
Americas,EZE,3005.0,43.0,0.2866666666666667,388.88000000000005
Europe,AAL,2992.0,32.0,0.21333333333333335,389.09333333333336
Europe,BUD,2957.0,32.0,0.21333333333333335,389.3066666666667
Europe,GOT,2949.0,33.0,0.22,389.5266666666667
Americas,TIJ,2921.0,30.0,0.2,389.7266666666667
Europe,NTE,2898.0,34.0,0.22666666666666666,389.9533333333334
Europe,BRU,2883.0,38.0,0.25333333333333335,390.2066666666667
Asia,CKG,2811.0,34.0,0.22666666666666666,390.4333333333334
Asia,SZX,2794.0,37.0,0.24666666666666667,390.68000000000006
Asia,FUK,2779.0,30.0,0.2,390.88000000000005
Europe,FSC,2751.0,39.0,0.26,391.14000000000004
Asia,BAH,2750.0,32.0,0.21333333333333335,391.35333333333335
Europe,BRS,2733.0,28.0,0.18666666666666668,391.54
Europe,BIQ,2723.0,34.0,0.22666666666666666,391.7666666666667
Asia,KWI,2721.0,35.0,0.23333333333333334,392.00000000000006
Asia,MAA,2708.0,32.0,0.21333333333333335,392.21333333333337
Europe,KRS,2585.0,30.0,0.2,392.41333333333336
Africa,MIR,2583.0,30.0,0.2,392.61333333333334
Asia,BEY,2576.0,31.0,0.20666666666666667,392.82
Asia,HYD,2575.0,30.0,0.2,393.02
Americas,HNL,2526.0,31.0,0.20666666666666667,393.22666666666663
Asia,MCT,2526.0,28.0,0.18666666666666668,393.4133333333333
Europe,KRK,2499.0,28.0,0.18666666666666668,393.59999999999997
Europe,BLL,2489.0,28.0,0.18666666666666668,393.78666666666663
Europe,AES,2469.0,31.0,0.20666666666666667,393.9933333333333
Asia,AYT,2456.0,28.0,0.18666666666666668,394.17999999999995
Europe,SOF,2453.0,31.0,0.20666666666666667,394.3866666666666
Europe,NCL,2449.0,28.0,0.18666666666666668,394.57333333333327
Asia,HKT,2443.0,29.0,0.19333333333333333,394.7666666666666
Europe,VNO,2414.0,30.0,0.2,394.9666666666666
Europe,TRN,2410.0,29.0,0.19333333333333333,395.1599999999999
Europe,FAO,2343.0,27.0,0.18,395.3399999999999
Asia,CSX,2290.0,28.0,0.18666666666666668,395.5266666666666
Europe,LTN,2267.0,24.0,0.16,395.6866666666666
Africa,OUD,2256.0,26.0,0.17333333333333334,395.85999999999996
Americas,SXM,2239.0,32.0,0.21333333333333335,396.07333333333327
Americas,NAS,2234.0,25.0,0.16666666666666666,396.23999999999995
Asia,CTS,2218.0,25.0,0.16666666666666666,396.40666666666664
Americas,RNO,2196.0,25.0,0.16666666666666666,396.5733333333333
Africa,TNG,2190.0,26.0,0.17333333333333334,396.74666666666667
Africa,DAR,2186.0,24.0,0.16,396.9066666666667
Asia,OKA,2182.0,28.0,0.18666666666666668,397.09333333333336
Americas,CUU,2171.0,23.0,0.15333333333333332,397.24666666666667
Americas,DLH,2150.0,23.0,0.15333333333333332,397.4
Europe,GLA,2142.0,25.0,0.16666666666666666,397.56666666666666
Americas,MDT,2140.0,23.0,0.15333333333333332,397.71999999999997
Americas,FLN,2139.0,23.0,0.15333333333333332,397.8733333333333
Asia,TFU,2137.0,28.0,0.18666666666666668,398.05999999999995
Europe,MLA,2131.0,26.0,0.17333333333333334,398.2333333333333
Americas,VER,2099.0,22.0,0.14666666666666667,398.37999999999994
Americas,BJX,2082.0,23.0,0.15333333333333332,398.53333333333325
Europe,SPU,2063.0,22.0,0.14666666666666667,398.6799999999999
Asia,PUS,2058.0,24.0,0.16,398.8399999999999
Asia,DLC,2056.0,25.0,0.16666666666666666,399.0066666666666
Americas,YLW,2051.0,25.0,0.16666666666666666,399.1733333333333
Europe,STR,2039.0,22.0,0.14666666666666667,399.31999999999994
Americas,GUA,2016.0,24.0,0.16,399.47999999999996
Americas,OAX,2006.0,21.0,0.14,399.61999999999995
Europe,LPA,1980.0,24.0,0.16,399.78
Asia,USM,1977.0,24.0,0.16,399.94
Asia,PNH,1965.0,27.0,0.18,400.12
Americas,MBJ,1955.0,25.0,0.16666666666666666,400.2866666666667
Europe,HAJ,1919.0,22.0,0.14666666666666667,400.43333333333334
Americas,YOW,1890.0,26.0,0.17333333333333334,400.6066666666667
Asia,SHE,1878.0,23.0,0.15333333333333332,400.76
Europe,NUE,1872.0,20.0,0.13333333333333333,400.8933333333333
Asia,CCU,1855.0,24.0,0.16,401.05333333333334
Europe,SVQ,1834.0,22.0,0.14666666666666667,401.2
Africa,EBB,1833.0,20.0,0.13333333333333333,401.3333333333333
Europe,GOA,1831.0,20.0,0.13333333333333333,401.46666666666664
Africa,BJA,1805.0,23.0,0.15333333333333332,401.61999999999995
Europe,BDS,1799.0,23.0,0.15333333333333332,401.77333333333326
Americas,RST,1798.0,19.0,0.12666666666666668,401.8999999999999
Americas,PUJ,1794.0,24.0,0.16,402.05999999999995
Americas,BOG,1788.0,22.0,0.14666666666666667,402.2066666666666
Europe,ABZ,1780.0,20.0,0.13333333333333333,402.3399999999999
Asia,SYX,1779.0,24.0,0.16,402.49999999999994
Americas,SCL,1778.0,22.0,0.14666666666666667,402.6466666666666
Africa,KGL,1772.0,23.0,0.15333333333333332,402.7999999999999
Asia,NRT,1769.0,22.0,0.14666666666666667,402.94666666666654
Europe,LUX,1762.0,20.0,0.13333333333333333,403.07999999999987
Europe,AHO,1746.0,22.0,0.14666666666666667,403.2266666666665
Asia,KMQ,1720.0,20.0,0.13333333333333333,403.35999999999984
Asia,KIX,1718.0,26.0,0.17333333333333334,403.5333333333332
Americas,FOR,1686.0,20.0,0.13333333333333333,403.6666666666665
Americas,YYJ,1684.0,20.0,0.13333333333333333,403.79999999999984
Europe,ZAG,1683.0,18.0,0.12,403.91999999999985
Europe,VBY,1673.0,18.0,0.12,404.03999999999985
Americas,BSB,1655.0,20.0,0.13333333333333333,404.1733333333332
Asia,LCA,1644.0,22.0,0.14666666666666667,404.3199999999998
Europe,BES,1643.0,18.0,0.12,404.4399999999998
Europe,PUF,1642.0,19.0,0.12666666666666668,404.5666666666665
Europe,LLA,1636.0,17.0,0.11333333333333333,404.67999999999984
Africa,BZV,1627.0,21.0,0.14,404.8199999999998
Americas,SDQ,1584.0,19.0,0.12666666666666668,404.9466666666665
Americas,LAN,1563.0,16.0,0.10666666666666667,405.05333333333317
Asia,KWE,1559.0,20.0,0.13333333333333333,405.1866666666665
Oceania,PER,1556.0,22.0,0.14666666666666667,405.33333333333314
Americas,LIM,1551.0,18.0,0.12,405.45333333333315
Europe,SUF,1550.0,20.0,0.13333333333333333,405.5866666666665
Europe,TIA,1549.0,24.0,0.16,405.7466666666665
Europe,FAE,1531.0,21.0,0.14,405.8866666666665
Americas,MID,1530.0,16.0,0.10666666666666667,405.99333333333317
Americas,MDZ,1516.0,18.0,0.12,406.1133333333332
Americas,FAT,1499.0,16.0,0.10666666666666667,406.21999999999986
Asia,CTU,1466.0,20.0,0.13333333333333333,406.3533333333332
Americas,PSP,1465.0,17.0,0.11333333333333333,406.4666666666665
Africa,ZNZ,1455.0,17.0,0.11333333333333333,406.57999999999987
Africa,DSS,1451.0,17.0,0.11333333333333333,406.6933333333332
Europe,OLB,1446.0,18.0,0.12,406.8133333333332
Americas,PVR,1439.0,17.0,0.11333333333333333,406.92666666666656
Asia,MNL,1436.0,20.0,0.13333333333333333,407.0599999999999
Asia,NGO,1428.0,21.0,0.14,407.1999999999999
Asia,MED,1426.0,19.0,0.12666666666666668,407.32666666666654
Asia,SUB,1423.0,16.0,0.10666666666666667,407.4333333333332
Europe,MMX,1410.0,16.0,0.10666666666666667,407.5399999999999
Africa,ABJ,1410.0,18.0,0.12,407.6599999999999
Americas,OAK,1405.0,16.0,0.10666666666666667,407.7666666666666
Americas,UIO,1403.0,18.0,0.12,407.8866666666666
Asia,AMD,1395.0,17.0,0.11333333333333333,407.99999999999994
Asia,TSN,1389.0,18.0,0.12,408.11999999999995
Europe,RHO,1377.0,21.0,0.14,408.25999999999993
Asia,INC,1373.0,19.0,0.12666666666666668,408.3866666666666
Africa,FIH,1367.0,18.0,0.12,408.5066666666666
Asia,CMB,1366.0,17.0,0.11333333333333333,408.61999999999995
Americas,SLP,1366.0,16.0,0.10666666666666667,408.72666666666663
Asia,AHB,1350.0,16.0,0.10666666666666667,408.8333333333333
Americas,GYE,1339.0,17.0,0.11333333333333333,408.94666666666666
Europe,SKG,1335.0,18.0,0.12,409.06666666666666
Americas,VSA,1322.0,15.0,0.1,409.1666666666667
Europe,UME,1321.0,14.0,0.09333333333333334,409.26
Europe,DBV,1312.0,16.0,0.10666666666666667,409.3666666666667
Americas,SJD,1308.0,14.0,0.09333333333333334,409.46
Oceania,PPT,1263.0,14.0,0.09333333333333334,409.5533333333333
Americas,REC,1243.0,14.0,0.09333333333333334,409.6466666666666
Asia,KHN,1241.0,17.0,0.11333333333333333,409.75999999999993
Asia,HUI,1240.0,15.0,0.1,409.85999999999996
Americas,CNF,1236.0,15.0,0.1,409.96
Asia,NNG,1229.0,16.0,0.10666666666666667,410.06666666666666
Americas,AGU,1228.0,13.0,0.08666666666666667,410.1533333333333
Europe,VGO,1217.0,14.0,0.09333333333333334,410.2466666666666
Europe,NWI,1213.0,14.0,0.09333333333333334,410.3399999999999
Americas,BON,1205.0,15.0,0.1,410.43999999999994
Americas,HMO,1204.0,13.0,0.08666666666666667,410.5266666666666
Europe,TRF,1188.0,15.0,0.1,410.6266666666666
Africa,MRU,1185.0,14.0,0.09333333333333334,410.7199999999999
Europe,GDN,1184.0,12.0,0.08,410.7999999999999
Americas,TGZ,1180.0,12.0,0.08,410.8799999999999
Europe,TFS,1180.0,14.0,0.09333333333333334,410.9733333333332
Europe,BRE,1178.0,12.0,0.08,411.05333333333317
Americas,MCZ,1174.0,14.0,0.09333333333333334,411.1466666666665
Asia,CGQ,1171.0,16.0,0.10666666666666667,411.25333333333316
Europe,KSU,1169.0,14.0,0.09333333333333334,411.34666666666647
Europe,TGD,1156.0,14.0,0.09333333333333334,411.43999999999977
Asia,PEN,1151.0,13.0,0.08666666666666667,411.5266666666664
Europe,LBA,1139.0,14.0,0.09333333333333334,411.6199999999997
Americas,QRO,1139.0,13.0,0.08666666666666667,411.70666666666637
Asia,AMM,1127.0,15.0,0.1,411.8066666666664
Asia,KOJ,1126.0,13.0,0.08666666666666667,411.89333333333303
Americas,YHZ,1123.0,15.0,0.1,411.99333333333306
Asia,HIJ,1121.0,14.0,0.09333333333333334,412.08666666666636
Europe,LCG,1087.0,12.0,0.08,412.16666666666634
Americas,TRC,1085.0,12.0,0.08,412.24666666666633
Europe,AAR,1083.0,12.0,0.08,412.3266666666663
Americas,ASU,1082.0,14.0,0.09333333333333334,412.4199999999996
Asia,ADB,1082.0,15.0,0.1,412.51999999999964
Europe,FNC,1071.0,15.0,0.1,412.61999999999966
Europe,SOU,1068.0,12.0,0.08,412.69999999999965
Americas,SAL,1067.0,14.0,0.09333333333333334,412.79333333333295
Americas,CWB,1051.0,12.0,0.08,412.87333333333294
Europe,ZTH,1049.0,12.0,0.08,412.9533333333329
Asia,CXR,1042.0,14.0,0.09333333333333334,413.0466666666662
Europe,PLQ,1039.0,15.0,0.1,413.14666666666625
Americas,CTG,1034.0,14.0,0.09333333333333334,413.23999999999955
Europe,ORK,1030.0,12.0,0.08,413.31999999999954
Europe,RMO,1010.0,14.0,0.09333333333333334,413.41333333333284
Europe,VAR,1009.0,14.0,0.09333333333333334,413.50666666666615
Europe,CFU,1003.0,14.0,0.09333333333333334,413.59999999999945
Americas,VIX,1002.0,12.0,0.08,413.67999999999944
Oceania,CBR,1000.0,11.0,0.07333333333333333,413.75333333333276
Americas,YQR,996.0,13.0,0.08666666666666667,413.8399999999994
Asia,YNT,994.0,11.0,0.07333333333333333,413.91333333333273
Europe,HAU,990.0,12.0,0.08,413.9933333333327
Americas,POA,982.0,12.0,0.08,414.0733333333327
Africa,TLM,980.0,13.0,0.08666666666666667,414.15999999999934
Africa,JRO,979.0,14.0,0.09333333333333334,414.25333333333265
Americas,IGU,975.0,11.0,0.07333333333333333,414.326666666666
Americas,NAT,972.0,12.0,0.08,414.40666666666596
Americas,MDE,964.0,11.0,0.07333333333333333,414.4799999999993
Asia,HAK,959.0,12.0,0.08,414.55999999999926
Americas,TAM,959.0,10.0,0.06666666666666667,414.6266666666659
Europe,TFN,956.0,11.0,0.07333333333333333,414.69999999999925
Europe,LJU,955.0,12.0,0.08,414.77999999999923
Americas,GYN,953.0,12.0,0.08,414.8599999999992
Europe,CWL,947.0,10.0,0.06666666666666667,414.9266666666659
Europe,MAH,947.0,14.0,0.09333333333333334,415.0199999999992
Americas,CAY,946.0,14.0,0.09333333333333334,415.1133333333325
Africa,HRE,940.0,12.0,0.08,415.1933333333325
Europe,TRS,939.0,12.0,0.08,415.27333333333246
Oceania,ADL,936.0,14.0,0.09333333333333334,415.36666666666576
Americas,USH,932.0,12.0,0.08,415.44666666666575
Asia,VTE,929.0,12.0,0.08,415.52666666666573
Africa,LUN,925.0,12.0,0.08,415.6066666666657
Americas,STI,921.0,10.0,0.06666666666666667,415.6733333333324
Europe,HUY,916.0,10.0,0.06666666666666667,415.73999999999904
Asia,OKJ,909.0,10.0,0.06666666666666667,415.8066666666657
Asia,NGS,905.0,10.0,0.06666666666666667,415.87333333333237
Americas,IGR,902.0,11.0,0.07333333333333333,415.9466666666657
Americas,MGA,898.0,11.0,0.07333333333333333,416.019999999999
Americas,AUA,897.0,10.0,0.06666666666666667,416.0866666666657
Asia,PQC,890.0,12.0,0.08,416.16666666666566
Africa,DLA,886.0,14.0,0.09333333333333334,416.25999999999897
Asia,CGO,882.0,12.0,0.08,416.33999999999895
Asia,LHW,881.0,12.0,0.08,416.41999999999894
Americas,MVD,878.0,11.0,0.07333333333333333,416.49333333333226
Americas,KOA,866.0,10.0,0.06666666666666667,416.5599999999989
Asia,XNN,864.0,12.0,0.08,416.6399999999989
Europe,TSR,864.0,9.0,0.06,416.6999999999989
Americas,AJU,863.0,10.0,0.06666666666666667,416.76666666666557
Americas,DGO,861.0,10.0,0.06666666666666667,416.83333333333223
Americas,COR,859.0,12.0,0.08,416.9133333333322
Africa,FEZ,856.0,12.0,0.08,416.9933333333322
Asia,YIA,856.0,9.0,0.06,417.0533333333322
Europe,PGF,851.0,10.0,0.06666666666666667,417.11999999999887
Europe,IAS,849.0,10.0,0.06666666666666667,417.18666666666553
Africa,HRG,841.0,13.0,0.08666666666666667,417.2733333333322
Americas,POS,834.0,13.0,0.08666666666666667,417.3599999999988
Europe,JTR,828.0,12.0,0.08,417.4399999999988
Europe,KGS,828.0,12.0,0.08,417.5199999999988
Europe,TLN,825.0,10.0,0.06666666666666667,417.58666666666545
Asia,BPN,812.0,9.0,0.06,417.64666666666545
Oceania,BNE,808.0,11.0,0.07333333333333333,417.7199999999988
Americas,HAV,805.0,13.0,0.08666666666666667,417.8066666666654
Europe,CLJ,804.0,9.0,0.06,417.8666666666654
Americas,MZT,796.0,9.0,0.06,417.9266666666654
Europe,VRN,790.0,10.0,0.06666666666666667,417.9933333333321
Europe,BFS,776.0,11.0,0.07333333333333333,418.0666666666654
Asia,MLE,772.0,11.0,0.07333333333333333,418.13999999999874
Europe,ACE,762.0,13.0,0.08666666666666667,418.2266666666654
Americas,STT,761.0,8.0,0.05333333333333334,418.2799999999987
Europe,SKP,757.0,10.0,0.06666666666666667,418.3466666666654
Oceania,DRW,754.0,9.0,0.06,418.4066666666654
Americas,FAI,752.0,10.0,0.06666666666666667,418.47333333333205
Europe,INV,752.0,8.0,0.05333333333333334,418.5266666666654
Asia,HPH,751.0,8.0,0.05333333333333334,418.57999999999873
Europe,MME,748.0,8.0,0.05333333333333334,418.6333333333321
Africa,LOS,747.0,10.0,0.06666666666666667,418.69999999999874
Asia,HFE,747.0,11.0,0.07333333333333333,418.77333333333206
Asia,ISB,740.0,12.0,0.08,418.85333333333205
Americas,CUL,731.0,9.0,0.06,418.91333333333205
Europe,PSA,726.0,10.0,0.06666666666666667,418.9799999999987
Americas,ELP,724.0,9.0,0.06,419.0399999999987
Americas,BRC,723.0,9.0,0.06,419.0999999999987
Americas,VCP,713.0,9.0,0.06,419.1599999999987
Americas,CRD,692.0,8.0,0.05333333333333334,419.21333333333206
Europe,JMK,686.0,10.0,0.06666666666666667,419.2799999999987
Africa,ADD,685.0,13.0,0.08666666666666667,419.36666666666537
Africa,JNB,669.0,9.0,0.06,419.42666666666537
Americas,ROS,666.0,9.0,0.06,419.48666666666537
Africa,KIS,660.0,8.0,0.05333333333333334,419.5399999999987
Europe,VAA,659.0,8.0,0.05333333333333334,419.59333333333205
Africa,COO,656.0,12.0,0.08,419.67333333333204
Americas,MXL,653.0,8.0,0.05333333333333334,419.7266666666654
Asia,EVN,653.0,9.0,0.06,419.7866666666654
Asia,GMP,643.0,7.0,0.04666666666666667,419.83333333333206
Europe,CHQ,631.0,10.0,0.06666666666666667,419.8999999999987
Americas,BGR,621.0,8.0,0.05333333333333334,419.95333333333207
Asia,LXA,620.0,8.0,0.05333333333333334,420.0066666666654
Americas,SAP,619.0,8.0,0.05333333333333334,420.05999999999875
Asia,DSN,614.0,9.0,0.06,420.11999999999875
Americas,ZIH,613.0,7.0,0.04666666666666667,420.16666666666544
Africa,ACC,612.0,8.0,0.05333333333333334,420.2199999999988
Asia,GOI,612.0,8.0,0.05333333333333334,420.2733333333321
Asia,KHI,612.0,8.0,0.05333333333333334,420.32666666666546
Europe,BHD,610.0,8.0,0.05333333333333334,420.3799999999988
Europe,WRO,610.0,8.0,0.05333333333333334,420.43333333333214
Asia,YIW,609.0,8.0,0.05333333333333334,420.4866666666655
Europe,POZ,609.0,8.0,0.05333333333333334,420.5399999999988
Africa,TNR,606.0,8.0,0.05333333333333334,420.59333333333217
Americas,ZLO,603.0,7.0,0.04666666666666667,420.63999999999885
Americas,ACA,602.0,7.0,0.04666666666666667,420.68666666666553
Europe,OUL,602.0,7.0,0.04666666666666667,420.7333333333322
Americas,CGB,602.0,7.0,0.04666666666666667,420.7799999999989
Americas,CLO,598.0,7.0,0.04666666666666667,420.8266666666656
Americas,XPL,596.0,7.0,0.04666666666666667,420.87333333333225
Europe,FUE,589.0,10.0,0.06666666666666667,420.9399999999989
Americas,TUC,577.0,8.0,0.05333333333333334,420.99333333333226
Europe,LDY,576.0,7.0,0.04666666666666667,421.03999999999894
Europe,OSD,573.0,6.0,0.04,421.07999999999896
Americas,YXX,572.0,7.0,0.04666666666666667,421.12666666666564
Americas,HUX,569.0,7.0,0.04666666666666667,421.1733333333323
Africa,DZA,567.0,8.0,0.05333333333333334,421.22666666666566
Asia,LGK,565.0,6.0,0.04,421.2666666666657
Americas,MAO,539.0,7.0,0.04666666666666667,421.31333333333237
Asia,TBS,538.0,10.0,0.06666666666666667,421.37999999999903
Africa,CZL,537.0,8.0,0.05333333333333334,421.43333333333237
Americas,CGH,531.0,7.0,0.04666666666666667,421.47999999999905
Americas,ZCL,531.0,6.0,0.04,421.5199999999991
Asia,SWA,531.0,7.0,0.04666666666666667,421.56666666666575
Asia,ZHA,529.0,7.0,0.04666666666666667,421.61333333333243
Europe,CAG,529.0,8.0,0.05333333333333334,421.6666666666658
Asia,LHE,520.0,8.0,0.05333333333333334,421.7199999999991
Americas,CME,517.0,6.0,0.04,421.75999999999914
Europe,PVK,513.0,8.0,0.05333333333333334,421.8133333333325
Africa,CKY,513.0,6.0,0.04,421.8533333333325
Europe,TKU,511.0,6.0,0.04,421.8933333333325
Americas,PBM,509.0,7.0,0.04666666666666667,421.9399999999992
Africa,QSF,507.0,8.0,0.05333333333333334,421.99333333333254
Americas,PSS,504.0,7.0,0.04666666666666667,422.0399999999992
Asia,PNQ,502.0,6.0,0.04,422.07999999999925
Africa,LBV,483.0,9.0,0.06,422.13999999999925
Europe,RDZ,478.0,6.0,0.04,422.17999999999927
Asia,KWL,475.0,7.0,0.04666666666666667,422.22666666666595
Asia,LYG,474.0,8.0,0.05333333333333334,422.2799999999993
Americas,SAB,468.0,6.0,0.04,422.3199999999993
Americas,SLZ,463.0,6.0,0.04,422.35999999999933
Asia,JJN,463.0,7.0,0.04666666666666667,422.406666666666
Europe,LPL,462.0,6.0,0.04,422.44666666666603
Americas,EUX,460.0,6.0,0.04,422.48666666666605
Asia,KTM,458.0,6.0,0.04,422.5266666666661
Americas,BEL,456.0,6.0,0.04,422.5666666666661
Asia,URC,450.0,6.0,0.04,422.6066666666661
Africa,BKO,449.0,8.0,0.05333333333333334,422.65999999999946
Americas,CGR,448.0,5.0,0.03333333333333333,422.6933333333328
Europe,TIV,444.0,6.0,0.04,422.73333333333284
Africa,CPT,444.0,6.0,0.04,422.77333333333286
Asia,BHY,443.0,8.0,0.05333333333333334,422.8266666666662
Asia,ESB,440.0,8.0,0.05333333333333334,422.87999999999954
Africa,NSI,437.0,10.0,0.06666666666666667,422.9466666666662
Americas,JUJ,434.0,5.0,0.03333333333333333,422.97999999999956
Europe,TMP,434.0,5.0,0.03333333333333333,423.0133333333329
Asia,GIZ,430.0,6.0,0.04,423.05333333333294
Asia,VCA,421.0,6.0,0.04,423.09333333333296
Europe,SMI,420.0,6.0,0.04,423.133333333333
Americas,JNU,418.0,5.0,0.03333333333333333,423.16666666666634
Africa,SID,416.0,6.0,0.04,423.20666666666637
Africa,LAD,412.0,6.0,0.04,423.2466666666664
Europe,LIG,412.0,6.0,0.04,423.2866666666664
Asia,NGB,410.0,6.0,0.04,423.3266666666664
Africa,AAE,407.0,5.0,0.03333333333333333,423.3599999999998
Americas,RES,404.0,6.0,0.04,423.3999999999998
Americas,FTE,399.0,5.0,0.03333333333333333,423.43333333333317
Europe,RVN,398.0,5.0,0.03333333333333333,423.4666666666665
Africa,PNR,396.0,7.0,0.04666666666666667,423.5133333333332
Africa,NDR,393.0,6.0,0.04,423.5533333333332
Europe,SCV,382.0,5.0,0.03333333333333333,423.5866666666666
Asia,HAS,382.0,5.0,0.03333333333333333,423.61999999999995
Americas,JPA,377.0,5.0,0.03333333333333333,423.6533333333333
Europe,SDL,371.0,4.0,0.02666666666666667,423.67999999999995
Asia,WUX,371.0,6.0,0.04,423.71999999999997
Americas,BAQ,370.0,5.0,0.03333333333333333,423.75333333333333
Americas,PXM,370.0,4.0,0.02666666666666667,423.78
Americas,EIS,367.0,6.0,0.04,423.82
Oceania,CNS,367.0,5.0,0.03333333333333333,423.85333333333335
Europe,KUO,366.0,5.0,0.03333333333333333,423.8866666666667
Asia,ELQ,361.0,5.0,0.03333333333333333,423.9200000000001
Americas,KIN,359.0,6.0,0.04,423.9600000000001
Africa,LFW,359.0,5.0,0.03333333333333333,423.99333333333345
Africa,HAH,350.0,4.0,0.02666666666666667,424.0200000000001
Europe,CRL,347.0,4.0,0.02666666666666667,424.04666666666674
Europe,SEN,346.0,4.0,0.02666666666666667,424.0733333333334
Africa,FBM,340.0,4.0,0.02666666666666667,424.1
Africa,NLA,340.0,4.0,0.02666666666666667,424.12666666666667
Africa,NKC,338.0,4.0,0.02666666666666667,424.1533333333333
Americas,REX,337.0,4.0,0.02666666666666667,424.17999999999995
Asia,JHG,336.0,4.0,0.02666666666666667,424.2066666666666
Americas,CNQ,335.0,4.0,0.02666666666666667,424.23333333333323
Oceania,AKL,334.0,4.0,0.02666666666666667,424.2599999999999
Europe,STN,333.0,4.0,0.02666666666666667,424.2866666666665
Americas,GEO,333.0,5.0,0.03333333333333333,424.3199999999999
Europe,OVD,332.0,6.0,0.04,424.3599999999999
Americas,YKA,327.0,4.0,0.02666666666666667,424.38666666666654
Europe,OMR,323.0,4.0,0.02666666666666667,424.4133333333332
Asia,YCU,323.0,4.0,0.02666666666666667,424.4399999999998
Asia,VCL,315.0,5.0,0.03333333333333333,424.4733333333332
Europe,SNN,314.0,6.0,0.04,424.5133333333332
Americas,BDA,312.0,4.0,0.02666666666666667,424.53999999999985
Americas,YQB,311.0,4.0,0.02666666666666667,424.5666666666665
Americas,UVF,308.0,4.0,0.02666666666666667,424.59333333333313
Americas,YYT,307.0,5.0,0.03333333333333333,424.6266666666665
Europe,EXT,306.0,4.0,0.02666666666666667,424.65333333333314
Asia,BDQ,306.0,4.0,0.02666666666666667,424.6799999999998
Americas,MLM,306.0,4.0,0.02666666666666667,424.7066666666664
Europe,SJJ,306.0,4.0,0.02666666666666667,424.73333333333306
Asia,CNX,305.0,4.0,0.02666666666666667,424.7599999999997
Asia,ATQ,305.0,4.0,0.02666666666666667,424.78666666666635
Asia,KBV,305.0,4.0,0.02666666666666667,424.813333333333
Asia,WNZ,305.0,5.0,0.03333333333333333,424.84666666666635
Asia,TUU,305.0,5.0,0.03333333333333333,424.8799999999997
Asia,LPQ,304.0,4.0,0.02666666666666667,424.90666666666635
Asia,HEK,303.0,4.0,0.02666666666666667,424.933333333333
Asia,DLM,300.0,4.0,0.02666666666666667,424.95999999999964
Europe,IOM,300.0,4.0,0.02666666666666667,424.9866666666663
Asia,BJV,290.0,6.0,0.04,425.0266666666663
Americas,TQO,288.0,4.0,0.02666666666666667,425.05333333333294
Asia,TRV,283.0,4.0,0.02666666666666667,425.0799999999996
Europe,KTT,281.0,4.0,0.02666666666666667,425.10666666666623
Europe,GRO,281.0,4.0,0.02666666666666667,425.13333333333287
Africa,BJM,280.0,4.0,0.02666666666666667,425.1599999999995
Africa,LLW,279.0,4.0,0.02666666666666667,425.18666666666616
Asia,KNO,278.0,4.0,0.02666666666666667,425.2133333333328
Europe,KLX,274.0,4.0,0.02666666666666667,425.23999999999944
Africa,SFA,272.0,4.0,0.02666666666666667,425.2666666666661
Americas,ANU,268.0,4.0,0.02666666666666667,425.2933333333327
Asia,TIF,267.0,4.0,0.02666666666666667,425.31999999999937
Europe,SCQ,266.0,4.0,0.02666666666666667,425.346666666666
Americas,THE,261.0,4.0,0.02666666666666667,425.37333333333265
Asia,TNA,259.0,5.0,0.03333333333333333,425.406666666666
Europe,PDL,253.0,4.0,0.02666666666666667,425.43333333333266
Oceania,NOU,252.0,5.0,0.03333333333333333,425.466666666666
Europe,BOJ,252.0,4.0,0.02666666666666667,425.49333333333266
Europe,EFL,251.0,8.0,0.05333333333333334,425.546666666666
Europe,MJT,249.0,4.0,0.02666666666666667,425.57333333333264
Asia,EAM,249.0,4.0,0.02666666666666667,425.5999999999993
Asia,AJF,249.0,4.0,0.02666666666666667,425.6266666666659
Asia,PFO,241.0,4.0,0.02666666666666667,425.65333333333257
Americas,FMA,240.0,3.0,0.02,425.67333333333255
Americas,NQN,240.0,3.0,0.02,425.69333333333253
Europe,SVO,236.0,7.0,0.04666666666666667,425.7399999999992
Asia,GZP,235.0,4.0,0.02666666666666667,425.76666666666586
Asia,LKO,234.0,3.0,0.02,425.78666666666584
Asia,BKI,218.0,3.0,0.02,425.8066666666658
Europe,TAY,214.0,3.0,0.02,425.8266666666658
Europe,AOK,213.0,4.0,0.02666666666666667,425.85333333333244
Americas,BGA,211.0,4.0,0.02666666666666667,425.8799999999991
Americas,MFE,206.0,3.0,0.02,425.89999999999907
Africa,SEZ,205.0,4.0,0.02666666666666667,425.9266666666657
Americas,MAF,204.0,4.0,0.02666666666666667,425.95333333333235
Asia,AQI,191.0,3.0,0.02,425.97333333333233
Asia,RGN,190.0,2.0,0.013333333333333334,425.98666666666566
Asia,KOW,179.0,2.0,0.013333333333333334,425.999999999999
Europe,OHD,179.0,4.0,0.02666666666666667,426.0266666666656
Asia,NUM,178.0,5.0,0.03333333333333333,426.059999999999
Europe,GRX,174.0,2.0,0.013333333333333334,426.0733333333323
Americas,LIR,173.0,2.0,0.013333333333333334,426.0866666666656
Asia,LUM,167.0,2.0,0.013333333333333334,426.09999999999894
Americas,SKB,165.0,3.0,0.02,426.1199999999989
Asia,JMU,165.0,4.0,0.02666666666666667,426.14666666666557
Africa,RMF,161.0,2.0,0.013333333333333334,426.1599999999989
Asia,DNH,153.0,2.0,0.013333333333333334,426.1733333333322
Asia,TAE,153.0,2.0,0.013333333333333334,426.18666666666553
Asia,IDR,153.0,2.0,0.013333333333333334,426.19999999999885
Asia,CCJ,153.0,2.0,0.013333333333333334,426.2133333333322
Africa,BVC,153.0,3.0,0.02,426.23333333333215
Asia,KCH,151.0,2.0,0.013333333333333334,426.2466666666655
Asia,ASR,150.0,2.0,0.013333333333333334,426.2599999999988
Americas,PEI,142.0,2.0,0.013333333333333334,426.2733333333321
Africa,BSK,141.0,2.0,0.013333333333333334,426.28666666666544
Americas,BZE,140.0,2.0,0.013333333333333334,426.29999999999876
Asia,YIH,139.0,4.0,0.02666666666666667,426.3266666666654
Africa,JUB,138.0,3.0,0.02,426.3466666666654
Asia,LYI,137.0,2.0,0.013333333333333334,426.3599999999987
Africa,APL,135.0,2.0,0.013333333333333334,426.373333333332
Americas,HRL,132.0,2.0,0.013333333333333334,426.38666666666535
Africa,LVI,132.0,2.0,0.013333333333333334,426.39999999999867
Asia,GYD,132.0,2.0,0.013333333333333334,426.413333333332
Asia,KHH,131.0,2.0,0.013333333333333334,426.4266666666653
Oceania,HBA,131.0,2.0,0.013333333333333334,426.43999999999863
Africa,VFA,130.0,2.0,0.013333333333333334,426.45333333333195
Europe,KAO,126.0,2.0,0.013333333333333334,426.4666666666653
Africa,NDJ,122.0,3.0,0.02,426.48666666666526
Africa,ABV,120.0,2.0,0.013333333333333334,426.4999999999986
Africa,SSG,120.0,2.0,0.013333333333333334,426.5133333333319
Asia,GUW,119.0,2.0,0.013333333333333334,426.5266666666652
Asia,KYA,116.0,2.0,0.013333333333333334,426.53999999999854
Asia,HET,115.0,2.0,0.013333333333333334,426.55333333333186
Asia,YNZ,112.0,4.0,0.02666666666666667,426.5799999999985
Asia,RSI,106.0,2.0,0.013333333333333334,426.5933333333318
Asia,YNB,100.0,1.0,0.006666666666666667,426.5999999999985
Asia,ULH,99.0,2.0,0.013333333333333334,426.6133333333318
Africa,NBE,98.0,2.0,0.013333333333333334,426.62666666666513
Asia,WXN,96.0,2.0,0.013333333333333334,426.63999999999845
Europe,LED,92.0,2.0,0.013333333333333334,426.6533333333318
Americas,SLA,91.0,2.0,0.013333333333333334,426.6666666666651
Asia,NDG,91.0,1.0,0.006666666666666667,426.67333333333175
Asia,ZUH,91.0,2.0,0.013333333333333334,426.6866666666651
Asia,TAS,90.0,2.0,0.013333333333333334,426.6999999999984
Asia,COK,89.0,3.0,0.02,426.7199999999984
Europe,SZG,88.0,2.0,0.013333333333333334,426.7333333333317
Africa,OZZ,88.0,2.0,0.013333333333333334,426.746666666665
Europe,KUF,87.0,2.0,0.013333333333333334,426.75999999999834
Europe,INN,86.0,2.0,0.013333333333333334,426.77333333333166
Europe,AOI,86.0,2.0,0.013333333333333334,426.786666666665
Africa,CFK,86.0,2.0,0.013333333333333334,426.7999999999983
Europe,REU,86.0,2.0,0.013333333333333334,426.8133333333316
Asia,EBL,85.0,2.0,0.013333333333333334,426.82666666666495
Europe,JER,85.0,2.0,0.013333333333333334,426.83999999999827
Asia,WEH,83.0,1.0,0.006666666666666667,426.84666666666493
Africa,TTU,82.0,2.0,0.013333333333333334,426.85999999999825
Africa,BLJ,82.0,4.0,0.02666666666666667,426.8866666666649
Europe,PRN,78.0,2.0,0.013333333333333334,426.8999999999982
Africa,LXR,77.0,3.0,0.02,426.9199999999982
Africa,SSH,72.0,2.0,0.013333333333333334,426.9333333333315
Africa,RAI,68.0,3.0,0.02,426.9533333333315
Africa,VIL,66.0,1.0,0.006666666666666667,426.95999999999816
Africa,VXE,64.0,3.0,0.02,426.97999999999814
Asia,DAC,63.0,2.0,0.013333333333333334,426.99333333333146
Africa,HBE,62.0,1.0,0.006666666666666667,426.9999999999981
Asia,CRK,61.0,1.0,0.006666666666666667,427.0066666666648
Europe,JSI,56.0,3.0,0.02,427.02666666666477
Asia,KIJ,52.0,1.0,0.006666666666666667,427.0333333333314
Europe,VOG,51.0,2.0,0.013333333333333334,427.04666666666475
Asia,DAT,50.0,1.0,0.006666666666666667,427.0533333333314
Asia,NTG,50.0,1.0,0.006666666666666667,427.05999999999807
Europe,SUJ,46.0,1.0,0.006666666666666667,427.06666666666473
Asia,PKU,45.0,1.0,0.006666666666666667,427.0733333333314
Europe,SPC,44.0,2.0,0.013333333333333334,427.0866666666647
Europe,PUY,42.0,2.0,0.013333333333333334,427.09999999999803
Europe,QSR,42.0,2.0,0.013333333333333334,427.11333333333135
Africa,BGF,42.0,2.0,0.013333333333333334,427.1266666666647
Europe,VOL,41.0,2.0,0.013333333333333334,427.139999999998
Americas,RTB,38.0,1.0,0.006666666666666667,427.14666666666466
Asia,BAR,33.0,1.0,0.006666666666666667,427.1533333333313
Asia,MFM,32.0,1.0,0.006666666666666667,427.159999999998
Americas,FSP,26.0,2.0,0.013333333333333334,427.1733333333313
Europe,AEY,22.0,2.0,0.013333333333333334,427.1866666666646
Africa,JIB,22.0,1.0,0.006666666666666667,427.1933333333313
Europe,MST,21.0,1.0,0.006666666666666667,427.19999999999794
Asia,WUS,21.0,1.0,0.006666666666666667,427.2066666666646
Africa,BJL,21.0,1.0,0.006666666666666667,427.21333333333126
Americas,SFJ,18.0,2.0,0.013333333333333334,427.2266666666646
Europe,OVB,16.0,1.0,0.006666666666666667,427.23333333333125
Europe,AER,16.0,1.0,0.006666666666666667,427.2399999999979
Asia,LJG,15.0,1.0,0.006666666666666667,427.24666666666457
Asia,NQZ,6.0,1.0,0.006666666666666667,427.2533333333312
Europe,LIL,2.0,2.0,0.013333333333333334,427.26666666666455
Europe,CGN,1.0,1.0,0.006666666666666667,427.2733333333312
Europe,EMA,1.0,1.0,0.006666666666666667,427.27999999999787
Asia,YNJ,0,0,0.0,427.27999999999787
Americas,RGA,0,0,0.0,427.27999999999787
Asia,MUX,0,0,0.0,427.27999999999787
Americas,SNU,0,0,0.0,427.27999999999787
Americas,STX,0,0,0.0,427.27999999999787
Asia,CJU,0,0,0.0,427.27999999999787
Africa,KAN,0,0,0.0,427.27999999999787
Asia,HLD,0,0,0.0,427.27999999999787
Europe,PXO,0,0,0.0,427.27999999999787
Europe,EIN,0,0,0.0,427.27999999999787
Asia,CZX,0,0,0.0,427.27999999999787
Asia,UPG,0,0,0.0,427.27999999999787
Asia,HIA,0,0,0.0,427.27999999999787
Asia,ZYI,0,0,0.0,427.27999999999787
Asia,TSA,0,0,0.0,427.27999999999787
Oceania,GUM,0,0,0.0,427.27999999999787
Europe,SDR,0,0,0.0,427.27999999999787
Asia,LYA,0,0,0.0,427.27999999999787
Asia,CJB,0,0,0.0,427.27999999999787
Asia,DYG,0,0,0.0,427.27999999999787
