aircraftRegistration,aircraftType,arrivalCity,carrierCode,consumerHost,departureCity,destination,flightNumber,movementType,operatingAirlineCode,operationalSuffix,origin,serviceType,timeOriginType,timeType,endRange,startRange,call_parameters,nb_of_pages_already_retrieved,totalPages,completion,totalFlights,response,message,timestamp
,,,,,,SOF,,,,,VAR,,,,2025-10-14T23:59:59Z,2025-05-15T09:00:00Z,destination=SOF&origin=VAR&endRange=2025-10-14T23:59:59Z&startRange=2025-05-15T09:00:00Z,1.0,5.0,20%,479.0,<Response [200]>,,2025-10-20T18:09:06.272742
,,,,,,RIX,,,,,TLL,,,,2025-10-14T23:59:59Z,2025-05-15T09:00:00Z,destination=RIX&origin=TLL&endRange=2025-10-14T23:59:59Z&startRange=2025-05-15T09:00:00Z,1.0,4.0,25%,305.0,<Response [200]>,,2025-10-20T17:59:26.471724
,,,,,,PLQ,,,,,RIX,,,,2025-10-14T23:59:59Z,2025-05-15T09:00:00Z,destination=PLQ&origin=RIX&endRange=2025-10-14T23:59:59Z&startRange=2025-05-15T09:00:00Z,1.0,3.0,33%,232.0,<Response [200]>,,2025-10-20T17:45:23.152861
,,,,,,RIX,,,,,TMP,,,,2025-10-14T23:59:59Z,2025-05-15T09:00:00Z,destination=RIX&origin=TMP&endRange=2025-10-14T23:59:59Z&startRange=2025-05-15T09:00:00Z,1.0,3.0,33%,281.0,<Response [200]>,,2025-10-20T17:59:48.008543
,,,,,,RIX,,,,,VNO,,,,2025-10-14T23:59:59Z,2025-05-15T09:00:00Z,destination=RIX&origin=VNO&endRange=2025-10-14T23:59:59Z&startRange=2025-05-15T09:00:00Z,1.0,3.0,33%,297.0,<Response [200]>,,2025-10-20T18:00:09.512844
,,,,,,TLL,,,,,RIX,,,,2025-10-14T23:59:59Z,2025-05-15T09:00:00Z,destination=TLL&origin=RIX&endRange=2025-10-14T23:59:59Z&startRange=2025-05-15T09:00:00Z,1.0,3.0,33%,284.0,<Response [200]>,,
,,,,,,TRF,,,,,SVG,,,,2025-10-14T23:59:59Z,2025-05-15T09:00:00Z,destination=TRF&origin=SVG&endRange=2025-10-14T23:59:59Z&startRange=2025-05-15T09:00:00Z,1.0,3.0,33%,254.0,<Response [200]>,,
,,,,,,VAR,,,,,SOF,,,,2025-10-14T23:59:59Z,2025-05-15T09:00:00Z,destination=VAR&origin=SOF&endRange=2025-10-14T23:59:59Z&startRange=2025-05-15T09:00:00Z,1.0,3.0,33%,284.0,<Response [200]>,,
,,,,,,VNO,,,,,RIX,,,,2025-10-14T23:59:59Z,2025-05-15T09:00:00Z,destination=VNO&origin=RIX&endRange=2025-10-14T23:59:59Z&startRange=2025-05-15T09:00:00Z,1.0,3.0,33%,277.0,<Response [200]>,,
,,,,,,BEG,,,,,TGD,,,,2025-10-14T23:59:59Z,2025-05-15T09:00:00Z,destination=BEG&origin=TGD&endRange=2025-10-14T23:59:59Z&startRange=2025-05-15T09:00:00Z,2.0,5.0,40%,458.0,<Response [200]>,,
,,,,,,TGD,,,,,BEG,,,,2025-10-14T23:59:59Z,2025-05-15T09:00:00Z,destination=TGD&origin=BEG&endRange=2025-10-14T23:59:59Z&startRange=2025-05-15T09:00:00Z,2.0,5.0,40%,458.0,<Response [200]>,,
,,,,,,BEG,,,,,SJJ,,,,2025-10-14T23:59:59Z,2025-05-15T09:00:00Z,destination=BEG&origin=SJJ&endRange=2025-10-14T23:59:59Z&startRange=2025-05-15T09:00:00Z,1.0,2.0,50%,153.0,<Response [200]>,,
,,,,,,BEG,,,,,SKG,,,,2025-10-14T23:59:59Z,2025-05-15T09:00:00Z,destination=BEG&origin=SKG&endRange=2025-10-14T23:59:59Z&startRange=2025-05-15T09:00:00Z,1.0,2.0,50%,186.0,<Response [200]>,,
,,,,,,BEG,,,,,SOF,,,,2025-10-14T23:59:59Z,2025-05-15T09:00:00Z,destination=BEG&origin=SOF&endRange=2025-10-14T23:59:59Z&startRange=2025-05-15T09:00:00Z,1.0,2.0,50%,188.0,<Response [200]>,,
,,,,,,BEG,,,,,TIV,,,,2025-10-14T23:59:59Z,2025-05-15T09:00:00Z,destination=BEG&origin=TIV&endRange=2025-10-14T23:59:59Z&startRange=2025-05-15T09:00:00Z,1.0,2.0,50%,153.0,<Response [200]>,,
,,,,,,RIX,,,,,PLQ,,,,2025-10-14T23:59:59Z,2025-05-15T09:00:00Z,destination=RIX&origin=PLQ&endRange=2025-10-14T23:59:59Z&startRange=2025-05-15T09:00:00Z,1.0,2.0,50%,130.0,<Response [200]>,,2025-10-20T17:59:05.037260
,,,,,,SJJ,,,,,BEG,,,,2025-10-14T23:59:59Z,2025-05-15T09:00:00Z,destination=SJJ&origin=BEG&endRange=2025-10-14T23:59:59Z&startRange=2025-05-15T09:00:00Z,1.0,2.0,50%,153.0,<Response [200]>,,
,,,,,,SKG,,,,,BEG,,,,2025-10-14T23:59:59Z,2025-05-15T09:00:00Z,destination=SKG&origin=BEG&endRange=2025-10-14T23:59:59Z&startRange=2025-05-15T09:00:00Z,1.0,2.0,50%,186.0,<Response [200]>,,
,,,,,,SVG,,,,,TRF,,,,2025-10-14T23:59:59Z,2025-05-15T09:00:00Z,destination=SVG&origin=TRF&endRange=2025-10-14T23:59:59Z&startRange=2025-05-15T09:00:00Z,1.0,2.0,50%,125.0,<Response [200]>,,
,,,,,,TIV,,,,,BEG,,,,2025-10-14T23:59:59Z,2025-05-15T09:00:00Z,destination=TIV&origin=BEG&endRange=2025-10-14T23:59:59Z&startRange=2025-05-15T09:00:00Z,1.0,2.0,50%,153.0,<Response [200]>,,
,,,,,,TMP,,,,,RIX,,,,2025-10-14T23:59:59Z,2025-05-15T09:00:00Z,destination=TMP&origin=RIX&endRange=2025-10-14T23:59:59Z&startRange=2025-05-15T09:00:00Z,1.0,2.0,50%,153.0,<Response [200]>,,
,,,,,,BEG,,,,,SKP,,,,2025-10-14T23:59:59Z,2025-05-15T09:00:00Z,destination=BEG&origin=SKP&endRange=2025-10-14T23:59:59Z&startRange=2025-05-15T09:00:00Z,2.0,3.0,67%,292.0,<Response [200]>,,
,,,,,,BEG,,,,,TIA,,,,2025-10-14T23:59:59Z,2025-05-15T09:00:00Z,destination=BEG&origin=TIA&endRange=2025-10-14T23:59:59Z&startRange=2025-05-15T09:00:00Z,2.0,3.0,67%,248.0,<Response [200]>,,
,,,,,,SKP,,,,,BEG,,,,2025-10-14T23:59:59Z,2025-05-15T09:00:00Z,destination=SKP&origin=BEG&endRange=2025-10-14T23:59:59Z&startRange=2025-05-15T09:00:00Z,2.0,3.0,67%,292.0,<Response [200]>,,
,,,,,,TIA,,,,,BEG,,,,2025-10-14T23:59:59Z,2025-05-15T09:00:00Z,destination=TIA&origin=BEG&endRange=2025-10-14T23:59:59Z&startRange=2025-05-15T09:00:00Z,2.0,3.0,67%,248.0,<Response [200]>,,
,,,,,,SOF,,,,,BEG,,,,2025-10-14T23:59:59Z,2025-05-15T09:00:00Z,destination=SOF&origin=BEG&endRange=2025-10-14T23:59:59Z&startRange=2025-05-15T09:00:00Z,2.0,2.0,100%,188.0,<Response [200]>,,
,,,,,,AJA,,,,,BOD,,,,2025-10-14T23:59:59Z,2025-05-15T09:00:00Z,destination=AJA&origin=BOD&endRange=2025-10-14T23:59:59Z&startRange=2025-05-15T09:00:00Z,1.0,1.0,100%,9.0,<Response [200]>,,2025-10-19T14:16:16.413076
,,,,,,AJA,,,,,CRL,,,,2025-10-14T23:59:59Z,2025-05-15T09:00:00Z,destination=AJA&origin=CRL&endRange=2025-10-14T23:59:59Z&startRange=2025-05-15T09:00:00Z,1.0,1.0,100%,90.0,<Response [200]>,,2025-10-19T14:16:16.413076
,,,,,,BEG,,,,,OHD,,,,2025-10-14T23:59:59Z,2025-05-15T09:00:00Z,destination=BEG&origin=OHD&endRange=2025-10-14T23:59:59Z&startRange=2025-05-15T09:00:00Z,1.0,1.0,100%,28.0,<Response [200]>,,2025-10-18T16_18_34.796549
,,,,,,BEG,,,,,VAR,,,,2025-10-14T23:59:59Z,2025-05-15T09:00:00Z,destination=BEG&origin=VAR&endRange=2025-10-14T23:59:59Z&startRange=2025-05-15T09:00:00Z,1.0,1.0,100%,66.0,<Response [200]>,,2025-10-18T16_18_34.796549
,,,,,,BIA,,,,,CRL,,,,2025-10-14T23:59:59Z,2025-05-15T09:00:00Z,destination=BIA&origin=CRL&endRange=2025-10-14T23:59:59Z&startRange=2025-05-15T09:00:00Z,1.0,1.0,100%,84.0,<Response [200]>,,2025-10-18T16_18_34.796549
,,,,,,BIQ,,,,,FSC,,,,2025-10-14T23:59:59Z,2025-05-15T09:00:00Z,destination=BIQ&origin=FSC&endRange=2025-10-14T23:59:59Z&startRange=2025-05-15T09:00:00Z,1.0,1.0,100%,9.0,<Response [200]>,,2025-10-19T14:34:02.771776
,,,,,,BLL,,,,,FAE,,,,2025-10-14T23:59:59Z,2025-05-15T09:00:00Z,destination=BLL&origin=FAE&endRange=2025-10-14T23:59:59Z&startRange=2025-05-15T09:00:00Z,1.0,1.0,100%,90.0,<Response [200]>,,2025-10-19T14:34:02.771776
,,,,,,BOD,,,,,AJA,,,,2025-10-14T23:59:59Z,2025-05-15T09:00:00Z,destination=BOD&origin=AJA&endRange=2025-10-14T23:59:59Z&startRange=2025-05-15T09:00:00Z,1.0,1.0,100%,9.0,<Response [200]>,,2025-10-19T14:34:02.771776
,,,,,,BOD,,,,,FSC,,,,2025-10-14T23:59:59Z,2025-05-15T09:00:00Z,destination=BOD&origin=FSC&endRange=2025-10-14T23:59:59Z&startRange=2025-05-15T09:00:00Z,1.0,1.0,100%,9.0,<Response [200]>,,2025-10-19T14:34:02.771776
,,,,,,BOJ,,,,,SOF,,,,2025-10-14T23:59:59Z,2025-05-15T09:00:00Z,destination=BOJ&origin=SOF&endRange=2025-10-14T23:59:59Z&startRange=2025-05-15T09:00:00Z,1.0,1.0,100%,75.0,<Response [200]>,,2025-10-19T14:34:02.771776
,,,,,,BOO,,,,,TOS,,,,2025-10-14T23:59:59Z,2025-05-15T09:00:00Z,destination=BOO&origin=TOS&endRange=2025-10-14T23:59:59Z&startRange=2025-05-15T09:00:00Z,1.0,1.0,100%,74.0,<Response [200]>,,2025-10-19T14:34:02.771776
,,,,,,CRL,,,,,AJA,,,,2025-10-14T23:59:59Z,2025-05-15T09:00:00Z,destination=CRL&origin=AJA&endRange=2025-10-14T23:59:59Z&startRange=2025-05-15T09:00:00Z,1.0,1.0,100%,91.0,<Response [200]>,,2025-10-19T14:39:52.077216
,,,,,,CRL,,,,,BIA,,,,2025-10-14T23:59:59Z,2025-05-15T09:00:00Z,destination=CRL&origin=BIA&endRange=2025-10-14T23:59:59Z&startRange=2025-05-15T09:00:00Z,1.0,1.0,100%,82.0,<Response [200]>,,2025-10-19T14:39:52.077216
,,,,,,EDI,,,,,FAE,,,,2025-10-14T23:59:59Z,2025-05-15T09:00:00Z,destination=EDI&origin=FAE&endRange=2025-10-14T23:59:59Z&startRange=2025-05-15T09:00:00Z,1.0,1.0,100%,43.0,<Response [200]>,,2025-10-19T14:39:52.077216
,,,,,,FAE,,,,,BLL,,,,2025-10-14T23:59:59Z,2025-05-15T09:00:00Z,destination=FAE&origin=BLL&endRange=2025-10-14T23:59:59Z&startRange=2025-05-15T09:00:00Z,1.0,1.0,100%,60.0,<Response [200]>,,2025-10-19T14:39:52.077216
,,,,,,FAE,,,,,EDI,,,,2025-10-14T23:59:59Z,2025-05-15T09:00:00Z,destination=FAE&origin=EDI&endRange=2025-10-14T23:59:59Z&startRange=2025-05-15T09:00:00Z,1.0,1.0,100%,42.0,<Response [200]>,,2025-10-19T14:39:52.077216
,,,,,,FAE,,,,,KEF,,,,2025-10-14T23:59:59Z,2025-05-15T09:00:00Z,destination=FAE&origin=KEF&endRange=2025-10-14T23:59:59Z&startRange=2025-05-15T09:00:00Z,1.0,1.0,100%,59.0,<Response [200]>,,2025-10-19T14:39:52.077216
,,,,,,FSC,,,,,BIQ,,,,2025-10-14T23:59:59Z,2025-05-15T09:00:00Z,destination=FSC&origin=BIQ&endRange=2025-10-14T23:59:59Z&startRange=2025-05-15T09:00:00Z,1.0,1.0,100%,9.0,<Response [200]>,,2025-10-19T14:39:52.077216
,,,,,,FSC,,,,,BOD,,,,2025-10-14T23:59:59Z,2025-05-15T09:00:00Z,destination=FSC&origin=BOD&endRange=2025-10-14T23:59:59Z&startRange=2025-05-15T09:00:00Z,1.0,1.0,100%,9.0,<Response [200]>,,2025-10-19T14:39:52.077216
,,,,,,KUF,,,,,SVO,,,,2025-10-14T23:59:59Z,2025-05-15T09:00:00Z,destination=KUF&origin=SVO&endRange=2025-10-14T23:59:59Z&startRange=2025-05-15T09:00:00Z,1.0,1.0,100%,43.0,<Response [200]>,,2025-10-20T09:45:51.804586
,,,,,,LED,,,,,SVO,,,,2025-10-14T23:59:59Z,2025-05-15T09:00:00Z,destination=LED&origin=SVO&endRange=2025-10-14T23:59:59Z&startRange=2025-05-15T09:00:00Z,1.0,1.0,100%,47.0,<Response [200]>,,2025-10-20T09:45:51.804586
,,,,,,NTE,,,,,ACE,,,,2025-10-14T23:59:59Z,2025-05-15T09:00:00Z,destination=NTE&origin=ACE&endRange=2025-10-14T23:59:59Z&startRange=2025-05-15T09:00:00Z,1.0,1.0,100%,3.0,<Response [200]>,,2025-10-22T10:05:36.169971
,,,,,,OHD,,,,,BEG,,,,2025-10-14T23:59:59Z,2025-05-15T09:00:00Z,destination=OHD&origin=BEG&endRange=2025-10-14T23:59:59Z&startRange=2025-05-15T09:00:00Z,1.0,1.0,100%,29.0,<Response [200]>,,2025-10-22T10:05:41.080208
,,,,,,OVB,,,,,AER,,,,2025-10-14T23:59:59Z,2025-05-15T09:00:00Z,destination=OVB&origin=AER&endRange=2025-10-14T23:59:59Z&startRange=2025-05-15T09:00:00Z,1.0,1.0,100%,16.0,<Response [200]>,,2025-10-22T10:07:49.190893
,,,,,,PUF,,,,,AJA,,,,2025-10-14T23:59:59Z,2025-05-15T09:00:00Z,destination=PUF&origin=AJA&endRange=2025-10-14T23:59:59Z&startRange=2025-05-15T09:00:00Z,1.0,1.0,100%,10.0,<Response [200]>,,2025-10-22T10:08:23.757145
,,,,,,SOF,,,,,BOJ,,,,2025-10-14T23:59:59Z,2025-05-15T09:00:00Z,destination=SOF&origin=BOJ&endRange=2025-10-14T23:59:59Z&startRange=2025-05-15T09:00:00Z,1.0,1.0,100%,75.0,<Response [200]>,,2025-10-22T10:09:14.514881
,,,,,,SVO,,,,,KUF,,,,2025-10-14T23:59:59Z,2025-05-15T09:00:00Z,destination=SVO&origin=KUF&endRange=2025-10-14T23:59:59Z&startRange=2025-05-15T09:00:00Z,1.0,1.0,100%,44.0,<Response [200]>,,
,,,,,,SVO,,,,,LED,,,,2025-10-14T23:59:59Z,2025-05-15T09:00:00Z,destination=SVO&origin=LED&endRange=2025-10-14T23:59:59Z&startRange=2025-05-15T09:00:00Z,1.0,1.0,100%,45.0,<Response [200]>,,
,,,,,,SVO,,,,,VOG,,,,2025-10-14T23:59:59Z,2025-05-15T09:00:00Z,destination=SVO&origin=VOG&endRange=2025-10-14T23:59:59Z&startRange=2025-05-15T09:00:00Z,1.0,1.0,100%,20.0,<Response [200]>,,
,,,,,,VAR,,,,,BEG,,,,2025-10-14T23:59:59Z,2025-05-15T09:00:00Z,destination=VAR&origin=BEG&endRange=2025-10-14T23:59:59Z&startRange=2025-05-15T09:00:00Z,1.0,1.0,100%,66.0,<Response [200]>,,
,,,,,,VOG,,,,,SVO,,,,2025-10-14T23:59:59Z,2025-05-15T09:00:00Z,destination=VOG&origin=SVO&endRange=2025-10-14T23:59:59Z&startRange=2025-05-15T09:00:00Z,1.0,1.0,100%,31.0,<Response [200]>,,
,,,,,,BHX,,,,,EMA,,,,2025-10-14T23:59:59Z,2025-05-15T09:00:00Z,destination=BHX&origin=EMA&endRange=2025-10-14T23:59:59Z&startRange=2025-05-15T09:00:00Z,,,,,<Response [404]>,"{""errors"":[{""name"":""FLIGHT NOT FOUND"",""severity"":""INFO""}]}",2025-10-22T10:35:48.949186
