origin_continent,origin_country,origin_airport,origin,pages_per_day,flights_per_day,totalPages,totalFlights
Africa,Algeria,Rabah Bitat Airport (Les Salines Airport),AAE,0.02,1.05,6.0,483.0
Europe,Denmark,Aalborg Airport,AAL,0.11,9.93,48.0,4548.0
Europe,Denmark,Aarhus Airport,AAR,0.04,3.6,18.0,1650.0
Africa,Ivory Coast,Port Bouet Airport (Felix Houphouet Boigny Int'l),ABJ,0.04,3.26,18.0,1494.0
Europe,Scotland,Aberdeen Airport,ABZ,0.06,5.83,30.0,2667.0
Africa,Ghana,Kotoka International Airport,ACC,0.01,1.0,6.0,459.0
Europe,Spain,Lanzarote Airport,ACE,0.05,2.51,21.0,1149.0
Asia,Turkey,Izmir Adnan Menderes Airport,ADB,0.04,2.86,18.0,1308.0
Africa,Ethiopia,Addis Ababa Bole International Airport,ADD,0.01,1.0,6.0,459.0
Europe,Russia,Sochi International Airport,AER,0.01,0.1,3.0,48.0
Europe,Norway,Alesund Airport,AES,0.11,8.26,48.0,3780.0
Europe,Iceland,Akureyri Airport,AEY,0.01,0.07,3.0,33.0
Africa,Morocco,Agadir-Al Massira Airport,AGA,0.08,5.48,30.0,2510.0
Europe,Spain,Malaga Airport,AGP,1.22,27.36,360.0,11597.0
Europe,Italy,Alghero-Fertilia Airport,AHO,0.08,5.77,33.0,2640.0
Europe,France,Ajaccio Napoleon Bonaparte Airport,AJA,0.44,15.36,85.0,6982.0
Europe,Spain,Alicante-Elche Airport,ALC,0.13,10.6,54.0,4854.0
Africa,Algeria,Houari Boumediene Airport,ALG,0.26,23.6,117.0,10802.0
Asia,Jordan,Queen Alia International Airport,AMM,0.02,1.53,9.0,699.0
Europe,Netherlands,Amsterdam Airport Schiphol,AMS,15.06,1188.98,5298.0,472710.0
Europe,Italy,Ancona Falconara Airport,AOI,0.01,0.28,3.0,129.0
Europe,Greece,Karpathos Island National Airport,AOK,0.01,0.71,6.0,324.0
Europe,Sweden,Stockholm Arlanda Airport,ARN,1.7,126.99,605.0,47859.0
Asia,Turkey,Erkilet International Airport,ASR,0.01,0.49,3.0,225.0
Americas,Paraguay,Silvio Pettirossi International Airport,ASU,0.01,0.12,3.0,38.0
Europe,Greece,Athens International Airport (Eleftherios Venizelos Airport),ATH,1.28,31.07,385.0,13655.0
Americas,United States,Hartsfield-Jackson Atlanta International Airport,ATL,0.95,24.39,153.0,11440.0
Americas,Aruba,Queen Beatrix International Airport,AUA,0.01,1.29,6.0,591.0
Asia,United Arab Emirates,Abu Dhabi International Airport,AUH,0.04,3.06,18.0,1401.0
Americas,United States,Austin-Bergstrom International Airport,AUS,0.01,0.5,3.0,228.0
Asia,Turkey,Antalya Airport,AYT,0.05,5.05,27.0,2312.0
Asia,Bahrain,Bahrain International Airport,BAH,0.01,1.0,6.0,459.0
Europe,Spain,Barcelona El Prat Airport,BCN,1.53,69.75,503.0,28867.0
Europe,Italy,Brindisi - Salento Airport,BDS,0.08,6.17,36.0,2826.0
Europe,Serbia,Belgrade Nikola Tesla Airport,BEG,0.22,17.36,96.0,7956.0
Europe,Germany,Berlin Brandenburg Airport,BER,1.21,34.49,355.0,13640.0
Europe,France,Brest Bretagne Airport,BES,0.06,5.38,27.0,2463.0
Asia,Lebanon,Beirut-Rafic Hariri International Airport / Beirut Air Base,BEY,0.05,4.16,24.0,1905.0
Europe,Northern Ireland,Belfast International Airport,BFS,0.02,1.54,12.0,705.0
Europe,Norway,Bergen Airport,BGO,1.49,76.79,483.0,29258.0
Europe,Northern Ireland,George Best Belfast City Airport,BHD,0.03,1.99,12.0,912.0
Europe,England,Birmingham Airport,BHX,0.12,10.77,51.0,4929.0
Europe,France,Bastia - Poretta Airport,BIA,0.42,14.08,76.0,6385.0
Europe,Spain,Bilbao Airport,BIO,0.13,10.23,57.0,4686.0
Europe,France,Biarritz Pays Basque Airport,BIQ,0.12,8.9,51.0,4080.0
Africa,Algeria,Soummam - Abane Ramdane Airport,BJA,0.05,3.47,21.0,1587.0
Asia,Turkey,Milas-Bodrum Airport,BJV,0.02,0.95,9.0,435.0
Asia,Thailand,Suvarnabhumi Airport,BKK,0.05,3.62,21.0,1659.0
Africa,Mali,Bamako-Senou International Airport,BKO,0.01,0.79,6.0,363.0
Africa,Algeria,Mostepha Ben Boulaid Airport,BLJ,0.02,0.23,6.0,102.0
Europe,Denmark,Billund Airport,BLL,0.1,8.05,42.0,3687.0
Europe,Italy,Bologna Guglielmo Marconi Airport,BLQ,0.11,9.92,51.0,4545.0
Asia,India,Kempegowda International Airport,BLR,0.02,1.92,12.0,879.0
Europe,France,Bordeaux-Merignac Airport,BOD,0.16,12.15,69.0,5562.0
Americas,Colombia,El Dorado International Airport,BOG,0.03,1.99,12.0,909.0
Europe,Bulgaria,Burgas Airport,BOJ,0.02,0.83,6.0,381.0
Asia,India,Chhatrapati Shivaji International Airport,BOM,0.03,2.4,15.0,1095.0
Americas,Caribbean Netherlands,Flamingo International Airport,BON,0.03,2.0,12.0,915.0
Europe,Norway,Bodo Airport,BOO,0.13,10.66,54.0,4878.0
Americas,United States,Logan International Airport,BOS,0.18,15.37,84.0,7038.0
Europe,Germany,Bremen Airport,BRE,0.04,3.84,18.0,1758.0
Europe,Italy,Bari Karol Wojtyla Airport,BRI,0.11,11.06,54.0,5061.0
Europe,England,Bristol Airport,BRS,0.1,8.91,42.0,4080.0
Europe,Belgium,Brussels Airport (Zaventem Airport),BRU,0.11,8.53,48.0,3909.0
Africa,Algeria,Biskra Airport,BSK,0.01,0.47,3.0,213.0
Europe,France,EuroAirport Basel Mulhouse Freiburg,BSL,0.07,6.55,33.0,2997.0
Europe,Switzerland,EuroAirport Basel Mulhouse Freiburg,BSL,0.07,6.55,33.0,2997.0
Europe,Hungary,Budapest Ferenc Liszt International Airport,BUD,0.1,9.71,48.0,4446.0
Africa,Republic of the Congo,Maya-Maya Airport,BZV,0.02,1.62,9.0,744.0
Europe,Italy,Cagliari Elmas Airport,CAG,0.03,1.73,12.0,795.0
Africa,Egypt,Cairo International Airport,CAI,0.07,7.03,36.0,3219.0
Asia,China,Guangzhou Baiyun International Airport,CAN,0.02,1.96,12.0,897.0
Americas,French Guiana,Cayenne - Felix Eboue Airport,CAY,0.02,1.76,12.0,807.0
Europe,France,Paris Charles de Gaulle Airport,CDG,14.43,1119.21,5029.0,444591.0
Africa,Algeria,Chlef International Airport,CFK,0.01,0.28,3.0,129.0
Europe,Greece,Corfu International Airport (Ioannis Kapodistrias Int'l Airport),CFU,0.04,3.32,21.0,1515.0
Asia,Indonesia,Soekarno–Hatta International Airport,CGK,0.02,1.61,9.0,738.0
Europe,Greece,Chania International Airport,CHQ,0.04,2.05,20.0,947.0
Asia,China,Chongqing Jiangbei International Airport,CKG,0.01,0.29,3.0,135.0
Africa,Guinea,Ahmed Sékou Touré International Airport,CKY,0.01,1.11,6.0,510.0
Europe,Romania,Cluj-Napoca International Airport,CLJ,0.03,2.58,12.0,1182.0
Americas,United States,Charlotte Douglas International Airport,CLT,0.02,0.61,6.0,275.0
Asia,Sri Lanka,Bandaranaike International Airport,CMB,0.01,0.43,3.0,198.0
Africa,Morocco,Mohammed V International Airport,CMN,0.49,15.49,111.0,10263.0
Africa,Benin,Cadjehoun Airport,COO,0.02,1.46,12.0,669.0
Americas,Argentina,Ingeniero Aeronautico Ambrosio L.V. Taravella International Airport (Pajas Blancas),COR,0.01,0.05,3.0,14.0
Europe,Denmark,Copenhagen Airport,CPH,1.78,120.65,611.0,45390.0
Africa,South Africa,Cape Town International Airport,CPT,0.01,1.03,6.0,471.0
Europe,Belgium,Brussels South Charleroi Airport,CRL,0.52,1.35,8.0,524.0
Europe,Italy,Catania-Fontanarossa Airport,CTA,0.19,16.96,87.0,7770.0
Americas,Colombia,Rafael Nunez International Airport,CTG,0.01,1.0,6.0,459.0
Americas,Mexico,Cancun International Airport,CUN,0.03,0.91,12.0,480.0
Americas,United States,Cincinnati/Northern Kentucky International Airport,CVG,0.01,0.86,6.0,393.0
Europe,Wales,Cardiff Airport,CWL,0.03,3.1,15.0,1419.0
Africa,Algeria,Mohamed Boudiaf International Airport,CZL,0.03,1.85,12.0,846.0
Africa,Tanzania,Julius Nyerere International Airport,DAR,0.01,1.23,6.0,564.0
Europe,Croatia,Dubrovnik Airport,DBV,0.05,4.31,24.0,1974.0
Asia,India,Indira Gandhi International Airport,DEL,0.06,4.53,24.0,2073.0
Americas,United States,Denver International Airport,DEN,0.01,0.5,3.0,231.0
Americas,United States,Dallas/Fort Worth International Airport,DFW,0.03,2.79,15.0,1275.0
Africa,Tunisia,Djerba-Zarzis International Airport,DJE,0.1,8.76,45.0,4011.0
Africa,Cameroon,Douala International Airport,DLA,0.01,1.02,6.0,465.0
Asia,Turkey,Dalaman Airport,DLM,0.01,0.99,6.0,453.0
Asia,Saudi Arabia,King Fahd International Airport,DMM,0.01,0.96,6.0,438.0
Asia,Qatar,Hamad International Airport,DOH,0.06,5.68,27.0,2601.0
Africa,Senegal,Blaise Diagne International Airport,DSS,0.03,2.27,12.0,1041.0
Americas,United States,Detroit Metro Wayne County Airport,DTW,0.44,10.11,63.0,4788.0
Europe,Ireland,Dublin Airport,DUB,1.28,39.28,391.0,16413.0
Europe,Germany,Dusseldorf Airport,DUS,0.11,10.17,51.0,4656.0
Asia,United Arab Emirates,Dubai International Airport,DXB,0.09,7.72,39.0,3537.0
Africa,Mayotte,Dzaoudzi-Pamandzi International Airport,DZA,0.01,0.89,6.0,408.0
Africa,Uganda,Entebbe International Airport,EBB,0.01,1.09,6.0,501.0
Asia,Iraq,Erbil International Airport,EBL,0.01,0.28,3.0,126.0
Europe,Scotland,Edinburgh Airport,EDI,0.16,13.53,69.0,6195.0
Europe,Greece,Kefalonia International Airport,EFL,0.03,0.83,12.0,378.0
Asia,Turkey,Ankara Esenboğa Airport,ESB,0.03,1.45,12.0,663.0
Asia,Armenia,Zvartnots International Airport,EVN,0.04,2.16,15.0,963.0
Americas,United States,Newark Liberty International Airport,EWR,0.27,7.22,45.0,3274.0
Europe,England,Exeter International Airport,EXT,0.01,1.0,6.0,459.0
Americas,Argentina,Ministro Pistarini International Airport,EZE,0.03,2.01,15.0,919.0
Europe,Faroe Islands,Vagar Airport,FAE,0.08,4.78,30.0,2187.0
Europe,Portugal,Faro Airport,FAO,0.1,7.74,42.0,3546.0
Europe,Italy,Rome–Fiumicino International Airport,FCO,2.28,164.79,869.0,66997.0
Americas,Martinique,Martinique Aime Cesaire International Airport,FDF,0.05,4.12,24.0,1890.0
Africa,Morocco,Fes-Saiss Airport,FEZ,0.05,2.18,18.0,958.0
Africa,Democratic Republic of the Congo,N'djili Airport,FIH,0.01,0.98,6.0,450.0
Europe,Italy,Florence Airport,FLR,0.21,17.8,95.0,8148.0
Europe,Portugal,Madeira Airport,FNC,0.06,3.54,27.0,1620.0
Americas,Brazil,Pinto Martins - Fortaleza International Airport,FOR,0.01,0.45,3.0,204.0
Europe,Germany,Frankfurt Airport,FRA,1.29,41.37,396.0,16902.0
Europe,France,Figari-Sud Corse Airport,FSC,0.13,9.01,57.0,4119.0
Americas,Saint Pierre and Miquelon,Saint-Pierre Airport,FSP,0.01,0.09,3.0,39.0
Europe,Spain,Fuerteventura Airport,FUE,0.03,1.96,15.0,894.0
Europe,Poland,Gdansk Lech Walesa Airport,GDN,0.04,3.87,18.0,1773.0
Americas,Guyana,Cheddi Jagan International Airport,GEO,0.01,0.25,3.0,114.0
Americas,Brazil,Galeao-Antonio Carlos Jobim International Airport,GIG,0.02,2.06,12.0,945.0
Europe,Scotland,Glasgow Airport,GLA,0.09,7.0,39.0,3207.0
Europe,Italy,Genoa Cristoforo Colombo Airport,GOA,0.07,5.99,30.0,2742.0
Europe,Sweden,Goteborg Landvetter Airport,GOT,0.1,8.08,42.0,3702.0
Europe,Spain,Girona-Costa Brava Airport,GRO,0.01,0.92,6.0,423.0
Americas,Brazil,Guarulhos International Airport,GRU,0.04,4.0,21.0,1830.0
Europe,Spain,Federico Garcia Lorca Airport (Granada Jaen Airport),GRX,0.01,0.57,3.0,261.0
Asia,Kazakhstan,Atyrau Airport,GUW,0.01,0.39,3.0,177.0
Europe,Switzerland,Geneva Airport,GVA,0.16,15.19,75.0,6957.0
Asia,Azerbaijan,Heydar Aliyev International Airport,GYD,0.01,0.43,3.0,198.0
Americas,Ecuador,Jose Joaquin de Olmedo International Airport,GYE,0.01,0.87,6.0,399.0
Asia,Turkey,Gazipasa-Alanya Airport,GZP,0.01,0.78,6.0,357.0
Europe,Germany,Hannover Airport,HAJ,0.07,6.27,33.0,2868.0
Europe,Germany,Hamburg Airport,HAM,0.11,10.31,51.0,4722.0
Asia,Vietnam,Noi Bai International Airport,HAN,0.01,1.0,6.0,459.0
Europe,Norway,Haugesund Airport,HAU,0.04,3.13,18.0,1434.0
Americas,Cuba,Jose Marti International Airport,HAV,0.02,0.79,6.0,360.0
Europe,Finland,Helsinki Airport (Helsinki-Vantaa Airport),HEL,1.33,51.12,412.0,19241.0
Europe,Greece,Heraklion International Airport (Nikos Kazantzakis Airport),HER,0.14,10.23,60.0,4689.0
Asia,Hong Kong,Hong Kong International Airport (Chek Lap Kok Airport),HKG,0.05,3.85,21.0,1761.0
Asia,Japan,Haneda Airport,HND,0.05,4.13,21.0,1893.0
Africa,Egypt,Hurghada International Airport,HRG,0.04,2.74,18.0,1257.0
Europe,England,Humberside Airport,HUY,0.03,2.99,15.0,1371.0
Americas,United States,Washington Dulles International Airport,IAD,0.1,7.35,42.0,3316.0
Americas,United States,George Bush Intercontinental Airport,IAH,0.04,3.01,18.0,1377.0
Europe,Romania,Iasi International Airport,IAS,0.03,2.79,15.0,1278.0
Europe,Spain,Ibiza Airport,IBZ,0.16,12.77,69.0,5853.0
Asia,South Korea,Incheon International Airport,ICN,0.06,5.29,27.0,2424.0
Europe,Austria,Innsbruck Airport (Kranebitten Airport),INN,0.01,0.28,3.0,129.0
Europe,Scotland,Inverness Airport,INV,0.03,2.46,12.0,1125.0
Europe,Isle of Man,Isle of Man Airport,IOM,0.01,0.98,6.0,450.0
Asia,Pakistan,Islamabad International Airport,ISB,0.01,0.29,3.0,135.0
Asia,Turkey,Istanbul Ataturk Airport,IST,0.34,17.62,121.0,10754.0
Asia,Saudi Arabia,King Abdulaziz International Airport,JED,0.04,2.65,18.0,1215.0
Europe,Jersey,Jersey Airport,JER,0.01,0.28,3.0,126.0
Americas,United States,John F. Kennedy International Airport,JFK,0.59,41.96,259.0,22596.0
Africa,Djibouti,Djibouti-Ambouli International Airport,JIB,0.01,0.14,3.0,66.0
Europe,Greece,Mykonos Island National Airport,JMK,0.04,2.27,15.0,1035.0
Africa,South Africa,O. R. Tambo International Airport,JNB,0.02,2.0,12.0,918.0
Africa,Tanzania,Kilimanjaro International Airport,JRO,0.01,0.37,3.0,171.0
Europe,Greece,Skiathos Island National Airport,JSI,0.01,0.12,3.0,54.0
Europe,Greece,Santorini (Thira) National Airport,JTR,0.05,2.66,18.0,1221.0
Europe,Finland,Kuusamo Airport,KAO,0.01,0.83,6.0,378.0
Europe,Iceland,Keflavík International Airport,KEF,0.12,10.38,54.0,4752.0
Africa,Rwanda,Kigali International Airport (Kanombe Airport),KGL,0.01,0.43,3.0,195.0
Europe,Greece,Kos Island International Airport,KGS,0.05,2.69,18.0,1236.0
Asia,Japan,Kansai International Airport,KIX,0.03,1.47,15.0,676.0
Europe,Greece,Kalamata International Airport,KLX,0.02,0.89,6.0,408.0
Europe,Poland,John Paul II International Airport Krakow-Balice,KRK,0.09,8.14,42.0,3729.0
Europe,Norway,Kristiansand Airport,KRS,0.11,8.42,45.0,3855.0
Europe,Norway,Kristiansund Airport,KSU,0.05,3.75,21.0,1719.0
Europe,Finland,Kittila Airport,KTT,0.01,1.16,6.0,531.0
Europe,Russia,Kurumoch International Airport,KUF,0.01,0.29,3.0,132.0
Asia,Malaysia,Kuala Lumpur International Airport,KUL,0.02,1.99,12.0,912.0
Europe,Finland,Kuopio Airport,KUO,0.01,0.96,6.0,441.0
Asia,Kuwait,Kuwait International Airport,KWI,0.03,1.32,12.0,606.0
Asia,Turkey,Konya Airport,KYA,0.01,0.38,3.0,174.0
Africa,Angola,Quatro de Fevereiro Airport,LAD,0.01,0.99,6.0,453.0
Americas,United States,Harry Reid International Airport,LAS,0.03,2.43,15.0,1110.0
Americas,United States,Los Angeles International Airport,LAX,0.16,12.84,96.0,8807.0
Europe,England,Leeds Bradford Airport,LBA,0.04,3.73,21.0,1707.0
Africa,Gabon,Léon-Mba International Airport,LBV,0.01,1.0,6.0,459.0
Asia,Cyprus,Larnaca International Airport,LCA,0.03,2.31,15.0,1062.0
Europe,Spain,A Coruna Airport,LCG,0.03,3.13,15.0,1431.0
Europe,England,London City Airport,LCY,0.12,10.9,54.0,4992.0
Europe,Northern Ireland,City of Derry Airport,LDY,0.03,2.8,15.0,1281.0
Europe,Russia,Pulkovo Airport,LED,0.01,0.29,3.0,135.0
Africa,Togo,Lome-Tokoin Airport (Gnassingbe Eyadema Int'l),LFW,0.01,1.0,6.0,456.0
Europe,England,Gatwick Airport,LGW,0.14,11.29,60.0,5169.0
Asia,Pakistan,Allama Iqbal International Airport,LHE,0.01,0.11,3.0,34.0
Europe,England,Heathrow Airport,LHR,1.74,111.45,615.0,43765.0
Europe,France,Limoges - Bellegarde Airport,LIG,0.02,1.35,9.0,618.0
Europe,France,Lille Airport (Lille-Lesquin Airport),LIL,0.01,0.01,5.0,5.0
Americas,Peru,Jorge Chavez International Airport,LIM,0.03,2.21,15.0,1007.0
Europe,Italy,Milan-Linate Airport,LIN,1.64,89.86,552.0,35789.0
Europe,Portugal,Lisbon Portela Airport,LIS,1.35,44.61,420.0,18941.0
Europe,Slovenia,Ljubljana Joze Pucnik Airport (Brnik Airport),LJU,0.04,3.13,18.0,1431.0
Europe,Sweden,Lulea Airport (Kallax Airport),LLA,0.06,5.71,27.0,2616.0
Africa,Nigeria,Murtala Muhammed International Airport,LOS,0.02,2.02,12.0,924.0
Europe,Spain,Gran Canaria Airport,LPA,0.08,6.59,36.0,3018.0
Europe,England,Liverpool John Lennon Airport,LPL,0.02,1.51,9.0,693.0
Europe,England,London Luton Airport,LTN,0.08,7.42,36.0,3399.0
Europe,Luxembourg,Luxembourg Findel Airport,LUX,0.07,5.76,30.0,2637.0
Africa,Egypt,Luxor International Airport,LXR,0.01,0.16,3.0,75.0
Europe,France,Lyon-Saint-Exupery Airport,LYS,1.66,82.37,544.0,31466.0
Europe,Spain,Adolfo Suarez Madrid-Barajas Airport,MAD,1.91,108.37,651.0,43070.0
Europe,Spain,Menorca Airport (Mahon Airport),MAH,0.06,3.1,21.0,1419.0
Europe,England,Manchester Airport,MAN,1.25,35.1,377.0,14081.0
Africa,Kenya,Moi International Airport,MBA,0.01,0.27,3.0,123.0
Americas,United States,Orlando International Airport,MCO,0.06,4.04,24.0,1845.0
Asia,Oman,Muscat International Airport,MCT,0.02,0.97,6.0,447.0
Asia,Saudi Arabia,Prince Mohammad bin Abdulaziz Airport,MED,0.01,0.01,6.0,8.0
Americas,Mexico,Mexico City International Airport,MEX,0.06,5.2,27.0,2382.0
Americas,United States,Miami International Airport,MIA,0.06,4.16,24.0,1905.0
Africa,Tunisia,Monastir Habib Bourguiba International Airport,MIR,0.06,4.97,27.0,2205.0
Europe,Greece,Mytilene International Airport,MJT,0.01,0.83,6.0,378.0
Europe,Malta,Malta International Airport (Luqa Airport),MLA,0.09,7.0,39.0,3201.0
Europe,England,Teesside International Airport,MME,0.03,2.45,12.0,1122.0
Europe,Sweden,Malmo Airport,MMX,0.05,4.61,24.0,2112.0
Asia,Philippines,Ninoy Aquino International Airport / Villamor Air Base,MNL,0.01,0.43,3.0,195.0
Europe,France,Marseille Provence Airport,MRS,1.27,50.46,390.0,19141.0
Africa,Mauritius,Sir Seewoosagur Ramgoolam International Airport,MRU,0.03,2.23,12.0,1020.0
Americas,United States,Minneapolis-Saint Paul International Airport (Wold-Chamberlain Field),MSP,0.1,8.42,45.0,3855.0
Europe,Netherlands,Maastricht Aachen Airport,MST,0.01,0.14,5.0,105.0
Americas,Mexico,General Mariano Escobedo International Airport,MTY,0.01,0.43,3.0,195.0
Europe,Germany,Munich Airport,MUC,1.24,37.46,373.0,15145.0
Europe,Italy,Milan-Malpensa Airport,MXP,0.18,15.32,78.0,7014.0
Europe,Italy,Naples International Airport,NAP,0.19,16.48,84.0,7542.0
Africa,Tunisia,Enfidha-Hammamet International Airport,NBE,0.01,0.32,3.0,147.0
Africa,Kenya,Jomo Kenyatta International Airport,NBO,0.05,4.83,24.0,2211.0
Europe,France,Nice Cote d'Azur Airport,NCE,1.57,84.53,531.0,33578.0
Europe,England,Newcastle Airport,NCL,0.09,8.02,42.0,3672.0
Africa,Morocco,Nador International Airport,NDR,0.02,1.29,9.0,594.0
Africa,Mauritania,Nouakchott-Oumtounsy International Airport,NKC,0.01,0.54,3.0,249.0
Asia,China,Nanjing Lukou International Airport,NKG,0.01,0.08,3.0,36.0
Asia,Japan,Narita International Airport,NRT,0.01,1.02,6.0,465.0
Africa,Cameroon,Yaounde Nsimalen International Airport,NSI,0.01,0.86,6.0,396.0
Europe,France,Nantes Atlantique Airport,NTE,0.11,9.47,51.0,4341.0
Europe,Germany,Nuremberg Airport,NUE,0.07,6.12,30.0,2805.0
Europe,England,Norwich International Airport,NWI,0.05,3.97,21.0,1818.0
Europe,North Macedonia,Ohrid St. Paul the Apostle Airport,OHD,0.02,0.58,6.0,267.0
Europe,Italy,Olbia Costa Smeralda Airport,OLB,0.06,4.76,27.0,2178.0
Europe,Romania,Oradea International Airport,OMR,0.01,1.0,6.0,456.0
Europe,Portugal,Francisco Sá Carneiro Airport,OPO,1.21,26.57,353.0,11402.0
Americas,United States,Chicago O'Hare International Airport,ORD,0.07,4.99,30.0,2246.0
Europe,Ireland,Cork Airport,ORK,0.04,3.37,18.0,1542.0
Africa,Algeria,Oran Es Senia Airport,ORN,0.08,6.71,36.0,3074.0
Europe,France,Aéroport de Paris-Orly,ORY,5.28,408.63,2185.0,180266.0
Europe,Sweden,Are Ostersund Airport,OSD,0.02,1.93,9.0,885.0
Europe,Norway,Oslo Airport,OSL,1.6,99.54,535.0,37821.0
Europe,Romania,Bucharest Henri Coandă International Airport,OTP,1.3,48.79,400.0,18485.0
Africa,Morocco,Angads Airport,OUD,0.05,4.06,21.0,1860.0
Europe,Finland,Oulu Airport,OUL,0.02,1.94,9.0,888.0
Europe,Spain,Asturias Airport (Oviedo Airport),OVD,0.02,1.08,9.0,498.0
Africa,Morocco,Ouarzazate Airport,OZZ,0.01,0.29,3.0,132.0
Americas,Suriname,Johan Adolf Pengel International Airport,PBM,0.02,1.43,9.0,654.0
Europe,Portugal,Joao Paulo II Airport,PDL,0.02,0.83,6.0,381.0
Americas,United States,Portland International Airport,PDX,0.01,0.86,6.0,393.0
Asia,China,Beijing Capital International Airport,PEK,0.04,3.73,21.0,1704.0
Oceania,Australia,Perth Airport,PER,0.01,0.44,3.0,201.0
Asia,Cyprus,Paphos International Airport,PFO,0.02,0.78,6.0,360.0
Europe,France,Perpignan-Rivesaltes Airport,PGF,0.03,2.8,15.0,1281.0
Americas,United States,Philadelphia International Airport,PHL,0.02,2.03,12.0,930.0
Americas,United States,Phoenix Sky Harbor International Airport,PHX,0.01,0.71,6.0,327.0
Asia,China,Daxing International Airport,PKX,0.01,1.0,6.0,456.0
Europe,Lithuania,Palanga International Airport,PLQ,0.05,3.06,21.0,1401.0
Europe,Spain,Palma de Mallorca Airport,PMI,1.29,31.94,377.0,13325.0
Europe,Italy,Falcone-Borsellino Airport (Punta Raisi Airport),PMO,0.18,15.18,78.0,6942.0
Africa,Republic of the Congo,Pointe Noire Airport,PNR,0.01,0.75,6.0,342.0
Americas,Trinidad and Tobago,Piarco International Airport,POS,0.01,0.73,6.0,333.0
Europe,Poland,Poznań–Ławica Henryk Wieniawski Airport,POZ,0.03,1.99,12.0,909.0
Europe,Czech Republic,Vaclav Havel Airport Prague,PRG,0.15,14.19,69.0,6498.0
Europe,Kosovo,Pristina Adem Jashari Airport,PRN,0.01,0.26,3.0,117.0
Europe,Italy,Pisa International Airport (Galileo Galilei Airport),PSA,0.04,2.37,18.0,1086.0
Americas,Guadeloupe,Pointe-a-Pitre International Airport (Le Raizet Airport),PTP,0.05,4.55,24.0,2082.0
Americas,Panama,Tocumen International Airport,PTY,0.03,1.78,15.0,816.0
Europe,France,Pau Pyrenees Airport,PUF,0.06,5.34,27.0,2445.0
Americas,Dominican Republic,Punta Cana International Airport,PUJ,0.02,0.42,6.0,181.0
Europe,Croatia,Pula Airport,PUY,0.01,0.14,3.0,63.0
Asia,China,Shanghai Pudong International Airport,PVG,0.06,4.71,27.0,2157.0
Europe,Greece,Aktion National Airport,PVK,0.03,1.68,12.0,771.0
Europe,Portugal,Porto Santo Airport,PXO,0.01,0.01,7.0,6.0
Africa,Algeria,Ain Arnat Airport,QSF,0.02,1.21,9.0,555.0
Europe,Italy,Salerno Costa d'Amalfi Airport (Pontecagnano Airport),QSR,0.01,0.14,3.0,63.0
Africa,Morocco,Marrakesh Menara Airport,RAK,0.16,13.62,69.0,6234.0
Africa,Morocco,Rabat-Sale Airport,RBA,0.08,6.99,36.0,3201.0
Americas,United States,Raleigh-Durham International Airport,RDU,0.01,0.92,6.0,420.0
Europe,France,Rodez-Marcillac Airport,RDZ,0.02,1.57,9.0,717.0
Europe,Spain,Reus Airport,REU,0.01,0.28,3.0,129.0
Europe,Greece,Rhodes International Airport,RHO,0.09,4.53,33.0,2076.0
Europe,Latvia,Riga International Airport,RIX,0.53,12.74,68.0,5806.0
Africa,Egypt,Marsa Alam International Airport,RMF,0.01,0.53,3.0,243.0
Europe,Moldova,Chisinau International Airport,RMO,0.06,3.15,21.0,1443.0
Asia,Saudi Arabia,King Khalid International Airport,RUH,0.03,1.91,12.0,837.0
Europe,Finland,Rovaniemi Airport,RVN,0.02,1.53,9.0,699.0
Americas,United States,San Diego International Airport,SAN,0.01,0.43,3.0,198.0
Asia,Turkey,Sabiha Gokcen International Airport,SAW,0.1,8.8,45.0,4029.0
Americas,Chile,Arturo Merino Benítez International Airport,SCL,0.01,1.09,6.0,498.0
Europe,Spain,Santiago de Compostela Airport,SCQ,0.02,0.88,6.0,399.0
Europe,Romania,Suceava International Airport (Stefan cel Mare Int'l),SCV,0.02,1.38,9.0,633.0
Europe,Sweden,Sundsvall-Timra Airport (Midlanda Airport),SDL,0.01,1.26,6.0,579.0
Americas,Dominican Republic,Las Americas International Airport,SDQ,0.01,0.16,3.0,72.0
Europe,Spain,Santander Airport,SDR,0.01,0.01,7.0,12.0
Americas,United States,Seattle-Tacoma International Airport,SEA,0.09,5.96,36.0,2701.0
Europe,England,London Southend Airport,SEN,0.02,1.14,6.0,519.0
Africa,Tunisia,Sfax-Thyna International Airport,SFA,0.01,0.89,6.0,408.0
Americas,Greenland,Kangerlussuaq Airport,SFJ,0.01,0.06,3.0,27.0
Americas,United States,San Francisco International Airport,SFO,0.11,8.24,48.0,3721.0
Asia,Vietnam,Tan Son Nhat International Airport,SGN,0.02,1.04,9.0,477.0
Africa,Cape Verde,Amilcar Cabral International Airport,SID,0.02,1.5,9.0,687.0
Asia,Singapore,Singapore Changi Airport,SIN,0.08,6.46,36.0,2955.0
Europe,Bosnia and Herzegovina,Sarajevo International Airport,SJJ,0.26,1.0,7.0,460.0
Americas,Costa Rica,Juan Santamaria International Airport,SJO,0.01,0.79,6.0,363.0
Europe,Greece,Thessaloniki Airport,SKG,0.31,4.35,28.0,2020.0
Europe,North Macedonia,Skopje Alexander the Great Airport,SKP,0.28,2.25,16.0,1138.0
Americas,United States,Salt Lake City International Airport,SLC,0.04,3.26,21.0,1494.0
Europe,Greece,Samos International Airport,SMI,0.02,1.4,9.0,639.0
Europe,Ireland,Shannon Airport,SNN,0.01,0.29,3.0,132.0
Europe,Bulgaria,Sofia Airport,SOF,0.09,7.67,45.0,3513.0
Europe,England,Southampton Airport,SOU,0.04,3.49,18.0,1599.0
Europe,Spain,La Palma Airport,SPC,0.01,0.14,3.0,66.0
Europe,Croatia,Split Airport,SPU,0.07,6.82,33.0,3120.0
Americas,Brazil,Deputado Luis Eduardo Magalhaes International Airport,SSA,0.02,0.5,6.0,217.0
Europe,England,London Stansted Airport,STN,0.01,1.09,6.0,498.0
Europe,Germany,Stuttgart Airport,STR,0.07,6.67,33.0,3054.0
Europe,Italy,Lamezia Terme International Airport,SUF,0.07,5.15,30.0,2355.0
Europe,Romania,Satu Mare International Airport,SUJ,0.01,0.3,3.0,138.0
Europe,Norway,Stavanger Airport,SVG,0.18,16.17,81.0,7404.0
Europe,Russia,Sheremetyevo Alexander S. Pushkin International Airport,SVO,0.03,0.79,9.0,363.0
Europe,Spain,Seville Airport,SVQ,0.07,6.02,33.0,2757.0
Americas,Sint Maarten,Princess Juliana International Airport,SXM,0.01,0.94,6.0,432.0
Europe,Austria,Salzburg Airport,SZG,0.01,0.29,3.0,132.0
Asia,China,Shenzhen Bao'an International Airport,SZX,0.01,0.29,3.0,132.0
Asia,Uzbekistan,Tashkent International Airport,TAS,0.01,0.29,3.0,132.0
Europe,Estonia,Tartu Airport,TAY,0.01,0.86,6.0,393.0
Asia,Georgia,Tbilisi International Airport,TBS,0.03,1.76,15.0,804.0
Europe,Spain,Tenerife North Airport,TFN,0.03,2.72,15.0,1245.0
Europe,Spain,Tenerife South Airport,TFS,0.05,3.89,21.0,1782.0
Asia,China,Chengdu Tianfu International Airport,TFU,0.01,0.14,5.0,88.0
Europe,Montenegro,Podgorica Airport,TGD,0.29,3.79,22.0,1737.0
Europe,Albania,Tirana International Airport,TIA,0.33,4.96,40.0,2341.0
Europe,Montenegro,Tivat Airport,TIV,0.27,1.45,10.0,667.0
Europe,Finland,Turku Airport,TKU,0.02,1.54,9.0,705.0
Europe,Estonia,Tallinn Airport (Lennart Meri Tallinn Airport),TLL,0.16,11.56,69.0,5292.0
Africa,Algeria,Zenata - Messali El Hadj Airport,TLM,0.02,1.57,9.0,717.0
Europe,France,Toulon-Hyeres Airport (Hyeres Le Palyvestre Airport),TLN,0.03,2.72,15.0,1245.0
Europe,France,Toulouse-Blagnac Airport,TLS,1.29,54.19,390.0,20114.0
Asia,Israel,Ben Gurion Airport,TLV,0.12,10.11,54.0,4612.0
Europe,Finland,Tampere-Pirkkala Airport,TMP,0.02,1.84,9.0,843.0
Africa,Morocco,Tangier Ibn Battouta Airport,TNG,0.06,4.8,27.0,2199.0
Africa,Madagascar,Ivato International Airport,TNR,0.01,0.94,6.0,432.0
Europe,Norway,Tromse Airport,TOS,0.37,9.43,52.0,4261.0
Americas,United States,Tampa International Airport,TPA,0.02,1.58,9.0,720.0
Asia,Taiwan,Taiwan Taoyuan International Airport,TPE,0.04,2.98,18.0,1365.0
Europe,Norway,Trondheim Airport,TRD,1.23,38.05,370.0,14716.0
Europe,Norway,Sandefjord Airport,TRF,0.03,2.71,18.0,1239.0
Europe,Italy,Turin Airport (Caselle Airport),TRN,0.1,7.77,42.0,3558.0
Europe,Italy,Trieste - Friuli Venezia Giulia Airport,TRS,0.04,3.2,18.0,1464.0
Europe,Romania,Timisoara Traian Vuia International Airport,TSR,0.03,2.47,12.0,1131.0
Africa,Morocco,Sania Ramel Airport,TTU,0.01,0.27,3.0,123.0
Africa,Tunisia,Tunis–Carthage International Airport,TUN,0.18,16.78,84.0,7686.0
Europe,Sweden,Umea Airport,UME,0.05,4.48,21.0,2049.0
Europe,Finland,Vaasa Airport,VAA,0.02,2.21,12.0,1011.0
Europe,Bulgaria,Varna Airport,VAR,0.06,3.95,24.0,1806.0
Europe,Sweden,Visby Airport,VBY,0.06,5.71,27.0,2616.0
Europe,Italy,Venice Marco Polo Airport,VCE,0.19,16.22,84.0,7425.0
Americas,Brazil,Viracopos-Campinas International Airport,VCP,0.01,1.01,6.0,462.0
Europe,Spain,Vigo-Peinador Airport,VGO,0.05,3.99,21.0,1827.0
Europe,Austria,Vienna International Airport,VIE,0.19,17.46,84.0,7995.0
Africa,Morocco,Dakhla Airport,VIL,0.01,0.44,6.0,268.0
Europe,Spain,Valencia Airport,VLC,0.16,13.39,69.0,6129.0
Europe,Lithuania,Vilnius Airport,VNO,0.1,8.07,45.0,3693.0
Europe,Russia,Volgograd International Airport,VOG,0.01,0.13,3.0,60.0
Europe,Greece,Nea Anchialos National Airport,VOL,0.01,0.14,3.0,63.0
Europe,Italy,Verona Villafranca Airport,VRN,0.03,2.59,15.0,1185.0
Africa,Cape Verde,Cesaria Evora Airport,VXE,0.01,0.14,5.0,84.0
Europe,Poland,Warsaw Chopin Airport,WAW,0.17,15.51,75.0,7101.0
Europe,Poland,Copernicus Airport Wroclaw,WRO,0.03,1.99,12.0,912.0
Asia,China,Xi'an Xianyang International Airport,XIY,0.01,0.14,5.0,84.0
Asia,China,Xiamen Gaoqi International Airport,XMN,0.02,1.21,9.0,552.0
Americas,Canada,Edmonton International Airport,YEG,0.01,0.75,6.0,345.0
Americas,Canada,Halifax Stanfield International Airport,YHZ,0.02,1.32,9.0,606.0
Americas,Canada,Ottawa Macdonald-Cartier International Airport,YOW,0.01,0.91,6.0,417.0
Americas,Canada,Quebec City Jean Lesage International Airport,YQB,0.01,1.0,6.0,459.0
Americas,Canada,Montréal-Pierre Elliott Trudeau International Airport,YUL,0.1,9.66,48.0,4419.0
Americas,Canada,Vancouver International Airport,YVR,0.02,1.86,12.0,849.0
Americas,Canada,Calgary International Airport,YYC,0.02,2.0,12.0,915.0
Americas,Canada,St. John's International Airport,YYT,0.01,0.16,5.0,96.0
Americas,Canada,Toronto Pearson International Airport,YYZ,0.1,8.82,45.0,4035.0
Europe,Croatia,Zagreb Airport,ZAG,0.06,5.49,27.0,2517.0
Europe,Switzerland,Zurich Airport,ZRH,0.19,18.45,87.0,8448.0
Europe,Greece,Zakynthos International Airport (Dionysios SolomosAirport),ZTH,0.04,3.48,18.0,1593.0
